FILE_TYPE=LIBRARY_PARTS;
primitive 'XC7A100T-FGG484PKG';
  pin
    'DONE_0':
      PIN_NUMBER='(G11,0,0,0,0,0,0,0,0,0)';
      PINUSE='UNSPEC';
      NO_LOAD_CHECK='Both';
      NO_IO_CHECK='Both';
      NO_ASSERT_CHECK='TRUE';
      NO_DIR_CHECK='TRUE';
      ALLOW_CONNECT='TRUE';
    'TCK_0':
      PIN_NUMBER='(V12,0,0,0,0,0,0,0,0,0)';
      PINUSE='UNSPEC';
      NO_LOAD_CHECK='Both';
      NO_IO_CHECK='Both';
      NO_ASSERT_CHECK='TRUE';
      NO_DIR_CHECK='TRUE';
      ALLOW_CONNECT='TRUE';
    'VCCBATT_0':
      PIN_NUMBER='(E12,0,0,0,0,0,0,0,0,0)';
      PINUSE='UNSPEC';
      NO_LOAD_CHECK='Both';
      NO_IO_CHECK='Both';
      NO_ASSERT_CHECK='TRUE';
      NO_DIR_CHECK='TRUE';
      ALLOW_CONNECT='TRUE';
    'VN_0':
      PIN_NUMBER='(M9,0,0,0,0,0,0,0,0,0)';
      PINUSE='UNSPEC';
      NO_LOAD_CHECK='Both';
      NO_IO_CHECK='Both';
      NO_ASSERT_CHECK='TRUE';
      NO_DIR_CHECK='TRUE';
      ALLOW_CONNECT='TRUE';
    'VREFP_0':
      PIN_NUMBER='(M10,0,0,0,0,0,0,0,0,0)';
      PINUSE='UNSPEC';
      NO_LOAD_CHECK='Both';
      NO_IO_CHECK='Both';
      NO_ASSERT_CHECK='TRUE';
      NO_DIR_CHECK='TRUE';
      ALLOW_CONNECT='TRUE';
    'GNDADC_0':
      PIN_NUMBER='(K9,0,0,0,0,0,0,0,0,0)';
      PINUSE='UNSPEC';
      NO_LOAD_CHECK='Both';
      NO_IO_CHECK='Both';
      NO_ASSERT_CHECK='TRUE';
      NO_DIR_CHECK='TRUE';
      ALLOW_CONNECT='TRUE';
    'VCCADC_0':
      PIN_NUMBER='(K10,0,0,0,0,0,0,0,0,0)';
      PINUSE='UNSPEC';
      NO_LOAD_CHECK='Both';
      NO_IO_CHECK='Both';
      NO_ASSERT_CHECK='TRUE';
      NO_DIR_CHECK='TRUE';
      ALLOW_CONNECT='TRUE';
    'DXP_0':
      PIN_NUMBER='(N10,0,0,0,0,0,0,0,0,0)';
      PINUSE='UNSPEC';
      NO_LOAD_CHECK='Both';
      NO_IO_CHECK='Both';
      NO_ASSERT_CHECK='TRUE';
      NO_DIR_CHECK='TRUE';
      ALLOW_CONNECT='TRUE';
    'CCLK_0':
      PIN_NUMBER='(L12,0,0,0,0,0,0,0,0,0)';
      PINUSE='UNSPEC';
      NO_LOAD_CHECK='Both';
      NO_IO_CHECK='Both';
      NO_ASSERT_CHECK='TRUE';
      NO_DIR_CHECK='TRUE';
      ALLOW_CONNECT='TRUE';
    'VP_0':
      PIN_NUMBER='(L10,0,0,0,0,0,0,0,0,0)';
      PINUSE='UNSPEC';
      NO_LOAD_CHECK='Both';
      NO_IO_CHECK='Both';
      NO_ASSERT_CHECK='TRUE';
      NO_DIR_CHECK='TRUE';
      ALLOW_CONNECT='TRUE';
    'VREFN_0':
      PIN_NUMBER='(L9,0,0,0,0,0,0,0,0,0)';
      PINUSE='UNSPEC';
      NO_LOAD_CHECK='Both';
      NO_IO_CHECK='Both';
      NO_ASSERT_CHECK='TRUE';
      NO_DIR_CHECK='TRUE';
      ALLOW_CONNECT='TRUE';
    'DXN_0':
      PIN_NUMBER='(N9,0,0,0,0,0,0,0,0,0)';
      PINUSE='UNSPEC';
      NO_LOAD_CHECK='Both';
      NO_IO_CHECK='Both';
      NO_ASSERT_CHECK='TRUE';
      NO_DIR_CHECK='TRUE';
      ALLOW_CONNECT='TRUE';
    'TDO_0':
      PIN_NUMBER='(U13,0,0,0,0,0,0,0,0,0)';
      PINUSE='UNSPEC';
      NO_LOAD_CHECK='Both';
      NO_IO_CHECK='Both';
      NO_ASSERT_CHECK='TRUE';
      NO_DIR_CHECK='TRUE';
      ALLOW_CONNECT='TRUE';
    'TDI_0':
      PIN_NUMBER='(R13,0,0,0,0,0,0,0,0,0)';
      PINUSE='UNSPEC';
      NO_LOAD_CHECK='Both';
      NO_IO_CHECK='Both';
      NO_ASSERT_CHECK='TRUE';
      NO_DIR_CHECK='TRUE';
      ALLOW_CONNECT='TRUE';
    'INIT_B_0':
      PIN_NUMBER='(U12,0,0,0,0,0,0,0,0,0)';
      PINUSE='UNSPEC';
      NO_LOAD_CHECK='Both';
      NO_IO_CHECK='Both';
      NO_ASSERT_CHECK='TRUE';
      NO_DIR_CHECK='TRUE';
      ALLOW_CONNECT='TRUE';
    'M1_0':
      PIN_NUMBER='(U10,0,0,0,0,0,0,0,0,0)';
      PINUSE='UNSPEC';
      NO_LOAD_CHECK='Both';
      NO_IO_CHECK='Both';
      NO_ASSERT_CHECK='TRUE';
      NO_DIR_CHECK='TRUE';
      ALLOW_CONNECT='TRUE';
    'M0_0':
      PIN_NUMBER='(U11,0,0,0,0,0,0,0,0,0)';
      PINUSE='UNSPEC';
      NO_LOAD_CHECK='Both';
      NO_IO_CHECK='Both';
      NO_ASSERT_CHECK='TRUE';
      NO_DIR_CHECK='TRUE';
      ALLOW_CONNECT='TRUE';
    'TMS_0':
      PIN_NUMBER='(T13,0,0,0,0,0,0,0,0,0)';
      PINUSE='UNSPEC';
      NO_LOAD_CHECK='Both';
      NO_IO_CHECK='Both';
      NO_ASSERT_CHECK='TRUE';
      NO_DIR_CHECK='TRUE';
      ALLOW_CONNECT='TRUE';
    'PROGRAM_B_0':
      PIN_NUMBER='(N12,0,0,0,0,0,0,0,0,0)';
      PINUSE='UNSPEC';
      NO_LOAD_CHECK='Both';
      NO_IO_CHECK='Both';
      NO_ASSERT_CHECK='TRUE';
      NO_DIR_CHECK='TRUE';
      ALLOW_CONNECT='TRUE';
    'CFGBVS_0':
      PIN_NUMBER='(U8,0,0,0,0,0,0,0,0,0)';
      PINUSE='UNSPEC';
      NO_LOAD_CHECK='Both';
      NO_IO_CHECK='Both';
      NO_ASSERT_CHECK='TRUE';
      NO_DIR_CHECK='TRUE';
      ALLOW_CONNECT='TRUE';
    'M2_0':
      PIN_NUMBER='(U9,0,0,0,0,0,0,0,0,0)';
      PINUSE='UNSPEC';
      NO_LOAD_CHECK='Both';
      NO_IO_CHECK='Both';
      NO_ASSERT_CHECK='TRUE';
      NO_DIR_CHECK='TRUE';
      ALLOW_CONNECT='TRUE';
    'VCCO_0'<1>:
      PIN_NUMBER='(F12,0,0,0,0,0,0,0,0,0)';
      PINUSE='UNSPEC';
      NO_LOAD_CHECK='Both';
      NO_IO_CHECK='Both';
      NO_ASSERT_CHECK='TRUE';
      NO_DIR_CHECK='TRUE';
      ALLOW_CONNECT='TRUE';
    'VCCO_0'<2>:
      PIN_NUMBER='(T12,0,0,0,0,0,0,0,0,0)';
      PINUSE='UNSPEC';
      NO_LOAD_CHECK='Both';
      NO_IO_CHECK='Both';
      NO_ASSERT_CHECK='TRUE';
      NO_DIR_CHECK='TRUE';
      ALLOW_CONNECT='TRUE';
    'IO_0_13':
      PIN_NUMBER='(0,Y17,0,0,0,0,0,0,0,0)';
      PINUSE='UNSPEC';
      NO_LOAD_CHECK='Both';
      NO_IO_CHECK='Both';
      NO_ASSERT_CHECK='TRUE';
      NO_DIR_CHECK='TRUE';
      ALLOW_CONNECT='TRUE';
    'IO_L1P_T0_13':
      PIN_NUMBER='(0,Y16,0,0,0,0,0,0,0,0)';
      PINUSE='UNSPEC';
      NO_LOAD_CHECK='Both';
      NO_IO_CHECK='Both';
      NO_ASSERT_CHECK='TRUE';
      NO_DIR_CHECK='TRUE';
      ALLOW_CONNECT='TRUE';
    'IO_L1N_T0_13':
      PIN_NUMBER='(0,AA16,0,0,0,0,0,0,0,0)';
      PINUSE='UNSPEC';
      NO_LOAD_CHECK='Both';
      NO_IO_CHECK='Both';
      NO_ASSERT_CHECK='TRUE';
      NO_DIR_CHECK='TRUE';
      ALLOW_CONNECT='TRUE';
    'IO_L2P_T0_13':
      PIN_NUMBER='(0,AB16,0,0,0,0,0,0,0,0)';
      PINUSE='UNSPEC';
      NO_LOAD_CHECK='Both';
      NO_IO_CHECK='Both';
      NO_ASSERT_CHECK='TRUE';
      NO_DIR_CHECK='TRUE';
      ALLOW_CONNECT='TRUE';
    'IO_L2N_T0_13':
      PIN_NUMBER='(0,AB17,0,0,0,0,0,0,0,0)';
      PINUSE='UNSPEC';
      NO_LOAD_CHECK='Both';
      NO_IO_CHECK='Both';
      NO_ASSERT_CHECK='TRUE';
      NO_DIR_CHECK='TRUE';
      ALLOW_CONNECT='TRUE';
    'IO_L3P_T0_DQS_13':
      PIN_NUMBER='(0,AA13,0,0,0,0,0,0,0,0)';
      PINUSE='UNSPEC';
      NO_LOAD_CHECK='Both';
      NO_IO_CHECK='Both';
      NO_ASSERT_CHECK='TRUE';
      NO_DIR_CHECK='TRUE';
      ALLOW_CONNECT='TRUE';
    'IO_L3N_T0_DQS_13':
      PIN_NUMBER='(0,AB13,0,0,0,0,0,0,0,0)';
      PINUSE='UNSPEC';
      NO_LOAD_CHECK='Both';
      NO_IO_CHECK='Both';
      NO_ASSERT_CHECK='TRUE';
      NO_DIR_CHECK='TRUE';
      ALLOW_CONNECT='TRUE';
    'IO_L4P_T0_13':
      PIN_NUMBER='(0,AA15,0,0,0,0,0,0,0,0)';
      PINUSE='UNSPEC';
      NO_LOAD_CHECK='Both';
      NO_IO_CHECK='Both';
      NO_ASSERT_CHECK='TRUE';
      NO_DIR_CHECK='TRUE';
      ALLOW_CONNECT='TRUE';
    'IO_L4N_T0_13':
      PIN_NUMBER='(0,AB15,0,0,0,0,0,0,0,0)';
      PINUSE='UNSPEC';
      NO_LOAD_CHECK='Both';
      NO_IO_CHECK='Both';
      NO_ASSERT_CHECK='TRUE';
      NO_DIR_CHECK='TRUE';
      ALLOW_CONNECT='TRUE';
    'IO_L5P_T0_13':
      PIN_NUMBER='(0,Y13,0,0,0,0,0,0,0,0)';
      PINUSE='UNSPEC';
      NO_LOAD_CHECK='Both';
      NO_IO_CHECK='Both';
      NO_ASSERT_CHECK='TRUE';
      NO_DIR_CHECK='TRUE';
      ALLOW_CONNECT='TRUE';
    'IO_L5N_T0_13':
      PIN_NUMBER='(0,AA14,0,0,0,0,0,0,0,0)';
      PINUSE='UNSPEC';
      NO_LOAD_CHECK='Both';
      NO_IO_CHECK='Both';
      NO_ASSERT_CHECK='TRUE';
      NO_DIR_CHECK='TRUE';
      ALLOW_CONNECT='TRUE';
    'IO_L6P_T0_13':
      PIN_NUMBER='(0,W14,0,0,0,0,0,0,0,0)';
      PINUSE='UNSPEC';
      NO_LOAD_CHECK='Both';
      NO_IO_CHECK='Both';
      NO_ASSERT_CHECK='TRUE';
      NO_DIR_CHECK='TRUE';
      ALLOW_CONNECT='TRUE';
    'IO_L6N_T0_VREF_13':
      PIN_NUMBER='(0,Y14,0,0,0,0,0,0,0,0)';
      PINUSE='UNSPEC';
      NO_LOAD_CHECK='Both';
      NO_IO_CHECK='Both';
      NO_ASSERT_CHECK='TRUE';
      NO_DIR_CHECK='TRUE';
      ALLOW_CONNECT='TRUE';
    'IO_L7P_T1_13':
      PIN_NUMBER='(0,AB11,0,0,0,0,0,0,0,0)';
      PINUSE='UNSPEC';
      NO_LOAD_CHECK='Both';
      NO_IO_CHECK='Both';
      NO_ASSERT_CHECK='TRUE';
      NO_DIR_CHECK='TRUE';
      ALLOW_CONNECT='TRUE';
    'IO_L7N_T1_13':
      PIN_NUMBER='(0,AB12,0,0,0,0,0,0,0,0)';
      PINUSE='UNSPEC';
      NO_LOAD_CHECK='Both';
      NO_IO_CHECK='Both';
      NO_ASSERT_CHECK='TRUE';
      NO_DIR_CHECK='TRUE';
      ALLOW_CONNECT='TRUE';
    'IO_L8P_T1_13':
      PIN_NUMBER='(0,AA9,0,0,0,0,0,0,0,0)';
      PINUSE='UNSPEC';
      NO_LOAD_CHECK='Both';
      NO_IO_CHECK='Both';
      NO_ASSERT_CHECK='TRUE';
      NO_DIR_CHECK='TRUE';
      ALLOW_CONNECT='TRUE';
    'IO_L8N_T1_13':
      PIN_NUMBER='(0,AB10,0,0,0,0,0,0,0,0)';
      PINUSE='UNSPEC';
      NO_LOAD_CHECK='Both';
      NO_IO_CHECK='Both';
      NO_ASSERT_CHECK='TRUE';
      NO_DIR_CHECK='TRUE';
      ALLOW_CONNECT='TRUE';
    'IO_L9P_T1_DQS_13':
      PIN_NUMBER='(0,AA10,0,0,0,0,0,0,0,0)';
      PINUSE='UNSPEC';
      NO_LOAD_CHECK='Both';
      NO_IO_CHECK='Both';
      NO_ASSERT_CHECK='TRUE';
      NO_DIR_CHECK='TRUE';
      ALLOW_CONNECT='TRUE';
    'IO_L9N_T1_DQS_13':
      PIN_NUMBER='(0,AA11,0,0,0,0,0,0,0,0)';
      PINUSE='UNSPEC';
      NO_LOAD_CHECK='Both';
      NO_IO_CHECK='Both';
      NO_ASSERT_CHECK='TRUE';
      NO_DIR_CHECK='TRUE';
      ALLOW_CONNECT='TRUE';
    'IO_L10P_T1_13':
      PIN_NUMBER='(0,V10,0,0,0,0,0,0,0,0)';
      PINUSE='UNSPEC';
      NO_LOAD_CHECK='Both';
      NO_IO_CHECK='Both';
      NO_ASSERT_CHECK='TRUE';
      NO_DIR_CHECK='TRUE';
      ALLOW_CONNECT='TRUE';
    'IO_L10N_T1_13':
      PIN_NUMBER='(0,W10,0,0,0,0,0,0,0,0)';
      PINUSE='UNSPEC';
      NO_LOAD_CHECK='Both';
      NO_IO_CHECK='Both';
      NO_ASSERT_CHECK='TRUE';
      NO_DIR_CHECK='TRUE';
      ALLOW_CONNECT='TRUE';
    'IO_L11P_T1_SRCC_13':
      PIN_NUMBER='(0,Y11,0,0,0,0,0,0,0,0)';
      PINUSE='UNSPEC';
      NO_LOAD_CHECK='Both';
      NO_IO_CHECK='Both';
      NO_ASSERT_CHECK='TRUE';
      NO_DIR_CHECK='TRUE';
      ALLOW_CONNECT='TRUE';
    'IO_L11N_T1_SRCC_13':
      PIN_NUMBER='(0,Y12,0,0,0,0,0,0,0,0)';
      PINUSE='UNSPEC';
      NO_LOAD_CHECK='Both';
      NO_IO_CHECK='Both';
      NO_ASSERT_CHECK='TRUE';
      NO_DIR_CHECK='TRUE';
      ALLOW_CONNECT='TRUE';
    'IO_L12P_T1_MRCC_13':
      PIN_NUMBER='(0,W11,0,0,0,0,0,0,0,0)';
      PINUSE='UNSPEC';
      NO_LOAD_CHECK='Both';
      NO_IO_CHECK='Both';
      NO_ASSERT_CHECK='TRUE';
      NO_DIR_CHECK='TRUE';
      ALLOW_CONNECT='TRUE';
    'IO_L12N_T1_MRCC_13':
      PIN_NUMBER='(0,W12,0,0,0,0,0,0,0,0)';
      PINUSE='UNSPEC';
      NO_LOAD_CHECK='Both';
      NO_IO_CHECK='Both';
      NO_ASSERT_CHECK='TRUE';
      NO_DIR_CHECK='TRUE';
      ALLOW_CONNECT='TRUE';
    'IO_L13P_T2_MRCC_13':
      PIN_NUMBER='(0,V13,0,0,0,0,0,0,0,0)';
      PINUSE='UNSPEC';
      NO_LOAD_CHECK='Both';
      NO_IO_CHECK='Both';
      NO_ASSERT_CHECK='TRUE';
      NO_DIR_CHECK='TRUE';
      ALLOW_CONNECT='TRUE';
    'IO_L13N_T2_MRCC_13':
      PIN_NUMBER='(0,V14,0,0,0,0,0,0,0,0)';
      PINUSE='UNSPEC';
      NO_LOAD_CHECK='Both';
      NO_IO_CHECK='Both';
      NO_ASSERT_CHECK='TRUE';
      NO_DIR_CHECK='TRUE';
      ALLOW_CONNECT='TRUE';
    'IO_L14P_T2_SRCC_13':
      PIN_NUMBER='(0,U15,0,0,0,0,0,0,0,0)';
      PINUSE='UNSPEC';
      NO_LOAD_CHECK='Both';
      NO_IO_CHECK='Both';
      NO_ASSERT_CHECK='TRUE';
      NO_DIR_CHECK='TRUE';
      ALLOW_CONNECT='TRUE';
    'IO_L14N_T2_SRCC_13':
      PIN_NUMBER='(0,V15,0,0,0,0,0,0,0,0)';
      PINUSE='UNSPEC';
      NO_LOAD_CHECK='Both';
      NO_IO_CHECK='Both';
      NO_ASSERT_CHECK='TRUE';
      NO_DIR_CHECK='TRUE';
      ALLOW_CONNECT='TRUE';
    'IO_L15P_T2_DQS_13':
      PIN_NUMBER='(0,T14,0,0,0,0,0,0,0,0)';
      PINUSE='UNSPEC';
      NO_LOAD_CHECK='Both';
      NO_IO_CHECK='Both';
      NO_ASSERT_CHECK='TRUE';
      NO_DIR_CHECK='TRUE';
      ALLOW_CONNECT='TRUE';
    'IO_L15N_T2_DQS_13':
      PIN_NUMBER='(0,T15,0,0,0,0,0,0,0,0)';
      PINUSE='UNSPEC';
      NO_LOAD_CHECK='Both';
      NO_IO_CHECK='Both';
      NO_ASSERT_CHECK='TRUE';
      NO_DIR_CHECK='TRUE';
      ALLOW_CONNECT='TRUE';
    'IO_L16P_T2_13':
      PIN_NUMBER='(0,W15,0,0,0,0,0,0,0,0)';
      PINUSE='UNSPEC';
      NO_LOAD_CHECK='Both';
      NO_IO_CHECK='Both';
      NO_ASSERT_CHECK='TRUE';
      NO_DIR_CHECK='TRUE';
      ALLOW_CONNECT='TRUE';
    'IO_L16N_T2_13':
      PIN_NUMBER='(0,W16,0,0,0,0,0,0,0,0)';
      PINUSE='UNSPEC';
      NO_LOAD_CHECK='Both';
      NO_IO_CHECK='Both';
      NO_ASSERT_CHECK='TRUE';
      NO_DIR_CHECK='TRUE';
      ALLOW_CONNECT='TRUE';
    'IO_L17P_T2_13':
      PIN_NUMBER='(0,T16,0,0,0,0,0,0,0,0)';
      PINUSE='UNSPEC';
      NO_LOAD_CHECK='Both';
      NO_IO_CHECK='Both';
      NO_ASSERT_CHECK='TRUE';
      NO_DIR_CHECK='TRUE';
      ALLOW_CONNECT='TRUE';
    'IO_L17N_T2_13':
      PIN_NUMBER='(0,U16,0,0,0,0,0,0,0,0)';
      PINUSE='UNSPEC';
      NO_LOAD_CHECK='Both';
      NO_IO_CHECK='Both';
      NO_ASSERT_CHECK='TRUE';
      NO_DIR_CHECK='TRUE';
      ALLOW_CONNECT='TRUE';
    'VCCO_13'<1>:
      PIN_NUMBER='(0,AA17,0,0,0,0,0,0,0,0)';
      PINUSE='UNSPEC';
      NO_LOAD_CHECK='Both';
      NO_IO_CHECK='Both';
      NO_ASSERT_CHECK='TRUE';
      NO_DIR_CHECK='TRUE';
      ALLOW_CONNECT='TRUE';
    'VCCO_13'<2>:
      PIN_NUMBER='(0,AB14,0,0,0,0,0,0,0,0)';
      PINUSE='UNSPEC';
      NO_LOAD_CHECK='Both';
      NO_IO_CHECK='Both';
      NO_ASSERT_CHECK='TRUE';
      NO_DIR_CHECK='TRUE';
      ALLOW_CONNECT='TRUE';
    'VCCO_13'<3>:
      PIN_NUMBER='(0,V16,0,0,0,0,0,0,0,0)';
      PINUSE='UNSPEC';
      NO_LOAD_CHECK='Both';
      NO_IO_CHECK='Both';
      NO_ASSERT_CHECK='TRUE';
      NO_DIR_CHECK='TRUE';
      ALLOW_CONNECT='TRUE';
    'VCCO_13'<4>:
      PIN_NUMBER='(0,W13,0,0,0,0,0,0,0,0)';
      PINUSE='UNSPEC';
      NO_LOAD_CHECK='Both';
      NO_IO_CHECK='Both';
      NO_ASSERT_CHECK='TRUE';
      NO_DIR_CHECK='TRUE';
      ALLOW_CONNECT='TRUE';
    'VCCO_13'<5>:
      PIN_NUMBER='(0,Y10,0,0,0,0,0,0,0,0)';
      PINUSE='UNSPEC';
      NO_LOAD_CHECK='Both';
      NO_IO_CHECK='Both';
      NO_ASSERT_CHECK='TRUE';
      NO_DIR_CHECK='TRUE';
      ALLOW_CONNECT='TRUE';
    'IO_0_14':
      PIN_NUMBER='(0,0,P20,0,0,0,0,0,0,0)';
      PINUSE='UNSPEC';
      NO_LOAD_CHECK='Both';
      NO_IO_CHECK='Both';
      NO_ASSERT_CHECK='TRUE';
      NO_DIR_CHECK='TRUE';
      ALLOW_CONNECT='TRUE';
    'IO_L1P_T0_D00_MOSI_14':
      PIN_NUMBER='(0,0,P22,0,0,0,0,0,0,0)';
      PINUSE='UNSPEC';
      NO_LOAD_CHECK='Both';
      NO_IO_CHECK='Both';
      NO_ASSERT_CHECK='TRUE';
      NO_DIR_CHECK='TRUE';
      ALLOW_CONNECT='TRUE';
    'IO_L1N_T0_D01_DIN_14':
      PIN_NUMBER='(0,0,R22,0,0,0,0,0,0,0)';
      PINUSE='UNSPEC';
      NO_LOAD_CHECK='Both';
      NO_IO_CHECK='Both';
      NO_ASSERT_CHECK='TRUE';
      NO_DIR_CHECK='TRUE';
      ALLOW_CONNECT='TRUE';
    'IO_L2P_T0_D02_14':
      PIN_NUMBER='(0,0,P21,0,0,0,0,0,0,0)';
      PINUSE='UNSPEC';
      NO_LOAD_CHECK='Both';
      NO_IO_CHECK='Both';
      NO_ASSERT_CHECK='TRUE';
      NO_DIR_CHECK='TRUE';
      ALLOW_CONNECT='TRUE';
    'IO_L2N_T0_D03_14':
      PIN_NUMBER='(0,0,R21,0,0,0,0,0,0,0)';
      PINUSE='UNSPEC';
      NO_LOAD_CHECK='Both';
      NO_IO_CHECK='Both';
      NO_ASSERT_CHECK='TRUE';
      NO_DIR_CHECK='TRUE';
      ALLOW_CONNECT='TRUE';
    'IO_L3P_T0_DQS_PUDC_B_14':
      PIN_NUMBER='(0,0,U22,0,0,0,0,0,0,0)';
      PINUSE='UNSPEC';
      NO_LOAD_CHECK='Both';
      NO_IO_CHECK='Both';
      NO_ASSERT_CHECK='TRUE';
      NO_DIR_CHECK='TRUE';
      ALLOW_CONNECT='TRUE';
    'IO_L3N_T0_DQS_EMCCLK_14':
      PIN_NUMBER='(0,0,V22,0,0,0,0,0,0,0)';
      PINUSE='UNSPEC';
      NO_LOAD_CHECK='Both';
      NO_IO_CHECK='Both';
      NO_ASSERT_CHECK='TRUE';
      NO_DIR_CHECK='TRUE';
      ALLOW_CONNECT='TRUE';
    'IO_L4P_T0_D04_14':
      PIN_NUMBER='(0,0,T21,0,0,0,0,0,0,0)';
      PINUSE='UNSPEC';
      NO_LOAD_CHECK='Both';
      NO_IO_CHECK='Both';
      NO_ASSERT_CHECK='TRUE';
      NO_DIR_CHECK='TRUE';
      ALLOW_CONNECT='TRUE';
    'IO_L4N_T0_D05_14':
      PIN_NUMBER='(0,0,U21,0,0,0,0,0,0,0)';
      PINUSE='UNSPEC';
      NO_LOAD_CHECK='Both';
      NO_IO_CHECK='Both';
      NO_ASSERT_CHECK='TRUE';
      NO_DIR_CHECK='TRUE';
      ALLOW_CONNECT='TRUE';
    'IO_L5P_T0_D06_14':
      PIN_NUMBER='(0,0,P19,0,0,0,0,0,0,0)';
      PINUSE='UNSPEC';
      NO_LOAD_CHECK='Both';
      NO_IO_CHECK='Both';
      NO_ASSERT_CHECK='TRUE';
      NO_DIR_CHECK='TRUE';
      ALLOW_CONNECT='TRUE';
    'IO_L5N_T0_D07_14':
      PIN_NUMBER='(0,0,R19,0,0,0,0,0,0,0)';
      PINUSE='UNSPEC';
      NO_LOAD_CHECK='Both';
      NO_IO_CHECK='Both';
      NO_ASSERT_CHECK='TRUE';
      NO_DIR_CHECK='TRUE';
      ALLOW_CONNECT='TRUE';
    'IO_L6P_T0_FCS_B_14':
      PIN_NUMBER='(0,0,T19,0,0,0,0,0,0,0)';
      PINUSE='UNSPEC';
      NO_LOAD_CHECK='Both';
      NO_IO_CHECK='Both';
      NO_ASSERT_CHECK='TRUE';
      NO_DIR_CHECK='TRUE';
      ALLOW_CONNECT='TRUE';
    'IO_L6N_T0_D08_VREF_14':
      PIN_NUMBER='(0,0,T20,0,0,0,0,0,0,0)';
      PINUSE='UNSPEC';
      NO_LOAD_CHECK='Both';
      NO_IO_CHECK='Both';
      NO_ASSERT_CHECK='TRUE';
      NO_DIR_CHECK='TRUE';
      ALLOW_CONNECT='TRUE';
    'IO_L7P_T1_D09_14':
      PIN_NUMBER='(0,0,W21,0,0,0,0,0,0,0)';
      PINUSE='UNSPEC';
      NO_LOAD_CHECK='Both';
      NO_IO_CHECK='Both';
      NO_ASSERT_CHECK='TRUE';
      NO_DIR_CHECK='TRUE';
      ALLOW_CONNECT='TRUE';
    'IO_L7N_T1_D10_14':
      PIN_NUMBER='(0,0,W22,0,0,0,0,0,0,0)';
      PINUSE='UNSPEC';
      NO_LOAD_CHECK='Both';
      NO_IO_CHECK='Both';
      NO_ASSERT_CHECK='TRUE';
      NO_DIR_CHECK='TRUE';
      ALLOW_CONNECT='TRUE';
    'IO_L8P_T1_D11_14':
      PIN_NUMBER='(0,0,AA20,0,0,0,0,0,0,0)';
      PINUSE='UNSPEC';
      NO_LOAD_CHECK='Both';
      NO_IO_CHECK='Both';
      NO_ASSERT_CHECK='TRUE';
      NO_DIR_CHECK='TRUE';
      ALLOW_CONNECT='TRUE';
    'IO_L8N_T1_D12_14':
      PIN_NUMBER='(0,0,AA21,0,0,0,0,0,0,0)';
      PINUSE='UNSPEC';
      NO_LOAD_CHECK='Both';
      NO_IO_CHECK='Both';
      NO_ASSERT_CHECK='TRUE';
      NO_DIR_CHECK='TRUE';
      ALLOW_CONNECT='TRUE';
    'IO_L9P_T1_DQS_14':
      PIN_NUMBER='(0,0,Y21,0,0,0,0,0,0,0)';
      PINUSE='UNSPEC';
      NO_LOAD_CHECK='Both';
      NO_IO_CHECK='Both';
      NO_ASSERT_CHECK='TRUE';
      NO_DIR_CHECK='TRUE';
      ALLOW_CONNECT='TRUE';
    'IO_L9N_T1_DQS_D13_14':
      PIN_NUMBER='(0,0,Y22,0,0,0,0,0,0,0)';
      PINUSE='UNSPEC';
      NO_LOAD_CHECK='Both';
      NO_IO_CHECK='Both';
      NO_ASSERT_CHECK='TRUE';
      NO_DIR_CHECK='TRUE';
      ALLOW_CONNECT='TRUE';
    'IO_L10P_T1_D14_14':
      PIN_NUMBER='(0,0,AB21,0,0,0,0,0,0,0)';
      PINUSE='UNSPEC';
      NO_LOAD_CHECK='Both';
      NO_IO_CHECK='Both';
      NO_ASSERT_CHECK='TRUE';
      NO_DIR_CHECK='TRUE';
      ALLOW_CONNECT='TRUE';
    'IO_L10N_T1_D15_14':
      PIN_NUMBER='(0,0,AB22,0,0,0,0,0,0,0)';
      PINUSE='UNSPEC';
      NO_LOAD_CHECK='Both';
      NO_IO_CHECK='Both';
      NO_ASSERT_CHECK='TRUE';
      NO_DIR_CHECK='TRUE';
      ALLOW_CONNECT='TRUE';
    'IO_L11P_T1_SRCC_14':
      PIN_NUMBER='(0,0,U20,0,0,0,0,0,0,0)';
      PINUSE='UNSPEC';
      NO_LOAD_CHECK='Both';
      NO_IO_CHECK='Both';
      NO_ASSERT_CHECK='TRUE';
      NO_DIR_CHECK='TRUE';
      ALLOW_CONNECT='TRUE';
    'IO_L11N_T1_SRCC_14':
      PIN_NUMBER='(0,0,V20,0,0,0,0,0,0,0)';
      PINUSE='UNSPEC';
      NO_LOAD_CHECK='Both';
      NO_IO_CHECK='Both';
      NO_ASSERT_CHECK='TRUE';
      NO_DIR_CHECK='TRUE';
      ALLOW_CONNECT='TRUE';
    'IO_L12P_T1_MRCC_14':
      PIN_NUMBER='(0,0,W19,0,0,0,0,0,0,0)';
      PINUSE='UNSPEC';
      NO_LOAD_CHECK='Both';
      NO_IO_CHECK='Both';
      NO_ASSERT_CHECK='TRUE';
      NO_DIR_CHECK='TRUE';
      ALLOW_CONNECT='TRUE';
    'IO_L12N_T1_MRCC_14':
      PIN_NUMBER='(0,0,W20,0,0,0,0,0,0,0)';
      PINUSE='UNSPEC';
      NO_LOAD_CHECK='Both';
      NO_IO_CHECK='Both';
      NO_ASSERT_CHECK='TRUE';
      NO_DIR_CHECK='TRUE';
      ALLOW_CONNECT='TRUE';
    'IO_L13P_T2_MRCC_14':
      PIN_NUMBER='(0,0,Y18,0,0,0,0,0,0,0)';
      PINUSE='UNSPEC';
      NO_LOAD_CHECK='Both';
      NO_IO_CHECK='Both';
      NO_ASSERT_CHECK='TRUE';
      NO_DIR_CHECK='TRUE';
      ALLOW_CONNECT='TRUE';
    'IO_L13N_T2_MRCC_14':
      PIN_NUMBER='(0,0,Y19,0,0,0,0,0,0,0)';
      PINUSE='UNSPEC';
      NO_LOAD_CHECK='Both';
      NO_IO_CHECK='Both';
      NO_ASSERT_CHECK='TRUE';
      NO_DIR_CHECK='TRUE';
      ALLOW_CONNECT='TRUE';
    'IO_L14P_T2_SRCC_14':
      PIN_NUMBER='(0,0,V18,0,0,0,0,0,0,0)';
      PINUSE='UNSPEC';
      NO_LOAD_CHECK='Both';
      NO_IO_CHECK='Both';
      NO_ASSERT_CHECK='TRUE';
      NO_DIR_CHECK='TRUE';
      ALLOW_CONNECT='TRUE';
    'IO_L14N_T2_SRCC_14':
      PIN_NUMBER='(0,0,V19,0,0,0,0,0,0,0)';
      PINUSE='UNSPEC';
      NO_LOAD_CHECK='Both';
      NO_IO_CHECK='Both';
      NO_ASSERT_CHECK='TRUE';
      NO_DIR_CHECK='TRUE';
      ALLOW_CONNECT='TRUE';
    'IO_L15P_T2_DQS_RDWR_B_14':
      PIN_NUMBER='(0,0,AA19,0,0,0,0,0,0,0)';
      PINUSE='UNSPEC';
      NO_LOAD_CHECK='Both';
      NO_IO_CHECK='Both';
      NO_ASSERT_CHECK='TRUE';
      NO_DIR_CHECK='TRUE';
      ALLOW_CONNECT='TRUE';
    'IO_L15N_T2_DQS_DOUT_CSO_B_14':
      PIN_NUMBER='(0,0,AB20,0,0,0,0,0,0,0)';
      PINUSE='UNSPEC';
      NO_LOAD_CHECK='Both';
      NO_IO_CHECK='Both';
      NO_ASSERT_CHECK='TRUE';
      NO_DIR_CHECK='TRUE';
      ALLOW_CONNECT='TRUE';
    'IO_L16P_T2_CSI_B_14':
      PIN_NUMBER='(0,0,V17,0,0,0,0,0,0,0)';
      PINUSE='UNSPEC';
      NO_LOAD_CHECK='Both';
      NO_IO_CHECK='Both';
      NO_ASSERT_CHECK='TRUE';
      NO_DIR_CHECK='TRUE';
      ALLOW_CONNECT='TRUE';
    'IO_L16N_T2_A15_D31_14':
      PIN_NUMBER='(0,0,W17,0,0,0,0,0,0,0)';
      PINUSE='UNSPEC';
      NO_LOAD_CHECK='Both';
      NO_IO_CHECK='Both';
      NO_ASSERT_CHECK='TRUE';
      NO_DIR_CHECK='TRUE';
      ALLOW_CONNECT='TRUE';
    'IO_L17P_T2_A14_D30_14':
      PIN_NUMBER='(0,0,AA18,0,0,0,0,0,0,0)';
      PINUSE='UNSPEC';
      NO_LOAD_CHECK='Both';
      NO_IO_CHECK='Both';
      NO_ASSERT_CHECK='TRUE';
      NO_DIR_CHECK='TRUE';
      ALLOW_CONNECT='TRUE';
    'IO_L17N_T2_A13_D29_14':
      PIN_NUMBER='(0,0,AB18,0,0,0,0,0,0,0)';
      PINUSE='UNSPEC';
      NO_LOAD_CHECK='Both';
      NO_IO_CHECK='Both';
      NO_ASSERT_CHECK='TRUE';
      NO_DIR_CHECK='TRUE';
      ALLOW_CONNECT='TRUE';
    'IO_L18P_T2_A12_D28_14':
      PIN_NUMBER='(0,0,U17,0,0,0,0,0,0,0)';
      PINUSE='UNSPEC';
      NO_LOAD_CHECK='Both';
      NO_IO_CHECK='Both';
      NO_ASSERT_CHECK='TRUE';
      NO_DIR_CHECK='TRUE';
      ALLOW_CONNECT='TRUE';
    'IO_L18N_T2_A11_D27_14':
      PIN_NUMBER='(0,0,U18,0,0,0,0,0,0,0)';
      PINUSE='UNSPEC';
      NO_LOAD_CHECK='Both';
      NO_IO_CHECK='Both';
      NO_ASSERT_CHECK='TRUE';
      NO_DIR_CHECK='TRUE';
      ALLOW_CONNECT='TRUE';
    'IO_L19P_T3_A10_D26_14':
      PIN_NUMBER='(0,0,P14,0,0,0,0,0,0,0)';
      PINUSE='UNSPEC';
      NO_LOAD_CHECK='Both';
      NO_IO_CHECK='Both';
      NO_ASSERT_CHECK='TRUE';
      NO_DIR_CHECK='TRUE';
      ALLOW_CONNECT='TRUE';
    'IO_L19N_T3_A09_D25_VREF_14':
      PIN_NUMBER='(0,0,R14,0,0,0,0,0,0,0)';
      PINUSE='UNSPEC';
      NO_LOAD_CHECK='Both';
      NO_IO_CHECK='Both';
      NO_ASSERT_CHECK='TRUE';
      NO_DIR_CHECK='TRUE';
      ALLOW_CONNECT='TRUE';
    'IO_L20P_T3_A08_D24_14':
      PIN_NUMBER='(0,0,R18,0,0,0,0,0,0,0)';
      PINUSE='UNSPEC';
      NO_LOAD_CHECK='Both';
      NO_IO_CHECK='Both';
      NO_ASSERT_CHECK='TRUE';
      NO_DIR_CHECK='TRUE';
      ALLOW_CONNECT='TRUE';
    'IO_L20N_T3_A07_D23_14':
      PIN_NUMBER='(0,0,T18,0,0,0,0,0,0,0)';
      PINUSE='UNSPEC';
      NO_LOAD_CHECK='Both';
      NO_IO_CHECK='Both';
      NO_ASSERT_CHECK='TRUE';
      NO_DIR_CHECK='TRUE';
      ALLOW_CONNECT='TRUE';
    'IO_L21P_T3_DQS_14':
      PIN_NUMBER='(0,0,N17,0,0,0,0,0,0,0)';
      PINUSE='UNSPEC';
      NO_LOAD_CHECK='Both';
      NO_IO_CHECK='Both';
      NO_ASSERT_CHECK='TRUE';
      NO_DIR_CHECK='TRUE';
      ALLOW_CONNECT='TRUE';
    'IO_L21N_T3_DQS_A06_D22_14':
      PIN_NUMBER='(0,0,P17,0,0,0,0,0,0,0)';
      PINUSE='UNSPEC';
      NO_LOAD_CHECK='Both';
      NO_IO_CHECK='Both';
      NO_ASSERT_CHECK='TRUE';
      NO_DIR_CHECK='TRUE';
      ALLOW_CONNECT='TRUE';
    'IO_L22P_T3_A05_D21_14':
      PIN_NUMBER='(0,0,P15,0,0,0,0,0,0,0)';
      PINUSE='UNSPEC';
      NO_LOAD_CHECK='Both';
      NO_IO_CHECK='Both';
      NO_ASSERT_CHECK='TRUE';
      NO_DIR_CHECK='TRUE';
      ALLOW_CONNECT='TRUE';
    'IO_L22N_T3_A04_D20_14':
      PIN_NUMBER='(0,0,R16,0,0,0,0,0,0,0)';
      PINUSE='UNSPEC';
      NO_LOAD_CHECK='Both';
      NO_IO_CHECK='Both';
      NO_ASSERT_CHECK='TRUE';
      NO_DIR_CHECK='TRUE';
      ALLOW_CONNECT='TRUE';
    'IO_L23P_T3_A03_D19_14':
      PIN_NUMBER='(0,0,N13,0,0,0,0,0,0,0)';
      PINUSE='UNSPEC';
      NO_LOAD_CHECK='Both';
      NO_IO_CHECK='Both';
      NO_ASSERT_CHECK='TRUE';
      NO_DIR_CHECK='TRUE';
      ALLOW_CONNECT='TRUE';
    'IO_L23N_T3_A02_D18_14':
      PIN_NUMBER='(0,0,N14,0,0,0,0,0,0,0)';
      PINUSE='UNSPEC';
      NO_LOAD_CHECK='Both';
      NO_IO_CHECK='Both';
      NO_ASSERT_CHECK='TRUE';
      NO_DIR_CHECK='TRUE';
      ALLOW_CONNECT='TRUE';
    'IO_L24P_T3_A01_D17_14':
      PIN_NUMBER='(0,0,P16,0,0,0,0,0,0,0)';
      PINUSE='UNSPEC';
      NO_LOAD_CHECK='Both';
      NO_IO_CHECK='Both';
      NO_ASSERT_CHECK='TRUE';
      NO_DIR_CHECK='TRUE';
      ALLOW_CONNECT='TRUE';
    'IO_L24N_T3_A00_D16_14':
      PIN_NUMBER='(0,0,R17,0,0,0,0,0,0,0)';
      PINUSE='UNSPEC';
      NO_LOAD_CHECK='Both';
      NO_IO_CHECK='Both';
      NO_ASSERT_CHECK='TRUE';
      NO_DIR_CHECK='TRUE';
      ALLOW_CONNECT='TRUE';
    'IO_25_14':
      PIN_NUMBER='(0,0,N15,0,0,0,0,0,0,0)';
      PINUSE='UNSPEC';
      NO_LOAD_CHECK='Both';
      NO_IO_CHECK='Both';
      NO_ASSERT_CHECK='TRUE';
      NO_DIR_CHECK='TRUE';
      ALLOW_CONNECT='TRUE';
    'VCCO_14'<1>:
      PIN_NUMBER='(0,0,M14,0,0,0,0,0,0,0)';
      PINUSE='UNSPEC';
      NO_LOAD_CHECK='Both';
      NO_IO_CHECK='Both';
      NO_ASSERT_CHECK='TRUE';
      NO_DIR_CHECK='TRUE';
      ALLOW_CONNECT='TRUE';
    'VCCO_14'<2>:
      PIN_NUMBER='(0,0,P18,0,0,0,0,0,0,0)';
      PINUSE='UNSPEC';
      NO_LOAD_CHECK='Both';
      NO_IO_CHECK='Both';
      NO_ASSERT_CHECK='TRUE';
      NO_DIR_CHECK='TRUE';
      ALLOW_CONNECT='TRUE';
    'VCCO_14'<3>:
      PIN_NUMBER='(0,0,R15,0,0,0,0,0,0,0)';
      PINUSE='UNSPEC';
      NO_LOAD_CHECK='Both';
      NO_IO_CHECK='Both';
      NO_ASSERT_CHECK='TRUE';
      NO_DIR_CHECK='TRUE';
      ALLOW_CONNECT='TRUE';
    'VCCO_14'<4>:
      PIN_NUMBER='(0,0,T22,0,0,0,0,0,0,0)';
      PINUSE='UNSPEC';
      NO_LOAD_CHECK='Both';
      NO_IO_CHECK='Both';
      NO_ASSERT_CHECK='TRUE';
      NO_DIR_CHECK='TRUE';
      ALLOW_CONNECT='TRUE';
    'VCCO_14'<5>:
      PIN_NUMBER='(0,0,U19,0,0,0,0,0,0,0)';
      PINUSE='UNSPEC';
      NO_LOAD_CHECK='Both';
      NO_IO_CHECK='Both';
      NO_ASSERT_CHECK='TRUE';
      NO_DIR_CHECK='TRUE';
      ALLOW_CONNECT='TRUE';
    'VCCO_14'<6>:
      PIN_NUMBER='(0,0,Y20,0,0,0,0,0,0,0)';
      PINUSE='UNSPEC';
      NO_LOAD_CHECK='Both';
      NO_IO_CHECK='Both';
      NO_ASSERT_CHECK='TRUE';
      NO_DIR_CHECK='TRUE';
      ALLOW_CONNECT='TRUE';
    'IO_0_15':
      PIN_NUMBER='(0,0,0,J16,0,0,0,0,0,0)';
      PINUSE='UNSPEC';
      NO_LOAD_CHECK='Both';
      NO_IO_CHECK='Both';
      NO_ASSERT_CHECK='TRUE';
      NO_DIR_CHECK='TRUE';
      ALLOW_CONNECT='TRUE';
    'IO_L1P_T0_AD0P_15':
      PIN_NUMBER='(0,0,0,H13,0,0,0,0,0,0)';
      PINUSE='UNSPEC';
      NO_LOAD_CHECK='Both';
      NO_IO_CHECK='Both';
      NO_ASSERT_CHECK='TRUE';
      NO_DIR_CHECK='TRUE';
      ALLOW_CONNECT='TRUE';
    'IO_L1N_T0_AD0N_15':
      PIN_NUMBER='(0,0,0,G13,0,0,0,0,0,0)';
      PINUSE='UNSPEC';
      NO_LOAD_CHECK='Both';
      NO_IO_CHECK='Both';
      NO_ASSERT_CHECK='TRUE';
      NO_DIR_CHECK='TRUE';
      ALLOW_CONNECT='TRUE';
    'IO_L2P_T0_AD8P_15':
      PIN_NUMBER='(0,0,0,G15,0,0,0,0,0,0)';
      PINUSE='UNSPEC';
      NO_LOAD_CHECK='Both';
      NO_IO_CHECK='Both';
      NO_ASSERT_CHECK='TRUE';
      NO_DIR_CHECK='TRUE';
      ALLOW_CONNECT='TRUE';
    'IO_L2N_T0_AD8N_15':
      PIN_NUMBER='(0,0,0,G16,0,0,0,0,0,0)';
      PINUSE='UNSPEC';
      NO_LOAD_CHECK='Both';
      NO_IO_CHECK='Both';
      NO_ASSERT_CHECK='TRUE';
      NO_DIR_CHECK='TRUE';
      ALLOW_CONNECT='TRUE';
    'IO_L3P_T0_DQS_AD1P_15':
      PIN_NUMBER='(0,0,0,J14,0,0,0,0,0,0)';
      PINUSE='UNSPEC';
      NO_LOAD_CHECK='Both';
      NO_IO_CHECK='Both';
      NO_ASSERT_CHECK='TRUE';
      NO_DIR_CHECK='TRUE';
      ALLOW_CONNECT='TRUE';
    'IO_L3N_T0_DQS_AD1N_15':
      PIN_NUMBER='(0,0,0,H14,0,0,0,0,0,0)';
      PINUSE='UNSPEC';
      NO_LOAD_CHECK='Both';
      NO_IO_CHECK='Both';
      NO_ASSERT_CHECK='TRUE';
      NO_DIR_CHECK='TRUE';
      ALLOW_CONNECT='TRUE';
    'IO_L4P_T0_15':
      PIN_NUMBER='(0,0,0,G17,0,0,0,0,0,0)';
      PINUSE='UNSPEC';
      NO_LOAD_CHECK='Both';
      NO_IO_CHECK='Both';
      NO_ASSERT_CHECK='TRUE';
      NO_DIR_CHECK='TRUE';
      ALLOW_CONNECT='TRUE';
    'IO_L4N_T0_15':
      PIN_NUMBER='(0,0,0,G18,0,0,0,0,0,0)';
      PINUSE='UNSPEC';
      NO_LOAD_CHECK='Both';
      NO_IO_CHECK='Both';
      NO_ASSERT_CHECK='TRUE';
      NO_DIR_CHECK='TRUE';
      ALLOW_CONNECT='TRUE';
    'IO_L5P_T0_AD9P_15':
      PIN_NUMBER='(0,0,0,J15,0,0,0,0,0,0)';
      PINUSE='UNSPEC';
      NO_LOAD_CHECK='Both';
      NO_IO_CHECK='Both';
      NO_ASSERT_CHECK='TRUE';
      NO_DIR_CHECK='TRUE';
      ALLOW_CONNECT='TRUE';
    'IO_L5N_T0_AD9N_15':
      PIN_NUMBER='(0,0,0,H15,0,0,0,0,0,0)';
      PINUSE='UNSPEC';
      NO_LOAD_CHECK='Both';
      NO_IO_CHECK='Both';
      NO_ASSERT_CHECK='TRUE';
      NO_DIR_CHECK='TRUE';
      ALLOW_CONNECT='TRUE';
    'IO_L6P_T0_15':
      PIN_NUMBER='(0,0,0,H17,0,0,0,0,0,0)';
      PINUSE='UNSPEC';
      NO_LOAD_CHECK='Both';
      NO_IO_CHECK='Both';
      NO_ASSERT_CHECK='TRUE';
      NO_DIR_CHECK='TRUE';
      ALLOW_CONNECT='TRUE';
    'IO_L6N_T0_VREF_15':
      PIN_NUMBER='(0,0,0,H18,0,0,0,0,0,0)';
      PINUSE='UNSPEC';
      NO_LOAD_CHECK='Both';
      NO_IO_CHECK='Both';
      NO_ASSERT_CHECK='TRUE';
      NO_DIR_CHECK='TRUE';
      ALLOW_CONNECT='TRUE';
    'IO_L7P_T1_AD2P_15':
      PIN_NUMBER='(0,0,0,J22,0,0,0,0,0,0)';
      PINUSE='UNSPEC';
      NO_LOAD_CHECK='Both';
      NO_IO_CHECK='Both';
      NO_ASSERT_CHECK='TRUE';
      NO_DIR_CHECK='TRUE';
      ALLOW_CONNECT='TRUE';
    'IO_L7N_T1_AD2N_15':
      PIN_NUMBER='(0,0,0,H22,0,0,0,0,0,0)';
      PINUSE='UNSPEC';
      NO_LOAD_CHECK='Both';
      NO_IO_CHECK='Both';
      NO_ASSERT_CHECK='TRUE';
      NO_DIR_CHECK='TRUE';
      ALLOW_CONNECT='TRUE';
    'IO_L8P_T1_AD10P_15':
      PIN_NUMBER='(0,0,0,H20,0,0,0,0,0,0)';
      PINUSE='UNSPEC';
      NO_LOAD_CHECK='Both';
      NO_IO_CHECK='Both';
      NO_ASSERT_CHECK='TRUE';
      NO_DIR_CHECK='TRUE';
      ALLOW_CONNECT='TRUE';
    'IO_L8N_T1_AD10N_15':
      PIN_NUMBER='(0,0,0,G20,0,0,0,0,0,0)';
      PINUSE='UNSPEC';
      NO_LOAD_CHECK='Both';
      NO_IO_CHECK='Both';
      NO_ASSERT_CHECK='TRUE';
      NO_DIR_CHECK='TRUE';
      ALLOW_CONNECT='TRUE';
    'IO_L9P_T1_DQS_AD3P_15':
      PIN_NUMBER='(0,0,0,K21,0,0,0,0,0,0)';
      PINUSE='UNSPEC';
      NO_LOAD_CHECK='Both';
      NO_IO_CHECK='Both';
      NO_ASSERT_CHECK='TRUE';
      NO_DIR_CHECK='TRUE';
      ALLOW_CONNECT='TRUE';
    'IO_L9N_T1_DQS_AD3N_15':
      PIN_NUMBER='(0,0,0,K22,0,0,0,0,0,0)';
      PINUSE='UNSPEC';
      NO_LOAD_CHECK='Both';
      NO_IO_CHECK='Both';
      NO_ASSERT_CHECK='TRUE';
      NO_DIR_CHECK='TRUE';
      ALLOW_CONNECT='TRUE';
    'IO_L10P_T1_AD11P_15':
      PIN_NUMBER='(0,0,0,M21,0,0,0,0,0,0)';
      PINUSE='UNSPEC';
      NO_LOAD_CHECK='Both';
      NO_IO_CHECK='Both';
      NO_ASSERT_CHECK='TRUE';
      NO_DIR_CHECK='TRUE';
      ALLOW_CONNECT='TRUE';
    'IO_L10N_T1_AD11N_15':
      PIN_NUMBER='(0,0,0,L21,0,0,0,0,0,0)';
      PINUSE='UNSPEC';
      NO_LOAD_CHECK='Both';
      NO_IO_CHECK='Both';
      NO_ASSERT_CHECK='TRUE';
      NO_DIR_CHECK='TRUE';
      ALLOW_CONNECT='TRUE';
    'IO_L11P_T1_SRCC_15':
      PIN_NUMBER='(0,0,0,J20,0,0,0,0,0,0)';
      PINUSE='UNSPEC';
      NO_LOAD_CHECK='Both';
      NO_IO_CHECK='Both';
      NO_ASSERT_CHECK='TRUE';
      NO_DIR_CHECK='TRUE';
      ALLOW_CONNECT='TRUE';
    'IO_L11N_T1_SRCC_15':
      PIN_NUMBER='(0,0,0,J21,0,0,0,0,0,0)';
      PINUSE='UNSPEC';
      NO_LOAD_CHECK='Both';
      NO_IO_CHECK='Both';
      NO_ASSERT_CHECK='TRUE';
      NO_DIR_CHECK='TRUE';
      ALLOW_CONNECT='TRUE';
    'IO_L12P_T1_MRCC_15':
      PIN_NUMBER='(0,0,0,J19,0,0,0,0,0,0)';
      PINUSE='UNSPEC';
      NO_LOAD_CHECK='Both';
      NO_IO_CHECK='Both';
      NO_ASSERT_CHECK='TRUE';
      NO_DIR_CHECK='TRUE';
      ALLOW_CONNECT='TRUE';
    'IO_L12N_T1_MRCC_15':
      PIN_NUMBER='(0,0,0,H19,0,0,0,0,0,0)';
      PINUSE='UNSPEC';
      NO_LOAD_CHECK='Both';
      NO_IO_CHECK='Both';
      NO_ASSERT_CHECK='TRUE';
      NO_DIR_CHECK='TRUE';
      ALLOW_CONNECT='TRUE';
    'IO_L13P_T2_MRCC_15':
      PIN_NUMBER='(0,0,0,K18,0,0,0,0,0,0)';
      PINUSE='UNSPEC';
      NO_LOAD_CHECK='Both';
      NO_IO_CHECK='Both';
      NO_ASSERT_CHECK='TRUE';
      NO_DIR_CHECK='TRUE';
      ALLOW_CONNECT='TRUE';
    'IO_L13N_T2_MRCC_15':
      PIN_NUMBER='(0,0,0,K19,0,0,0,0,0,0)';
      PINUSE='UNSPEC';
      NO_LOAD_CHECK='Both';
      NO_IO_CHECK='Both';
      NO_ASSERT_CHECK='TRUE';
      NO_DIR_CHECK='TRUE';
      ALLOW_CONNECT='TRUE';
    'IO_L14P_T2_SRCC_15':
      PIN_NUMBER='(0,0,0,L19,0,0,0,0,0,0)';
      PINUSE='UNSPEC';
      NO_LOAD_CHECK='Both';
      NO_IO_CHECK='Both';
      NO_ASSERT_CHECK='TRUE';
      NO_DIR_CHECK='TRUE';
      ALLOW_CONNECT='TRUE';
    'IO_L14N_T2_SRCC_15':
      PIN_NUMBER='(0,0,0,L20,0,0,0,0,0,0)';
      PINUSE='UNSPEC';
      NO_LOAD_CHECK='Both';
      NO_IO_CHECK='Both';
      NO_ASSERT_CHECK='TRUE';
      NO_DIR_CHECK='TRUE';
      ALLOW_CONNECT='TRUE';
    'IO_L15P_T2_DQS_15':
      PIN_NUMBER='(0,0,0,N22,0,0,0,0,0,0)';
      PINUSE='UNSPEC';
      NO_LOAD_CHECK='Both';
      NO_IO_CHECK='Both';
      NO_ASSERT_CHECK='TRUE';
      NO_DIR_CHECK='TRUE';
      ALLOW_CONNECT='TRUE';
    'IO_L15N_T2_DQS_ADV_B_15':
      PIN_NUMBER='(0,0,0,M22,0,0,0,0,0,0)';
      PINUSE='UNSPEC';
      NO_LOAD_CHECK='Both';
      NO_IO_CHECK='Both';
      NO_ASSERT_CHECK='TRUE';
      NO_DIR_CHECK='TRUE';
      ALLOW_CONNECT='TRUE';
    'IO_L16P_T2_A28_15':
      PIN_NUMBER='(0,0,0,M18,0,0,0,0,0,0)';
      PINUSE='UNSPEC';
      NO_LOAD_CHECK='Both';
      NO_IO_CHECK='Both';
      NO_ASSERT_CHECK='TRUE';
      NO_DIR_CHECK='TRUE';
      ALLOW_CONNECT='TRUE';
    'IO_L16N_T2_A27_15':
      PIN_NUMBER='(0,0,0,L18,0,0,0,0,0,0)';
      PINUSE='UNSPEC';
      NO_LOAD_CHECK='Both';
      NO_IO_CHECK='Both';
      NO_ASSERT_CHECK='TRUE';
      NO_DIR_CHECK='TRUE';
      ALLOW_CONNECT='TRUE';
    'IO_L17P_T2_A26_15':
      PIN_NUMBER='(0,0,0,N18,0,0,0,0,0,0)';
      PINUSE='UNSPEC';
      NO_LOAD_CHECK='Both';
      NO_IO_CHECK='Both';
      NO_ASSERT_CHECK='TRUE';
      NO_DIR_CHECK='TRUE';
      ALLOW_CONNECT='TRUE';
    'IO_L17N_T2_A25_15':
      PIN_NUMBER='(0,0,0,N19,0,0,0,0,0,0)';
      PINUSE='UNSPEC';
      NO_LOAD_CHECK='Both';
      NO_IO_CHECK='Both';
      NO_ASSERT_CHECK='TRUE';
      NO_DIR_CHECK='TRUE';
      ALLOW_CONNECT='TRUE';
    'IO_L18P_T2_A24_15':
      PIN_NUMBER='(0,0,0,N20,0,0,0,0,0,0)';
      PINUSE='UNSPEC';
      NO_LOAD_CHECK='Both';
      NO_IO_CHECK='Both';
      NO_ASSERT_CHECK='TRUE';
      NO_DIR_CHECK='TRUE';
      ALLOW_CONNECT='TRUE';
    'IO_L18N_T2_A23_15':
      PIN_NUMBER='(0,0,0,M20,0,0,0,0,0,0)';
      PINUSE='UNSPEC';
      NO_LOAD_CHECK='Both';
      NO_IO_CHECK='Both';
      NO_ASSERT_CHECK='TRUE';
      NO_DIR_CHECK='TRUE';
      ALLOW_CONNECT='TRUE';
    'IO_L19P_T3_A22_15':
      PIN_NUMBER='(0,0,0,K13,0,0,0,0,0,0)';
      PINUSE='UNSPEC';
      NO_LOAD_CHECK='Both';
      NO_IO_CHECK='Both';
      NO_ASSERT_CHECK='TRUE';
      NO_DIR_CHECK='TRUE';
      ALLOW_CONNECT='TRUE';
    'IO_L19N_T3_A21_VREF_15':
      PIN_NUMBER='(0,0,0,K14,0,0,0,0,0,0)';
      PINUSE='UNSPEC';
      NO_LOAD_CHECK='Both';
      NO_IO_CHECK='Both';
      NO_ASSERT_CHECK='TRUE';
      NO_DIR_CHECK='TRUE';
      ALLOW_CONNECT='TRUE';
    'IO_L20P_T3_A20_15':
      PIN_NUMBER='(0,0,0,M13,0,0,0,0,0,0)';
      PINUSE='UNSPEC';
      NO_LOAD_CHECK='Both';
      NO_IO_CHECK='Both';
      NO_ASSERT_CHECK='TRUE';
      NO_DIR_CHECK='TRUE';
      ALLOW_CONNECT='TRUE';
    'IO_L20N_T3_A19_15':
      PIN_NUMBER='(0,0,0,L13,0,0,0,0,0,0)';
      PINUSE='UNSPEC';
      NO_LOAD_CHECK='Both';
      NO_IO_CHECK='Both';
      NO_ASSERT_CHECK='TRUE';
      NO_DIR_CHECK='TRUE';
      ALLOW_CONNECT='TRUE';
    'IO_L21P_T3_DQS_15':
      PIN_NUMBER='(0,0,0,K17,0,0,0,0,0,0)';
      PINUSE='UNSPEC';
      NO_LOAD_CHECK='Both';
      NO_IO_CHECK='Both';
      NO_ASSERT_CHECK='TRUE';
      NO_DIR_CHECK='TRUE';
      ALLOW_CONNECT='TRUE';
    'IO_L21N_T3_DQS_A18_15':
      PIN_NUMBER='(0,0,0,J17,0,0,0,0,0,0)';
      PINUSE='UNSPEC';
      NO_LOAD_CHECK='Both';
      NO_IO_CHECK='Both';
      NO_ASSERT_CHECK='TRUE';
      NO_DIR_CHECK='TRUE';
      ALLOW_CONNECT='TRUE';
    'IO_L22P_T3_A17_15':
      PIN_NUMBER='(0,0,0,L14,0,0,0,0,0,0)';
      PINUSE='UNSPEC';
      NO_LOAD_CHECK='Both';
      NO_IO_CHECK='Both';
      NO_ASSERT_CHECK='TRUE';
      NO_DIR_CHECK='TRUE';
      ALLOW_CONNECT='TRUE';
    'IO_L22N_T3_A16_15':
      PIN_NUMBER='(0,0,0,L15,0,0,0,0,0,0)';
      PINUSE='UNSPEC';
      NO_LOAD_CHECK='Both';
      NO_IO_CHECK='Both';
      NO_ASSERT_CHECK='TRUE';
      NO_DIR_CHECK='TRUE';
      ALLOW_CONNECT='TRUE';
    'IO_L23P_T3_FOE_B_15':
      PIN_NUMBER='(0,0,0,L16,0,0,0,0,0,0)';
      PINUSE='UNSPEC';
      NO_LOAD_CHECK='Both';
      NO_IO_CHECK='Both';
      NO_ASSERT_CHECK='TRUE';
      NO_DIR_CHECK='TRUE';
      ALLOW_CONNECT='TRUE';
    'IO_L23N_T3_FWE_B_15':
      PIN_NUMBER='(0,0,0,K16,0,0,0,0,0,0)';
      PINUSE='UNSPEC';
      NO_LOAD_CHECK='Both';
      NO_IO_CHECK='Both';
      NO_ASSERT_CHECK='TRUE';
      NO_DIR_CHECK='TRUE';
      ALLOW_CONNECT='TRUE';
    'IO_L24P_T3_RS1_15':
      PIN_NUMBER='(0,0,0,M15,0,0,0,0,0,0)';
      PINUSE='UNSPEC';
      NO_LOAD_CHECK='Both';
      NO_IO_CHECK='Both';
      NO_ASSERT_CHECK='TRUE';
      NO_DIR_CHECK='TRUE';
      ALLOW_CONNECT='TRUE';
    'IO_L24N_T3_RS0_15':
      PIN_NUMBER='(0,0,0,M16,0,0,0,0,0,0)';
      PINUSE='UNSPEC';
      NO_LOAD_CHECK='Both';
      NO_IO_CHECK='Both';
      NO_ASSERT_CHECK='TRUE';
      NO_DIR_CHECK='TRUE';
      ALLOW_CONNECT='TRUE';
    'IO_25_15':
      PIN_NUMBER='(0,0,0,M17,0,0,0,0,0,0)';
      PINUSE='UNSPEC';
      NO_LOAD_CHECK='Both';
      NO_IO_CHECK='Both';
      NO_ASSERT_CHECK='TRUE';
      NO_DIR_CHECK='TRUE';
      ALLOW_CONNECT='TRUE';
    'VCCO_15'<1>:
      PIN_NUMBER='(0,0,0,G19,0,0,0,0,0,0)';
      PINUSE='UNSPEC';
      NO_LOAD_CHECK='Both';
      NO_IO_CHECK='Both';
      NO_ASSERT_CHECK='TRUE';
      NO_DIR_CHECK='TRUE';
      ALLOW_CONNECT='TRUE';
    'VCCO_15'<2>:
      PIN_NUMBER='(0,0,0,H16,0,0,0,0,0,0)';
      PINUSE='UNSPEC';
      NO_LOAD_CHECK='Both';
      NO_IO_CHECK='Both';
      NO_ASSERT_CHECK='TRUE';
      NO_DIR_CHECK='TRUE';
      ALLOW_CONNECT='TRUE';
    'VCCO_15'<3>:
      PIN_NUMBER='(0,0,0,J13,0,0,0,0,0,0)';
      PINUSE='UNSPEC';
      NO_LOAD_CHECK='Both';
      NO_IO_CHECK='Both';
      NO_ASSERT_CHECK='TRUE';
      NO_DIR_CHECK='TRUE';
      ALLOW_CONNECT='TRUE';
    'VCCO_15'<4>:
      PIN_NUMBER='(0,0,0,K20,0,0,0,0,0,0)';
      PINUSE='UNSPEC';
      NO_LOAD_CHECK='Both';
      NO_IO_CHECK='Both';
      NO_ASSERT_CHECK='TRUE';
      NO_DIR_CHECK='TRUE';
      ALLOW_CONNECT='TRUE';
    'VCCO_15'<5>:
      PIN_NUMBER='(0,0,0,L17,0,0,0,0,0,0)';
      PINUSE='UNSPEC';
      NO_LOAD_CHECK='Both';
      NO_IO_CHECK='Both';
      NO_ASSERT_CHECK='TRUE';
      NO_DIR_CHECK='TRUE';
      ALLOW_CONNECT='TRUE';
    'VCCO_15'<6>:
      PIN_NUMBER='(0,0,0,N21,0,0,0,0,0,0)';
      PINUSE='UNSPEC';
      NO_LOAD_CHECK='Both';
      NO_IO_CHECK='Both';
      NO_ASSERT_CHECK='TRUE';
      NO_DIR_CHECK='TRUE';
      ALLOW_CONNECT='TRUE';
    'IO_0_16':
      PIN_NUMBER='(0,0,0,0,F15,0,0,0,0,0)';
      PINUSE='UNSPEC';
      NO_LOAD_CHECK='Both';
      NO_IO_CHECK='Both';
      NO_ASSERT_CHECK='TRUE';
      NO_DIR_CHECK='TRUE';
      ALLOW_CONNECT='TRUE';
    'IO_L1P_T0_16':
      PIN_NUMBER='(0,0,0,0,F13,0,0,0,0,0)';
      PINUSE='UNSPEC';
      NO_LOAD_CHECK='Both';
      NO_IO_CHECK='Both';
      NO_ASSERT_CHECK='TRUE';
      NO_DIR_CHECK='TRUE';
      ALLOW_CONNECT='TRUE';
    'IO_L1N_T0_16':
      PIN_NUMBER='(0,0,0,0,F14,0,0,0,0,0)';
      PINUSE='UNSPEC';
      NO_LOAD_CHECK='Both';
      NO_IO_CHECK='Both';
      NO_ASSERT_CHECK='TRUE';
      NO_DIR_CHECK='TRUE';
      ALLOW_CONNECT='TRUE';
    'IO_L2P_T0_16':
      PIN_NUMBER='(0,0,0,0,F16,0,0,0,0,0)';
      PINUSE='UNSPEC';
      NO_LOAD_CHECK='Both';
      NO_IO_CHECK='Both';
      NO_ASSERT_CHECK='TRUE';
      NO_DIR_CHECK='TRUE';
      ALLOW_CONNECT='TRUE';
    'IO_L2N_T0_16':
      PIN_NUMBER='(0,0,0,0,E17,0,0,0,0,0)';
      PINUSE='UNSPEC';
      NO_LOAD_CHECK='Both';
      NO_IO_CHECK='Both';
      NO_ASSERT_CHECK='TRUE';
      NO_DIR_CHECK='TRUE';
      ALLOW_CONNECT='TRUE';
    'IO_L3P_T0_DQS_16':
      PIN_NUMBER='(0,0,0,0,C14,0,0,0,0,0)';
      PINUSE='UNSPEC';
      NO_LOAD_CHECK='Both';
      NO_IO_CHECK='Both';
      NO_ASSERT_CHECK='TRUE';
      NO_DIR_CHECK='TRUE';
      ALLOW_CONNECT='TRUE';
    'IO_L3N_T0_DQS_16':
      PIN_NUMBER='(0,0,0,0,C15,0,0,0,0,0)';
      PINUSE='UNSPEC';
      NO_LOAD_CHECK='Both';
      NO_IO_CHECK='Both';
      NO_ASSERT_CHECK='TRUE';
      NO_DIR_CHECK='TRUE';
      ALLOW_CONNECT='TRUE';
    'IO_L4P_T0_16':
      PIN_NUMBER='(0,0,0,0,E13,0,0,0,0,0)';
      PINUSE='UNSPEC';
      NO_LOAD_CHECK='Both';
      NO_IO_CHECK='Both';
      NO_ASSERT_CHECK='TRUE';
      NO_DIR_CHECK='TRUE';
      ALLOW_CONNECT='TRUE';
    'IO_L4N_T0_16':
      PIN_NUMBER='(0,0,0,0,E14,0,0,0,0,0)';
      PINUSE='UNSPEC';
      NO_LOAD_CHECK='Both';
      NO_IO_CHECK='Both';
      NO_ASSERT_CHECK='TRUE';
      NO_DIR_CHECK='TRUE';
      ALLOW_CONNECT='TRUE';
    'IO_L5P_T0_16':
      PIN_NUMBER='(0,0,0,0,E16,0,0,0,0,0)';
      PINUSE='UNSPEC';
      NO_LOAD_CHECK='Both';
      NO_IO_CHECK='Both';
      NO_ASSERT_CHECK='TRUE';
      NO_DIR_CHECK='TRUE';
      ALLOW_CONNECT='TRUE';
    'IO_L5N_T0_16':
      PIN_NUMBER='(0,0,0,0,D16,0,0,0,0,0)';
      PINUSE='UNSPEC';
      NO_LOAD_CHECK='Both';
      NO_IO_CHECK='Both';
      NO_ASSERT_CHECK='TRUE';
      NO_DIR_CHECK='TRUE';
      ALLOW_CONNECT='TRUE';
    'IO_L6P_T0_16':
      PIN_NUMBER='(0,0,0,0,D14,0,0,0,0,0)';
      PINUSE='UNSPEC';
      NO_LOAD_CHECK='Both';
      NO_IO_CHECK='Both';
      NO_ASSERT_CHECK='TRUE';
      NO_DIR_CHECK='TRUE';
      ALLOW_CONNECT='TRUE';
    'IO_L6N_T0_VREF_16':
      PIN_NUMBER='(0,0,0,0,D15,0,0,0,0,0)';
      PINUSE='UNSPEC';
      NO_LOAD_CHECK='Both';
      NO_IO_CHECK='Both';
      NO_ASSERT_CHECK='TRUE';
      NO_DIR_CHECK='TRUE';
      ALLOW_CONNECT='TRUE';
    'IO_L7P_T1_16':
      PIN_NUMBER='(0,0,0,0,B15,0,0,0,0,0)';
      PINUSE='UNSPEC';
      NO_LOAD_CHECK='Both';
      NO_IO_CHECK='Both';
      NO_ASSERT_CHECK='TRUE';
      NO_DIR_CHECK='TRUE';
      ALLOW_CONNECT='TRUE';
    'IO_L7N_T1_16':
      PIN_NUMBER='(0,0,0,0,B16,0,0,0,0,0)';
      PINUSE='UNSPEC';
      NO_LOAD_CHECK='Both';
      NO_IO_CHECK='Both';
      NO_ASSERT_CHECK='TRUE';
      NO_DIR_CHECK='TRUE';
      ALLOW_CONNECT='TRUE';
    'IO_L8P_T1_16':
      PIN_NUMBER='(0,0,0,0,C13,0,0,0,0,0)';
      PINUSE='UNSPEC';
      NO_LOAD_CHECK='Both';
      NO_IO_CHECK='Both';
      NO_ASSERT_CHECK='TRUE';
      NO_DIR_CHECK='TRUE';
      ALLOW_CONNECT='TRUE';
    'IO_L8N_T1_16':
      PIN_NUMBER='(0,0,0,0,B13,0,0,0,0,0)';
      PINUSE='UNSPEC';
      NO_LOAD_CHECK='Both';
      NO_IO_CHECK='Both';
      NO_ASSERT_CHECK='TRUE';
      NO_DIR_CHECK='TRUE';
      ALLOW_CONNECT='TRUE';
    'IO_L9P_T1_DQS_16':
      PIN_NUMBER='(0,0,0,0,A15,0,0,0,0,0)';
      PINUSE='UNSPEC';
      NO_LOAD_CHECK='Both';
      NO_IO_CHECK='Both';
      NO_ASSERT_CHECK='TRUE';
      NO_DIR_CHECK='TRUE';
      ALLOW_CONNECT='TRUE';
    'IO_L9N_T1_DQS_16':
      PIN_NUMBER='(0,0,0,0,A16,0,0,0,0,0)';
      PINUSE='UNSPEC';
      NO_LOAD_CHECK='Both';
      NO_IO_CHECK='Both';
      NO_ASSERT_CHECK='TRUE';
      NO_DIR_CHECK='TRUE';
      ALLOW_CONNECT='TRUE';
    'IO_L10P_T1_16':
      PIN_NUMBER='(0,0,0,0,A13,0,0,0,0,0)';
      PINUSE='UNSPEC';
      NO_LOAD_CHECK='Both';
      NO_IO_CHECK='Both';
      NO_ASSERT_CHECK='TRUE';
      NO_DIR_CHECK='TRUE';
      ALLOW_CONNECT='TRUE';
    'IO_L10N_T1_16':
      PIN_NUMBER='(0,0,0,0,A14,0,0,0,0,0)';
      PINUSE='UNSPEC';
      NO_LOAD_CHECK='Both';
      NO_IO_CHECK='Both';
      NO_ASSERT_CHECK='TRUE';
      NO_DIR_CHECK='TRUE';
      ALLOW_CONNECT='TRUE';
    'IO_L11P_T1_SRCC_16':
      PIN_NUMBER='(0,0,0,0,B17,0,0,0,0,0)';
      PINUSE='UNSPEC';
      NO_LOAD_CHECK='Both';
      NO_IO_CHECK='Both';
      NO_ASSERT_CHECK='TRUE';
      NO_DIR_CHECK='TRUE';
      ALLOW_CONNECT='TRUE';
    'IO_L11N_T1_SRCC_16':
      PIN_NUMBER='(0,0,0,0,B18,0,0,0,0,0)';
      PINUSE='UNSPEC';
      NO_LOAD_CHECK='Both';
      NO_IO_CHECK='Both';
      NO_ASSERT_CHECK='TRUE';
      NO_DIR_CHECK='TRUE';
      ALLOW_CONNECT='TRUE';
    'IO_L12P_T1_MRCC_16':
      PIN_NUMBER='(0,0,0,0,D17,0,0,0,0,0)';
      PINUSE='UNSPEC';
      NO_LOAD_CHECK='Both';
      NO_IO_CHECK='Both';
      NO_ASSERT_CHECK='TRUE';
      NO_DIR_CHECK='TRUE';
      ALLOW_CONNECT='TRUE';
    'IO_L12N_T1_MRCC_16':
      PIN_NUMBER='(0,0,0,0,C17,0,0,0,0,0)';
      PINUSE='UNSPEC';
      NO_LOAD_CHECK='Both';
      NO_IO_CHECK='Both';
      NO_ASSERT_CHECK='TRUE';
      NO_DIR_CHECK='TRUE';
      ALLOW_CONNECT='TRUE';
    'IO_L13P_T2_MRCC_16':
      PIN_NUMBER='(0,0,0,0,C18,0,0,0,0,0)';
      PINUSE='UNSPEC';
      NO_LOAD_CHECK='Both';
      NO_IO_CHECK='Both';
      NO_ASSERT_CHECK='TRUE';
      NO_DIR_CHECK='TRUE';
      ALLOW_CONNECT='TRUE';
    'IO_L13N_T2_MRCC_16':
      PIN_NUMBER='(0,0,0,0,C19,0,0,0,0,0)';
      PINUSE='UNSPEC';
      NO_LOAD_CHECK='Both';
      NO_IO_CHECK='Both';
      NO_ASSERT_CHECK='TRUE';
      NO_DIR_CHECK='TRUE';
      ALLOW_CONNECT='TRUE';
    'IO_L14P_T2_SRCC_16':
      PIN_NUMBER='(0,0,0,0,E19,0,0,0,0,0)';
      PINUSE='UNSPEC';
      NO_LOAD_CHECK='Both';
      NO_IO_CHECK='Both';
      NO_ASSERT_CHECK='TRUE';
      NO_DIR_CHECK='TRUE';
      ALLOW_CONNECT='TRUE';
    'IO_L14N_T2_SRCC_16':
      PIN_NUMBER='(0,0,0,0,D19,0,0,0,0,0)';
      PINUSE='UNSPEC';
      NO_LOAD_CHECK='Both';
      NO_IO_CHECK='Both';
      NO_ASSERT_CHECK='TRUE';
      NO_DIR_CHECK='TRUE';
      ALLOW_CONNECT='TRUE';
    'IO_L15P_T2_DQS_16':
      PIN_NUMBER='(0,0,0,0,F18,0,0,0,0,0)';
      PINUSE='UNSPEC';
      NO_LOAD_CHECK='Both';
      NO_IO_CHECK='Both';
      NO_ASSERT_CHECK='TRUE';
      NO_DIR_CHECK='TRUE';
      ALLOW_CONNECT='TRUE';
    'IO_L15N_T2_DQS_16':
      PIN_NUMBER='(0,0,0,0,E18,0,0,0,0,0)';
      PINUSE='UNSPEC';
      NO_LOAD_CHECK='Both';
      NO_IO_CHECK='Both';
      NO_ASSERT_CHECK='TRUE';
      NO_DIR_CHECK='TRUE';
      ALLOW_CONNECT='TRUE';
    'IO_L16P_T2_16':
      PIN_NUMBER='(0,0,0,0,B20,0,0,0,0,0)';
      PINUSE='UNSPEC';
      NO_LOAD_CHECK='Both';
      NO_IO_CHECK='Both';
      NO_ASSERT_CHECK='TRUE';
      NO_DIR_CHECK='TRUE';
      ALLOW_CONNECT='TRUE';
    'IO_L16N_T2_16':
      PIN_NUMBER='(0,0,0,0,A20,0,0,0,0,0)';
      PINUSE='UNSPEC';
      NO_LOAD_CHECK='Both';
      NO_IO_CHECK='Both';
      NO_ASSERT_CHECK='TRUE';
      NO_DIR_CHECK='TRUE';
      ALLOW_CONNECT='TRUE';
    'IO_L17P_T2_16':
      PIN_NUMBER='(0,0,0,0,A18,0,0,0,0,0)';
      PINUSE='UNSPEC';
      NO_LOAD_CHECK='Both';
      NO_IO_CHECK='Both';
      NO_ASSERT_CHECK='TRUE';
      NO_DIR_CHECK='TRUE';
      ALLOW_CONNECT='TRUE';
    'IO_L17N_T2_16':
      PIN_NUMBER='(0,0,0,0,A19,0,0,0,0,0)';
      PINUSE='UNSPEC';
      NO_LOAD_CHECK='Both';
      NO_IO_CHECK='Both';
      NO_ASSERT_CHECK='TRUE';
      NO_DIR_CHECK='TRUE';
      ALLOW_CONNECT='TRUE';
    'IO_L18P_T2_16':
      PIN_NUMBER='(0,0,0,0,F19,0,0,0,0,0)';
      PINUSE='UNSPEC';
      NO_LOAD_CHECK='Both';
      NO_IO_CHECK='Both';
      NO_ASSERT_CHECK='TRUE';
      NO_DIR_CHECK='TRUE';
      ALLOW_CONNECT='TRUE';
    'IO_L18N_T2_16':
      PIN_NUMBER='(0,0,0,0,F20,0,0,0,0,0)';
      PINUSE='UNSPEC';
      NO_LOAD_CHECK='Both';
      NO_IO_CHECK='Both';
      NO_ASSERT_CHECK='TRUE';
      NO_DIR_CHECK='TRUE';
      ALLOW_CONNECT='TRUE';
    'IO_L19P_T3_16':
      PIN_NUMBER='(0,0,0,0,D20,0,0,0,0,0)';
      PINUSE='UNSPEC';
      NO_LOAD_CHECK='Both';
      NO_IO_CHECK='Both';
      NO_ASSERT_CHECK='TRUE';
      NO_DIR_CHECK='TRUE';
      ALLOW_CONNECT='TRUE';
    'IO_L19N_T3_VREF_16':
      PIN_NUMBER='(0,0,0,0,C20,0,0,0,0,0)';
      PINUSE='UNSPEC';
      NO_LOAD_CHECK='Both';
      NO_IO_CHECK='Both';
      NO_ASSERT_CHECK='TRUE';
      NO_DIR_CHECK='TRUE';
      ALLOW_CONNECT='TRUE';
    'IO_L20P_T3_16':
      PIN_NUMBER='(0,0,0,0,C22,0,0,0,0,0)';
      PINUSE='UNSPEC';
      NO_LOAD_CHECK='Both';
      NO_IO_CHECK='Both';
      NO_ASSERT_CHECK='TRUE';
      NO_DIR_CHECK='TRUE';
      ALLOW_CONNECT='TRUE';
    'IO_L20N_T3_16':
      PIN_NUMBER='(0,0,0,0,B22,0,0,0,0,0)';
      PINUSE='UNSPEC';
      NO_LOAD_CHECK='Both';
      NO_IO_CHECK='Both';
      NO_ASSERT_CHECK='TRUE';
      NO_DIR_CHECK='TRUE';
      ALLOW_CONNECT='TRUE';
    'IO_L21P_T3_DQS_16':
      PIN_NUMBER='(0,0,0,0,B21,0,0,0,0,0)';
      PINUSE='UNSPEC';
      NO_LOAD_CHECK='Both';
      NO_IO_CHECK='Both';
      NO_ASSERT_CHECK='TRUE';
      NO_DIR_CHECK='TRUE';
      ALLOW_CONNECT='TRUE';
    'IO_L21N_T3_DQS_16':
      PIN_NUMBER='(0,0,0,0,A21,0,0,0,0,0)';
      PINUSE='UNSPEC';
      NO_LOAD_CHECK='Both';
      NO_IO_CHECK='Both';
      NO_ASSERT_CHECK='TRUE';
      NO_DIR_CHECK='TRUE';
      ALLOW_CONNECT='TRUE';
    'IO_L22P_T3_16':
      PIN_NUMBER='(0,0,0,0,E22,0,0,0,0,0)';
      PINUSE='UNSPEC';
      NO_LOAD_CHECK='Both';
      NO_IO_CHECK='Both';
      NO_ASSERT_CHECK='TRUE';
      NO_DIR_CHECK='TRUE';
      ALLOW_CONNECT='TRUE';
    'IO_L22N_T3_16':
      PIN_NUMBER='(0,0,0,0,D22,0,0,0,0,0)';
      PINUSE='UNSPEC';
      NO_LOAD_CHECK='Both';
      NO_IO_CHECK='Both';
      NO_ASSERT_CHECK='TRUE';
      NO_DIR_CHECK='TRUE';
      ALLOW_CONNECT='TRUE';
    'IO_L23P_T3_16':
      PIN_NUMBER='(0,0,0,0,E21,0,0,0,0,0)';
      PINUSE='UNSPEC';
      NO_LOAD_CHECK='Both';
      NO_IO_CHECK='Both';
      NO_ASSERT_CHECK='TRUE';
      NO_DIR_CHECK='TRUE';
      ALLOW_CONNECT='TRUE';
    'IO_L23N_T3_16':
      PIN_NUMBER='(0,0,0,0,D21,0,0,0,0,0)';
      PINUSE='UNSPEC';
      NO_LOAD_CHECK='Both';
      NO_IO_CHECK='Both';
      NO_ASSERT_CHECK='TRUE';
      NO_DIR_CHECK='TRUE';
      ALLOW_CONNECT='TRUE';
    'IO_L24P_T3_16':
      PIN_NUMBER='(0,0,0,0,G21,0,0,0,0,0)';
      PINUSE='UNSPEC';
      NO_LOAD_CHECK='Both';
      NO_IO_CHECK='Both';
      NO_ASSERT_CHECK='TRUE';
      NO_DIR_CHECK='TRUE';
      ALLOW_CONNECT='TRUE';
    'IO_L24N_T3_16':
      PIN_NUMBER='(0,0,0,0,G22,0,0,0,0,0)';
      PINUSE='UNSPEC';
      NO_LOAD_CHECK='Both';
      NO_IO_CHECK='Both';
      NO_ASSERT_CHECK='TRUE';
      NO_DIR_CHECK='TRUE';
      ALLOW_CONNECT='TRUE';
    'IO_25_16':
      PIN_NUMBER='(0,0,0,0,F21,0,0,0,0,0)';
      PINUSE='UNSPEC';
      NO_LOAD_CHECK='Both';
      NO_IO_CHECK='Both';
      NO_ASSERT_CHECK='TRUE';
      NO_DIR_CHECK='TRUE';
      ALLOW_CONNECT='TRUE';
    'VCCO_16'<1>:
      PIN_NUMBER='(0,0,0,0,A17,0,0,0,0,0)';
      PINUSE='UNSPEC';
      NO_LOAD_CHECK='Both';
      NO_IO_CHECK='Both';
      NO_ASSERT_CHECK='TRUE';
      NO_DIR_CHECK='TRUE';
      ALLOW_CONNECT='TRUE';
    'VCCO_16'<2>:
      PIN_NUMBER='(0,0,0,0,B14,0,0,0,0,0)';
      PINUSE='UNSPEC';
      NO_LOAD_CHECK='Both';
      NO_IO_CHECK='Both';
      NO_ASSERT_CHECK='TRUE';
      NO_DIR_CHECK='TRUE';
      ALLOW_CONNECT='TRUE';
    'VCCO_16'<3>:
      PIN_NUMBER='(0,0,0,0,C21,0,0,0,0,0)';
      PINUSE='UNSPEC';
      NO_LOAD_CHECK='Both';
      NO_IO_CHECK='Both';
      NO_ASSERT_CHECK='TRUE';
      NO_DIR_CHECK='TRUE';
      ALLOW_CONNECT='TRUE';
    'VCCO_16'<4>:
      PIN_NUMBER='(0,0,0,0,D18,0,0,0,0,0)';
      PINUSE='UNSPEC';
      NO_LOAD_CHECK='Both';
      NO_IO_CHECK='Both';
      NO_ASSERT_CHECK='TRUE';
      NO_DIR_CHECK='TRUE';
      ALLOW_CONNECT='TRUE';
    'VCCO_16'<5>:
      PIN_NUMBER='(0,0,0,0,E15,0,0,0,0,0)';
      PINUSE='UNSPEC';
      NO_LOAD_CHECK='Both';
      NO_IO_CHECK='Both';
      NO_ASSERT_CHECK='TRUE';
      NO_DIR_CHECK='TRUE';
      ALLOW_CONNECT='TRUE';
    'VCCO_16'<6>:
      PIN_NUMBER='(0,0,0,0,F22,0,0,0,0,0)';
      PINUSE='UNSPEC';
      NO_LOAD_CHECK='Both';
      NO_IO_CHECK='Both';
      NO_ASSERT_CHECK='TRUE';
      NO_DIR_CHECK='TRUE';
      ALLOW_CONNECT='TRUE';
    'IO_0_34':
      PIN_NUMBER='(0,0,0,0,0,T3,0,0,0,0)';
      PINUSE='UNSPEC';
      NO_LOAD_CHECK='Both';
      NO_IO_CHECK='Both';
      NO_ASSERT_CHECK='TRUE';
      NO_DIR_CHECK='TRUE';
      ALLOW_CONNECT='TRUE';
    'IO_L1P_T0_34':
      PIN_NUMBER='(0,0,0,0,0,T1,0,0,0,0)';
      PINUSE='UNSPEC';
      NO_LOAD_CHECK='Both';
      NO_IO_CHECK='Both';
      NO_ASSERT_CHECK='TRUE';
      NO_DIR_CHECK='TRUE';
      ALLOW_CONNECT='TRUE';
    'IO_L1N_T0_34':
      PIN_NUMBER='(0,0,0,0,0,U1,0,0,0,0)';
      PINUSE='UNSPEC';
      NO_LOAD_CHECK='Both';
      NO_IO_CHECK='Both';
      NO_ASSERT_CHECK='TRUE';
      NO_DIR_CHECK='TRUE';
      ALLOW_CONNECT='TRUE';
    'IO_L2P_T0_34':
      PIN_NUMBER='(0,0,0,0,0,U2,0,0,0,0)';
      PINUSE='UNSPEC';
      NO_LOAD_CHECK='Both';
      NO_IO_CHECK='Both';
      NO_ASSERT_CHECK='TRUE';
      NO_DIR_CHECK='TRUE';
      ALLOW_CONNECT='TRUE';
    'IO_L2N_T0_34':
      PIN_NUMBER='(0,0,0,0,0,V2,0,0,0,0)';
      PINUSE='UNSPEC';
      NO_LOAD_CHECK='Both';
      NO_IO_CHECK='Both';
      NO_ASSERT_CHECK='TRUE';
      NO_DIR_CHECK='TRUE';
      ALLOW_CONNECT='TRUE';
    'IO_L3P_T0_DQS_34':
      PIN_NUMBER='(0,0,0,0,0,R3,0,0,0,0)';
      PINUSE='UNSPEC';
      NO_LOAD_CHECK='Both';
      NO_IO_CHECK='Both';
      NO_ASSERT_CHECK='TRUE';
      NO_DIR_CHECK='TRUE';
      ALLOW_CONNECT='TRUE';
    'IO_L3N_T0_DQS_34':
      PIN_NUMBER='(0,0,0,0,0,R2,0,0,0,0)';
      PINUSE='UNSPEC';
      NO_LOAD_CHECK='Both';
      NO_IO_CHECK='Both';
      NO_ASSERT_CHECK='TRUE';
      NO_DIR_CHECK='TRUE';
      ALLOW_CONNECT='TRUE';
    'IO_L4P_T0_34':
      PIN_NUMBER='(0,0,0,0,0,W2,0,0,0,0)';
      PINUSE='UNSPEC';
      NO_LOAD_CHECK='Both';
      NO_IO_CHECK='Both';
      NO_ASSERT_CHECK='TRUE';
      NO_DIR_CHECK='TRUE';
      ALLOW_CONNECT='TRUE';
    'IO_L4N_T0_34':
      PIN_NUMBER='(0,0,0,0,0,Y2,0,0,0,0)';
      PINUSE='UNSPEC';
      NO_LOAD_CHECK='Both';
      NO_IO_CHECK='Both';
      NO_ASSERT_CHECK='TRUE';
      NO_DIR_CHECK='TRUE';
      ALLOW_CONNECT='TRUE';
    'IO_L5P_T0_34':
      PIN_NUMBER='(0,0,0,0,0,W1,0,0,0,0)';
      PINUSE='UNSPEC';
      NO_LOAD_CHECK='Both';
      NO_IO_CHECK='Both';
      NO_ASSERT_CHECK='TRUE';
      NO_DIR_CHECK='TRUE';
      ALLOW_CONNECT='TRUE';
    'IO_L5N_T0_34':
      PIN_NUMBER='(0,0,0,0,0,Y1,0,0,0,0)';
      PINUSE='UNSPEC';
      NO_LOAD_CHECK='Both';
      NO_IO_CHECK='Both';
      NO_ASSERT_CHECK='TRUE';
      NO_DIR_CHECK='TRUE';
      ALLOW_CONNECT='TRUE';
    'IO_L6P_T0_34':
      PIN_NUMBER='(0,0,0,0,0,U3,0,0,0,0)';
      PINUSE='UNSPEC';
      NO_LOAD_CHECK='Both';
      NO_IO_CHECK='Both';
      NO_ASSERT_CHECK='TRUE';
      NO_DIR_CHECK='TRUE';
      ALLOW_CONNECT='TRUE';
    'IO_L6N_T0_VREF_34':
      PIN_NUMBER='(0,0,0,0,0,V3,0,0,0,0)';
      PINUSE='UNSPEC';
      NO_LOAD_CHECK='Both';
      NO_IO_CHECK='Both';
      NO_ASSERT_CHECK='TRUE';
      NO_DIR_CHECK='TRUE';
      ALLOW_CONNECT='TRUE';
    'IO_L7P_T1_34':
      PIN_NUMBER='(0,0,0,0,0,AA1,0,0,0,0)';
      PINUSE='UNSPEC';
      NO_LOAD_CHECK='Both';
      NO_IO_CHECK='Both';
      NO_ASSERT_CHECK='TRUE';
      NO_DIR_CHECK='TRUE';
      ALLOW_CONNECT='TRUE';
    'IO_L7N_T1_34':
      PIN_NUMBER='(0,0,0,0,0,AB1,0,0,0,0)';
      PINUSE='UNSPEC';
      NO_LOAD_CHECK='Both';
      NO_IO_CHECK='Both';
      NO_ASSERT_CHECK='TRUE';
      NO_DIR_CHECK='TRUE';
      ALLOW_CONNECT='TRUE';
    'IO_L8P_T1_34':
      PIN_NUMBER='(0,0,0,0,0,AB3,0,0,0,0)';
      PINUSE='UNSPEC';
      NO_LOAD_CHECK='Both';
      NO_IO_CHECK='Both';
      NO_ASSERT_CHECK='TRUE';
      NO_DIR_CHECK='TRUE';
      ALLOW_CONNECT='TRUE';
    'IO_L8N_T1_34':
      PIN_NUMBER='(0,0,0,0,0,AB2,0,0,0,0)';
      PINUSE='UNSPEC';
      NO_LOAD_CHECK='Both';
      NO_IO_CHECK='Both';
      NO_ASSERT_CHECK='TRUE';
      NO_DIR_CHECK='TRUE';
      ALLOW_CONNECT='TRUE';
    'IO_L9P_T1_DQS_34':
      PIN_NUMBER='(0,0,0,0,0,Y3,0,0,0,0)';
      PINUSE='UNSPEC';
      NO_LOAD_CHECK='Both';
      NO_IO_CHECK='Both';
      NO_ASSERT_CHECK='TRUE';
      NO_DIR_CHECK='TRUE';
      ALLOW_CONNECT='TRUE';
    'IO_L9N_T1_DQS_34':
      PIN_NUMBER='(0,0,0,0,0,AA3,0,0,0,0)';
      PINUSE='UNSPEC';
      NO_LOAD_CHECK='Both';
      NO_IO_CHECK='Both';
      NO_ASSERT_CHECK='TRUE';
      NO_DIR_CHECK='TRUE';
      ALLOW_CONNECT='TRUE';
    'IO_L10P_T1_34':
      PIN_NUMBER='(0,0,0,0,0,AA5,0,0,0,0)';
      PINUSE='UNSPEC';
      NO_LOAD_CHECK='Both';
      NO_IO_CHECK='Both';
      NO_ASSERT_CHECK='TRUE';
      NO_DIR_CHECK='TRUE';
      ALLOW_CONNECT='TRUE';
    'IO_L10N_T1_34':
      PIN_NUMBER='(0,0,0,0,0,AB5,0,0,0,0)';
      PINUSE='UNSPEC';
      NO_LOAD_CHECK='Both';
      NO_IO_CHECK='Both';
      NO_ASSERT_CHECK='TRUE';
      NO_DIR_CHECK='TRUE';
      ALLOW_CONNECT='TRUE';
    'IO_L11P_T1_SRCC_34':
      PIN_NUMBER='(0,0,0,0,0,Y4,0,0,0,0)';
      PINUSE='UNSPEC';
      NO_LOAD_CHECK='Both';
      NO_IO_CHECK='Both';
      NO_ASSERT_CHECK='TRUE';
      NO_DIR_CHECK='TRUE';
      ALLOW_CONNECT='TRUE';
    'IO_L11N_T1_SRCC_34':
      PIN_NUMBER='(0,0,0,0,0,AA4,0,0,0,0)';
      PINUSE='UNSPEC';
      NO_LOAD_CHECK='Both';
      NO_IO_CHECK='Both';
      NO_ASSERT_CHECK='TRUE';
      NO_DIR_CHECK='TRUE';
      ALLOW_CONNECT='TRUE';
    'IO_L12P_T1_MRCC_34':
      PIN_NUMBER='(0,0,0,0,0,V4,0,0,0,0)';
      PINUSE='UNSPEC';
      NO_LOAD_CHECK='Both';
      NO_IO_CHECK='Both';
      NO_ASSERT_CHECK='TRUE';
      NO_DIR_CHECK='TRUE';
      ALLOW_CONNECT='TRUE';
    'IO_L12N_T1_MRCC_34':
      PIN_NUMBER='(0,0,0,0,0,W4,0,0,0,0)';
      PINUSE='UNSPEC';
      NO_LOAD_CHECK='Both';
      NO_IO_CHECK='Both';
      NO_ASSERT_CHECK='TRUE';
      NO_DIR_CHECK='TRUE';
      ALLOW_CONNECT='TRUE';
    'IO_L13P_T2_MRCC_34':
      PIN_NUMBER='(0,0,0,0,0,R4,0,0,0,0)';
      PINUSE='UNSPEC';
      NO_LOAD_CHECK='Both';
      NO_IO_CHECK='Both';
      NO_ASSERT_CHECK='TRUE';
      NO_DIR_CHECK='TRUE';
      ALLOW_CONNECT='TRUE';
    'IO_L13N_T2_MRCC_34':
      PIN_NUMBER='(0,0,0,0,0,T4,0,0,0,0)';
      PINUSE='UNSPEC';
      NO_LOAD_CHECK='Both';
      NO_IO_CHECK='Both';
      NO_ASSERT_CHECK='TRUE';
      NO_DIR_CHECK='TRUE';
      ALLOW_CONNECT='TRUE';
    'IO_L14P_T2_SRCC_34':
      PIN_NUMBER='(0,0,0,0,0,T5,0,0,0,0)';
      PINUSE='UNSPEC';
      NO_LOAD_CHECK='Both';
      NO_IO_CHECK='Both';
      NO_ASSERT_CHECK='TRUE';
      NO_DIR_CHECK='TRUE';
      ALLOW_CONNECT='TRUE';
    'IO_L14N_T2_SRCC_34':
      PIN_NUMBER='(0,0,0,0,0,U5,0,0,0,0)';
      PINUSE='UNSPEC';
      NO_LOAD_CHECK='Both';
      NO_IO_CHECK='Both';
      NO_ASSERT_CHECK='TRUE';
      NO_DIR_CHECK='TRUE';
      ALLOW_CONNECT='TRUE';
    'IO_L15P_T2_DQS_34':
      PIN_NUMBER='(0,0,0,0,0,W6,0,0,0,0)';
      PINUSE='UNSPEC';
      NO_LOAD_CHECK='Both';
      NO_IO_CHECK='Both';
      NO_ASSERT_CHECK='TRUE';
      NO_DIR_CHECK='TRUE';
      ALLOW_CONNECT='TRUE';
    'IO_L15N_T2_DQS_34':
      PIN_NUMBER='(0,0,0,0,0,W5,0,0,0,0)';
      PINUSE='UNSPEC';
      NO_LOAD_CHECK='Both';
      NO_IO_CHECK='Both';
      NO_ASSERT_CHECK='TRUE';
      NO_DIR_CHECK='TRUE';
      ALLOW_CONNECT='TRUE';
    'IO_L16P_T2_34':
      PIN_NUMBER='(0,0,0,0,0,U6,0,0,0,0)';
      PINUSE='UNSPEC';
      NO_LOAD_CHECK='Both';
      NO_IO_CHECK='Both';
      NO_ASSERT_CHECK='TRUE';
      NO_DIR_CHECK='TRUE';
      ALLOW_CONNECT='TRUE';
    'IO_L16N_T2_34':
      PIN_NUMBER='(0,0,0,0,0,V5,0,0,0,0)';
      PINUSE='UNSPEC';
      NO_LOAD_CHECK='Both';
      NO_IO_CHECK='Both';
      NO_ASSERT_CHECK='TRUE';
      NO_DIR_CHECK='TRUE';
      ALLOW_CONNECT='TRUE';
    'IO_L17P_T2_34':
      PIN_NUMBER='(0,0,0,0,0,R6,0,0,0,0)';
      PINUSE='UNSPEC';
      NO_LOAD_CHECK='Both';
      NO_IO_CHECK='Both';
      NO_ASSERT_CHECK='TRUE';
      NO_DIR_CHECK='TRUE';
      ALLOW_CONNECT='TRUE';
    'IO_L17N_T2_34':
      PIN_NUMBER='(0,0,0,0,0,T6,0,0,0,0)';
      PINUSE='UNSPEC';
      NO_LOAD_CHECK='Both';
      NO_IO_CHECK='Both';
      NO_ASSERT_CHECK='TRUE';
      NO_DIR_CHECK='TRUE';
      ALLOW_CONNECT='TRUE';
    'IO_L18P_T2_34':
      PIN_NUMBER='(0,0,0,0,0,Y6,0,0,0,0)';
      PINUSE='UNSPEC';
      NO_LOAD_CHECK='Both';
      NO_IO_CHECK='Both';
      NO_ASSERT_CHECK='TRUE';
      NO_DIR_CHECK='TRUE';
      ALLOW_CONNECT='TRUE';
    'IO_L18N_T2_34':
      PIN_NUMBER='(0,0,0,0,0,AA6,0,0,0,0)';
      PINUSE='UNSPEC';
      NO_LOAD_CHECK='Both';
      NO_IO_CHECK='Both';
      NO_ASSERT_CHECK='TRUE';
      NO_DIR_CHECK='TRUE';
      ALLOW_CONNECT='TRUE';
    'IO_L19P_T3_34':
      PIN_NUMBER='(0,0,0,0,0,V7,0,0,0,0)';
      PINUSE='UNSPEC';
      NO_LOAD_CHECK='Both';
      NO_IO_CHECK='Both';
      NO_ASSERT_CHECK='TRUE';
      NO_DIR_CHECK='TRUE';
      ALLOW_CONNECT='TRUE';
    'IO_L19N_T3_VREF_34':
      PIN_NUMBER='(0,0,0,0,0,W7,0,0,0,0)';
      PINUSE='UNSPEC';
      NO_LOAD_CHECK='Both';
      NO_IO_CHECK='Both';
      NO_ASSERT_CHECK='TRUE';
      NO_DIR_CHECK='TRUE';
      ALLOW_CONNECT='TRUE';
    'IO_L20P_T3_34':
      PIN_NUMBER='(0,0,0,0,0,AB7,0,0,0,0)';
      PINUSE='UNSPEC';
      NO_LOAD_CHECK='Both';
      NO_IO_CHECK='Both';
      NO_ASSERT_CHECK='TRUE';
      NO_DIR_CHECK='TRUE';
      ALLOW_CONNECT='TRUE';
    'IO_L20N_T3_34':
      PIN_NUMBER='(0,0,0,0,0,AB6,0,0,0,0)';
      PINUSE='UNSPEC';
      NO_LOAD_CHECK='Both';
      NO_IO_CHECK='Both';
      NO_ASSERT_CHECK='TRUE';
      NO_DIR_CHECK='TRUE';
      ALLOW_CONNECT='TRUE';
    'IO_L21P_T3_DQS_34':
      PIN_NUMBER='(0,0,0,0,0,V9,0,0,0,0)';
      PINUSE='UNSPEC';
      NO_LOAD_CHECK='Both';
      NO_IO_CHECK='Both';
      NO_ASSERT_CHECK='TRUE';
      NO_DIR_CHECK='TRUE';
      ALLOW_CONNECT='TRUE';
    'IO_L21N_T3_DQS_34':
      PIN_NUMBER='(0,0,0,0,0,V8,0,0,0,0)';
      PINUSE='UNSPEC';
      NO_LOAD_CHECK='Both';
      NO_IO_CHECK='Both';
      NO_ASSERT_CHECK='TRUE';
      NO_DIR_CHECK='TRUE';
      ALLOW_CONNECT='TRUE';
    'IO_L22P_T3_34':
      PIN_NUMBER='(0,0,0,0,0,AA8,0,0,0,0)';
      PINUSE='UNSPEC';
      NO_LOAD_CHECK='Both';
      NO_IO_CHECK='Both';
      NO_ASSERT_CHECK='TRUE';
      NO_DIR_CHECK='TRUE';
      ALLOW_CONNECT='TRUE';
    'IO_L22N_T3_34':
      PIN_NUMBER='(0,0,0,0,0,AB8,0,0,0,0)';
      PINUSE='UNSPEC';
      NO_LOAD_CHECK='Both';
      NO_IO_CHECK='Both';
      NO_ASSERT_CHECK='TRUE';
      NO_DIR_CHECK='TRUE';
      ALLOW_CONNECT='TRUE';
    'IO_L23P_T3_34':
      PIN_NUMBER='(0,0,0,0,0,Y8,0,0,0,0)';
      PINUSE='UNSPEC';
      NO_LOAD_CHECK='Both';
      NO_IO_CHECK='Both';
      NO_ASSERT_CHECK='TRUE';
      NO_DIR_CHECK='TRUE';
      ALLOW_CONNECT='TRUE';
    'IO_L23N_T3_34':
      PIN_NUMBER='(0,0,0,0,0,Y7,0,0,0,0)';
      PINUSE='UNSPEC';
      NO_LOAD_CHECK='Both';
      NO_IO_CHECK='Both';
      NO_ASSERT_CHECK='TRUE';
      NO_DIR_CHECK='TRUE';
      ALLOW_CONNECT='TRUE';
    'IO_L24P_T3_34':
      PIN_NUMBER='(0,0,0,0,0,W9,0,0,0,0)';
      PINUSE='UNSPEC';
      NO_LOAD_CHECK='Both';
      NO_IO_CHECK='Both';
      NO_ASSERT_CHECK='TRUE';
      NO_DIR_CHECK='TRUE';
      ALLOW_CONNECT='TRUE';
    'IO_L24N_T3_34':
      PIN_NUMBER='(0,0,0,0,0,Y9,0,0,0,0)';
      PINUSE='UNSPEC';
      NO_LOAD_CHECK='Both';
      NO_IO_CHECK='Both';
      NO_ASSERT_CHECK='TRUE';
      NO_DIR_CHECK='TRUE';
      ALLOW_CONNECT='TRUE';
    'IO_25_34':
      PIN_NUMBER='(0,0,0,0,0,U7,0,0,0,0)';
      PINUSE='UNSPEC';
      NO_LOAD_CHECK='Both';
      NO_IO_CHECK='Both';
      NO_ASSERT_CHECK='TRUE';
      NO_DIR_CHECK='TRUE';
      ALLOW_CONNECT='TRUE';
    'VCCO_34'<1>:
      PIN_NUMBER='(0,0,0,0,0,AA7,0,0,0,0)';
      PINUSE='UNSPEC';
      NO_LOAD_CHECK='Both';
      NO_IO_CHECK='Both';
      NO_ASSERT_CHECK='TRUE';
      NO_DIR_CHECK='TRUE';
      ALLOW_CONNECT='TRUE';
    'VCCO_34'<2>:
      PIN_NUMBER='(0,0,0,0,0,AB4,0,0,0,0)';
      PINUSE='UNSPEC';
      NO_LOAD_CHECK='Both';
      NO_IO_CHECK='Both';
      NO_ASSERT_CHECK='TRUE';
      NO_DIR_CHECK='TRUE';
      ALLOW_CONNECT='TRUE';
    'VCCO_34'<3>:
      PIN_NUMBER='(0,0,0,0,0,R5,0,0,0,0)';
      PINUSE='UNSPEC';
      NO_LOAD_CHECK='Both';
      NO_IO_CHECK='Both';
      NO_ASSERT_CHECK='TRUE';
      NO_DIR_CHECK='TRUE';
      ALLOW_CONNECT='TRUE';
    'VCCO_34'<4>:
      PIN_NUMBER='(0,0,0,0,0,T2,0,0,0,0)';
      PINUSE='UNSPEC';
      NO_LOAD_CHECK='Both';
      NO_IO_CHECK='Both';
      NO_ASSERT_CHECK='TRUE';
      NO_DIR_CHECK='TRUE';
      ALLOW_CONNECT='TRUE';
    'VCCO_34'<5>:
      PIN_NUMBER='(0,0,0,0,0,V6,0,0,0,0)';
      PINUSE='UNSPEC';
      NO_LOAD_CHECK='Both';
      NO_IO_CHECK='Both';
      NO_ASSERT_CHECK='TRUE';
      NO_DIR_CHECK='TRUE';
      ALLOW_CONNECT='TRUE';
    'VCCO_34'<6>:
      PIN_NUMBER='(0,0,0,0,0,W3,0,0,0,0)';
      PINUSE='UNSPEC';
      NO_LOAD_CHECK='Both';
      NO_IO_CHECK='Both';
      NO_ASSERT_CHECK='TRUE';
      NO_DIR_CHECK='TRUE';
      ALLOW_CONNECT='TRUE';
    'IO_0_35':
      PIN_NUMBER='(0,0,0,0,0,0,F4,0,0,0)';
      PINUSE='UNSPEC';
      NO_LOAD_CHECK='Both';
      NO_IO_CHECK='Both';
      NO_ASSERT_CHECK='TRUE';
      NO_DIR_CHECK='TRUE';
      ALLOW_CONNECT='TRUE';
    'IO_L1P_T0_AD4P_35':
      PIN_NUMBER='(0,0,0,0,0,0,B1,0,0,0)';
      PINUSE='UNSPEC';
      NO_LOAD_CHECK='Both';
      NO_IO_CHECK='Both';
      NO_ASSERT_CHECK='TRUE';
      NO_DIR_CHECK='TRUE';
      ALLOW_CONNECT='TRUE';
    'IO_L1N_T0_AD4N_35':
      PIN_NUMBER='(0,0,0,0,0,0,A1,0,0,0)';
      PINUSE='UNSPEC';
      NO_LOAD_CHECK='Both';
      NO_IO_CHECK='Both';
      NO_ASSERT_CHECK='TRUE';
      NO_DIR_CHECK='TRUE';
      ALLOW_CONNECT='TRUE';
    'IO_L2P_T0_AD12P_35':
      PIN_NUMBER='(0,0,0,0,0,0,C2,0,0,0)';
      PINUSE='UNSPEC';
      NO_LOAD_CHECK='Both';
      NO_IO_CHECK='Both';
      NO_ASSERT_CHECK='TRUE';
      NO_DIR_CHECK='TRUE';
      ALLOW_CONNECT='TRUE';
    'IO_L2N_T0_AD12N_35':
      PIN_NUMBER='(0,0,0,0,0,0,B2,0,0,0)';
      PINUSE='UNSPEC';
      NO_LOAD_CHECK='Both';
      NO_IO_CHECK='Both';
      NO_ASSERT_CHECK='TRUE';
      NO_DIR_CHECK='TRUE';
      ALLOW_CONNECT='TRUE';
    'IO_L3P_T0_DQS_AD5P_35':
      PIN_NUMBER='(0,0,0,0,0,0,E1,0,0,0)';
      PINUSE='UNSPEC';
      NO_LOAD_CHECK='Both';
      NO_IO_CHECK='Both';
      NO_ASSERT_CHECK='TRUE';
      NO_DIR_CHECK='TRUE';
      ALLOW_CONNECT='TRUE';
    'IO_L3N_T0_DQS_AD5N_35':
      PIN_NUMBER='(0,0,0,0,0,0,D1,0,0,0)';
      PINUSE='UNSPEC';
      NO_LOAD_CHECK='Both';
      NO_IO_CHECK='Both';
      NO_ASSERT_CHECK='TRUE';
      NO_DIR_CHECK='TRUE';
      ALLOW_CONNECT='TRUE';
    'IO_L4P_T0_35':
      PIN_NUMBER='(0,0,0,0,0,0,E2,0,0,0)';
      PINUSE='UNSPEC';
      NO_LOAD_CHECK='Both';
      NO_IO_CHECK='Both';
      NO_ASSERT_CHECK='TRUE';
      NO_DIR_CHECK='TRUE';
      ALLOW_CONNECT='TRUE';
    'IO_L4N_T0_35':
      PIN_NUMBER='(0,0,0,0,0,0,D2,0,0,0)';
      PINUSE='UNSPEC';
      NO_LOAD_CHECK='Both';
      NO_IO_CHECK='Both';
      NO_ASSERT_CHECK='TRUE';
      NO_DIR_CHECK='TRUE';
      ALLOW_CONNECT='TRUE';
    'IO_L5P_T0_AD13P_35':
      PIN_NUMBER='(0,0,0,0,0,0,G1,0,0,0)';
      PINUSE='UNSPEC';
      NO_LOAD_CHECK='Both';
      NO_IO_CHECK='Both';
      NO_ASSERT_CHECK='TRUE';
      NO_DIR_CHECK='TRUE';
      ALLOW_CONNECT='TRUE';
    'IO_L5N_T0_AD13N_35':
      PIN_NUMBER='(0,0,0,0,0,0,F1,0,0,0)';
      PINUSE='UNSPEC';
      NO_LOAD_CHECK='Both';
      NO_IO_CHECK='Both';
      NO_ASSERT_CHECK='TRUE';
      NO_DIR_CHECK='TRUE';
      ALLOW_CONNECT='TRUE';
    'IO_L6P_T0_35':
      PIN_NUMBER='(0,0,0,0,0,0,F3,0,0,0)';
      PINUSE='UNSPEC';
      NO_LOAD_CHECK='Both';
      NO_IO_CHECK='Both';
      NO_ASSERT_CHECK='TRUE';
      NO_DIR_CHECK='TRUE';
      ALLOW_CONNECT='TRUE';
    'IO_L6N_T0_VREF_35':
      PIN_NUMBER='(0,0,0,0,0,0,E3,0,0,0)';
      PINUSE='UNSPEC';
      NO_LOAD_CHECK='Both';
      NO_IO_CHECK='Both';
      NO_ASSERT_CHECK='TRUE';
      NO_DIR_CHECK='TRUE';
      ALLOW_CONNECT='TRUE';
    'IO_L7P_T1_AD6P_35':
      PIN_NUMBER='(0,0,0,0,0,0,K1,0,0,0)';
      PINUSE='UNSPEC';
      NO_LOAD_CHECK='Both';
      NO_IO_CHECK='Both';
      NO_ASSERT_CHECK='TRUE';
      NO_DIR_CHECK='TRUE';
      ALLOW_CONNECT='TRUE';
    'IO_L7N_T1_AD6N_35':
      PIN_NUMBER='(0,0,0,0,0,0,J1,0,0,0)';
      PINUSE='UNSPEC';
      NO_LOAD_CHECK='Both';
      NO_IO_CHECK='Both';
      NO_ASSERT_CHECK='TRUE';
      NO_DIR_CHECK='TRUE';
      ALLOW_CONNECT='TRUE';
    'IO_L8P_T1_AD14P_35':
      PIN_NUMBER='(0,0,0,0,0,0,H2,0,0,0)';
      PINUSE='UNSPEC';
      NO_LOAD_CHECK='Both';
      NO_IO_CHECK='Both';
      NO_ASSERT_CHECK='TRUE';
      NO_DIR_CHECK='TRUE';
      ALLOW_CONNECT='TRUE';
    'IO_L8N_T1_AD14N_35':
      PIN_NUMBER='(0,0,0,0,0,0,G2,0,0,0)';
      PINUSE='UNSPEC';
      NO_LOAD_CHECK='Both';
      NO_IO_CHECK='Both';
      NO_ASSERT_CHECK='TRUE';
      NO_DIR_CHECK='TRUE';
      ALLOW_CONNECT='TRUE';
    'IO_L9P_T1_DQS_AD7P_35':
      PIN_NUMBER='(0,0,0,0,0,0,K2,0,0,0)';
      PINUSE='UNSPEC';
      NO_LOAD_CHECK='Both';
      NO_IO_CHECK='Both';
      NO_ASSERT_CHECK='TRUE';
      NO_DIR_CHECK='TRUE';
      ALLOW_CONNECT='TRUE';
    'IO_L9N_T1_DQS_AD7N_35':
      PIN_NUMBER='(0,0,0,0,0,0,J2,0,0,0)';
      PINUSE='UNSPEC';
      NO_LOAD_CHECK='Both';
      NO_IO_CHECK='Both';
      NO_ASSERT_CHECK='TRUE';
      NO_DIR_CHECK='TRUE';
      ALLOW_CONNECT='TRUE';
    'IO_L10P_T1_AD15P_35':
      PIN_NUMBER='(0,0,0,0,0,0,J5,0,0,0)';
      PINUSE='UNSPEC';
      NO_LOAD_CHECK='Both';
      NO_IO_CHECK='Both';
      NO_ASSERT_CHECK='TRUE';
      NO_DIR_CHECK='TRUE';
      ALLOW_CONNECT='TRUE';
    'IO_L10N_T1_AD15N_35':
      PIN_NUMBER='(0,0,0,0,0,0,H5,0,0,0)';
      PINUSE='UNSPEC';
      NO_LOAD_CHECK='Both';
      NO_IO_CHECK='Both';
      NO_ASSERT_CHECK='TRUE';
      NO_DIR_CHECK='TRUE';
      ALLOW_CONNECT='TRUE';
    'IO_L11P_T1_SRCC_35':
      PIN_NUMBER='(0,0,0,0,0,0,H3,0,0,0)';
      PINUSE='UNSPEC';
      NO_LOAD_CHECK='Both';
      NO_IO_CHECK='Both';
      NO_ASSERT_CHECK='TRUE';
      NO_DIR_CHECK='TRUE';
      ALLOW_CONNECT='TRUE';
    'IO_L11N_T1_SRCC_35':
      PIN_NUMBER='(0,0,0,0,0,0,G3,0,0,0)';
      PINUSE='UNSPEC';
      NO_LOAD_CHECK='Both';
      NO_IO_CHECK='Both';
      NO_ASSERT_CHECK='TRUE';
      NO_DIR_CHECK='TRUE';
      ALLOW_CONNECT='TRUE';
    'IO_L12P_T1_MRCC_35':
      PIN_NUMBER='(0,0,0,0,0,0,H4,0,0,0)';
      PINUSE='UNSPEC';
      NO_LOAD_CHECK='Both';
      NO_IO_CHECK='Both';
      NO_ASSERT_CHECK='TRUE';
      NO_DIR_CHECK='TRUE';
      ALLOW_CONNECT='TRUE';
    'IO_L12N_T1_MRCC_35':
      PIN_NUMBER='(0,0,0,0,0,0,G4,0,0,0)';
      PINUSE='UNSPEC';
      NO_LOAD_CHECK='Both';
      NO_IO_CHECK='Both';
      NO_ASSERT_CHECK='TRUE';
      NO_DIR_CHECK='TRUE';
      ALLOW_CONNECT='TRUE';
    'IO_L13P_T2_MRCC_35':
      PIN_NUMBER='(0,0,0,0,0,0,K4,0,0,0)';
      PINUSE='UNSPEC';
      NO_LOAD_CHECK='Both';
      NO_IO_CHECK='Both';
      NO_ASSERT_CHECK='TRUE';
      NO_DIR_CHECK='TRUE';
      ALLOW_CONNECT='TRUE';
    'IO_L13N_T2_MRCC_35':
      PIN_NUMBER='(0,0,0,0,0,0,J4,0,0,0)';
      PINUSE='UNSPEC';
      NO_LOAD_CHECK='Both';
      NO_IO_CHECK='Both';
      NO_ASSERT_CHECK='TRUE';
      NO_DIR_CHECK='TRUE';
      ALLOW_CONNECT='TRUE';
    'IO_L14P_T2_SRCC_35':
      PIN_NUMBER='(0,0,0,0,0,0,L3,0,0,0)';
      PINUSE='UNSPEC';
      NO_LOAD_CHECK='Both';
      NO_IO_CHECK='Both';
      NO_ASSERT_CHECK='TRUE';
      NO_DIR_CHECK='TRUE';
      ALLOW_CONNECT='TRUE';
    'IO_L14N_T2_SRCC_35':
      PIN_NUMBER='(0,0,0,0,0,0,K3,0,0,0)';
      PINUSE='UNSPEC';
      NO_LOAD_CHECK='Both';
      NO_IO_CHECK='Both';
      NO_ASSERT_CHECK='TRUE';
      NO_DIR_CHECK='TRUE';
      ALLOW_CONNECT='TRUE';
    'IO_L15P_T2_DQS_35':
      PIN_NUMBER='(0,0,0,0,0,0,M1,0,0,0)';
      PINUSE='UNSPEC';
      NO_LOAD_CHECK='Both';
      NO_IO_CHECK='Both';
      NO_ASSERT_CHECK='TRUE';
      NO_DIR_CHECK='TRUE';
      ALLOW_CONNECT='TRUE';
    'IO_L15N_T2_DQS_35':
      PIN_NUMBER='(0,0,0,0,0,0,L1,0,0,0)';
      PINUSE='UNSPEC';
      NO_LOAD_CHECK='Both';
      NO_IO_CHECK='Both';
      NO_ASSERT_CHECK='TRUE';
      NO_DIR_CHECK='TRUE';
      ALLOW_CONNECT='TRUE';
    'IO_L16P_T2_35':
      PIN_NUMBER='(0,0,0,0,0,0,M3,0,0,0)';
      PINUSE='UNSPEC';
      NO_LOAD_CHECK='Both';
      NO_IO_CHECK='Both';
      NO_ASSERT_CHECK='TRUE';
      NO_DIR_CHECK='TRUE';
      ALLOW_CONNECT='TRUE';
    'IO_L16N_T2_35':
      PIN_NUMBER='(0,0,0,0,0,0,M2,0,0,0)';
      PINUSE='UNSPEC';
      NO_LOAD_CHECK='Both';
      NO_IO_CHECK='Both';
      NO_ASSERT_CHECK='TRUE';
      NO_DIR_CHECK='TRUE';
      ALLOW_CONNECT='TRUE';
    'IO_L17P_T2_35':
      PIN_NUMBER='(0,0,0,0,0,0,K6,0,0,0)';
      PINUSE='UNSPEC';
      NO_LOAD_CHECK='Both';
      NO_IO_CHECK='Both';
      NO_ASSERT_CHECK='TRUE';
      NO_DIR_CHECK='TRUE';
      ALLOW_CONNECT='TRUE';
    'IO_L17N_T2_35':
      PIN_NUMBER='(0,0,0,0,0,0,J6,0,0,0)';
      PINUSE='UNSPEC';
      NO_LOAD_CHECK='Both';
      NO_IO_CHECK='Both';
      NO_ASSERT_CHECK='TRUE';
      NO_DIR_CHECK='TRUE';
      ALLOW_CONNECT='TRUE';
    'IO_L18P_T2_35':
      PIN_NUMBER='(0,0,0,0,0,0,L5,0,0,0)';
      PINUSE='UNSPEC';
      NO_LOAD_CHECK='Both';
      NO_IO_CHECK='Both';
      NO_ASSERT_CHECK='TRUE';
      NO_DIR_CHECK='TRUE';
      ALLOW_CONNECT='TRUE';
    'IO_L18N_T2_35':
      PIN_NUMBER='(0,0,0,0,0,0,L4,0,0,0)';
      PINUSE='UNSPEC';
      NO_LOAD_CHECK='Both';
      NO_IO_CHECK='Both';
      NO_ASSERT_CHECK='TRUE';
      NO_DIR_CHECK='TRUE';
      ALLOW_CONNECT='TRUE';
    'IO_L19P_T3_35':
      PIN_NUMBER='(0,0,0,0,0,0,N4,0,0,0)';
      PINUSE='UNSPEC';
      NO_LOAD_CHECK='Both';
      NO_IO_CHECK='Both';
      NO_ASSERT_CHECK='TRUE';
      NO_DIR_CHECK='TRUE';
      ALLOW_CONNECT='TRUE';
    'IO_L19N_T3_VREF_35':
      PIN_NUMBER='(0,0,0,0,0,0,N3,0,0,0)';
      PINUSE='UNSPEC';
      NO_LOAD_CHECK='Both';
      NO_IO_CHECK='Both';
      NO_ASSERT_CHECK='TRUE';
      NO_DIR_CHECK='TRUE';
      ALLOW_CONNECT='TRUE';
    'IO_L20P_T3_35':
      PIN_NUMBER='(0,0,0,0,0,0,R1,0,0,0)';
      PINUSE='UNSPEC';
      NO_LOAD_CHECK='Both';
      NO_IO_CHECK='Both';
      NO_ASSERT_CHECK='TRUE';
      NO_DIR_CHECK='TRUE';
      ALLOW_CONNECT='TRUE';
    'IO_L20N_T3_35':
      PIN_NUMBER='(0,0,0,0,0,0,P1,0,0,0)';
      PINUSE='UNSPEC';
      NO_LOAD_CHECK='Both';
      NO_IO_CHECK='Both';
      NO_ASSERT_CHECK='TRUE';
      NO_DIR_CHECK='TRUE';
      ALLOW_CONNECT='TRUE';
    'IO_L21P_T3_DQS_35':
      PIN_NUMBER='(0,0,0,0,0,0,P5,0,0,0)';
      PINUSE='UNSPEC';
      NO_LOAD_CHECK='Both';
      NO_IO_CHECK='Both';
      NO_ASSERT_CHECK='TRUE';
      NO_DIR_CHECK='TRUE';
      ALLOW_CONNECT='TRUE';
    'IO_L21N_T3_DQS_35':
      PIN_NUMBER='(0,0,0,0,0,0,P4,0,0,0)';
      PINUSE='UNSPEC';
      NO_LOAD_CHECK='Both';
      NO_IO_CHECK='Both';
      NO_ASSERT_CHECK='TRUE';
      NO_DIR_CHECK='TRUE';
      ALLOW_CONNECT='TRUE';
    'IO_L22P_T3_35':
      PIN_NUMBER='(0,0,0,0,0,0,P2,0,0,0)';
      PINUSE='UNSPEC';
      NO_LOAD_CHECK='Both';
      NO_IO_CHECK='Both';
      NO_ASSERT_CHECK='TRUE';
      NO_DIR_CHECK='TRUE';
      ALLOW_CONNECT='TRUE';
    'IO_L22N_T3_35':
      PIN_NUMBER='(0,0,0,0,0,0,N2,0,0,0)';
      PINUSE='UNSPEC';
      NO_LOAD_CHECK='Both';
      NO_IO_CHECK='Both';
      NO_ASSERT_CHECK='TRUE';
      NO_DIR_CHECK='TRUE';
      ALLOW_CONNECT='TRUE';
    'IO_L23P_T3_35':
      PIN_NUMBER='(0,0,0,0,0,0,M6,0,0,0)';
      PINUSE='UNSPEC';
      NO_LOAD_CHECK='Both';
      NO_IO_CHECK='Both';
      NO_ASSERT_CHECK='TRUE';
      NO_DIR_CHECK='TRUE';
      ALLOW_CONNECT='TRUE';
    'IO_L23N_T3_35':
      PIN_NUMBER='(0,0,0,0,0,0,M5,0,0,0)';
      PINUSE='UNSPEC';
      NO_LOAD_CHECK='Both';
      NO_IO_CHECK='Both';
      NO_ASSERT_CHECK='TRUE';
      NO_DIR_CHECK='TRUE';
      ALLOW_CONNECT='TRUE';
    'IO_L24P_T3_35':
      PIN_NUMBER='(0,0,0,0,0,0,P6,0,0,0)';
      PINUSE='UNSPEC';
      NO_LOAD_CHECK='Both';
      NO_IO_CHECK='Both';
      NO_ASSERT_CHECK='TRUE';
      NO_DIR_CHECK='TRUE';
      ALLOW_CONNECT='TRUE';
    'IO_L24N_T3_35':
      PIN_NUMBER='(0,0,0,0,0,0,N5,0,0,0)';
      PINUSE='UNSPEC';
      NO_LOAD_CHECK='Both';
      NO_IO_CHECK='Both';
      NO_ASSERT_CHECK='TRUE';
      NO_DIR_CHECK='TRUE';
      ALLOW_CONNECT='TRUE';
    'IO_25_35':
      PIN_NUMBER='(0,0,0,0,0,0,L6,0,0,0)';
      PINUSE='UNSPEC';
      NO_LOAD_CHECK='Both';
      NO_IO_CHECK='Both';
      NO_ASSERT_CHECK='TRUE';
      NO_DIR_CHECK='TRUE';
      ALLOW_CONNECT='TRUE';
    'VCCO_35'<1>:
      PIN_NUMBER='(0,0,0,0,0,0,C1,0,0,0)';
      PINUSE='UNSPEC';
      NO_LOAD_CHECK='Both';
      NO_IO_CHECK='Both';
      NO_ASSERT_CHECK='TRUE';
      NO_DIR_CHECK='TRUE';
      ALLOW_CONNECT='TRUE';
    'VCCO_35'<2>:
      PIN_NUMBER='(0,0,0,0,0,0,F2,0,0,0)';
      PINUSE='UNSPEC';
      NO_LOAD_CHECK='Both';
      NO_IO_CHECK='Both';
      NO_ASSERT_CHECK='TRUE';
      NO_DIR_CHECK='TRUE';
      ALLOW_CONNECT='TRUE';
    'VCCO_35'<3>:
      PIN_NUMBER='(0,0,0,0,0,0,H6,0,0,0)';
      PINUSE='UNSPEC';
      NO_LOAD_CHECK='Both';
      NO_IO_CHECK='Both';
      NO_ASSERT_CHECK='TRUE';
      NO_DIR_CHECK='TRUE';
      ALLOW_CONNECT='TRUE';
    'VCCO_35'<4>:
      PIN_NUMBER='(0,0,0,0,0,0,J3,0,0,0)';
      PINUSE='UNSPEC';
      NO_LOAD_CHECK='Both';
      NO_IO_CHECK='Both';
      NO_ASSERT_CHECK='TRUE';
      NO_DIR_CHECK='TRUE';
      ALLOW_CONNECT='TRUE';
    'VCCO_35'<5>:
      PIN_NUMBER='(0,0,0,0,0,0,M4,0,0,0)';
      PINUSE='UNSPEC';
      NO_LOAD_CHECK='Both';
      NO_IO_CHECK='Both';
      NO_ASSERT_CHECK='TRUE';
      NO_DIR_CHECK='TRUE';
      ALLOW_CONNECT='TRUE';
    'VCCO_35'<6>:
      PIN_NUMBER='(0,0,0,0,0,0,N1,0,0,0)';
      PINUSE='UNSPEC';
      NO_LOAD_CHECK='Both';
      NO_IO_CHECK='Both';
      NO_ASSERT_CHECK='TRUE';
      NO_DIR_CHECK='TRUE';
      ALLOW_CONNECT='TRUE';
    'MGTPTXP2_216':
      PIN_NUMBER='(0,0,0,0,0,0,0,B6,0,0)';
      PINUSE='UNSPEC';
      NO_LOAD_CHECK='Both';
      NO_IO_CHECK='Both';
      NO_ASSERT_CHECK='TRUE';
      NO_DIR_CHECK='TRUE';
      ALLOW_CONNECT='TRUE';
    'MGTPTXP3_216':
      PIN_NUMBER='(0,0,0,0,0,0,0,D7,0,0)';
      PINUSE='UNSPEC';
      NO_LOAD_CHECK='Both';
      NO_IO_CHECK='Both';
      NO_ASSERT_CHECK='TRUE';
      NO_DIR_CHECK='TRUE';
      ALLOW_CONNECT='TRUE';
    'MGTPRXP0_216':
      PIN_NUMBER='(0,0,0,0,0,0,0,B8,0,0)';
      PINUSE='UNSPEC';
      NO_LOAD_CHECK='Both';
      NO_IO_CHECK='Both';
      NO_ASSERT_CHECK='TRUE';
      NO_DIR_CHECK='TRUE';
      ALLOW_CONNECT='TRUE';
    'MGTPRXP3_216':
      PIN_NUMBER='(0,0,0,0,0,0,0,D9,0,0)';
      PINUSE='UNSPEC';
      NO_LOAD_CHECK='Both';
      NO_IO_CHECK='Both';
      NO_ASSERT_CHECK='TRUE';
      NO_DIR_CHECK='TRUE';
      ALLOW_CONNECT='TRUE';
    'MGTPRXP2_216':
      PIN_NUMBER='(0,0,0,0,0,0,0,B10,0,0)';
      PINUSE='UNSPEC';
      NO_LOAD_CHECK='Both';
      NO_IO_CHECK='Both';
      NO_ASSERT_CHECK='TRUE';
      NO_DIR_CHECK='TRUE';
      ALLOW_CONNECT='TRUE';
    'MGTPRXP1_216':
      PIN_NUMBER='(0,0,0,0,0,0,0,D11,0,0)';
      PINUSE='UNSPEC';
      NO_LOAD_CHECK='Both';
      NO_IO_CHECK='Both';
      NO_ASSERT_CHECK='TRUE';
      NO_DIR_CHECK='TRUE';
      ALLOW_CONNECT='TRUE';
    'MGTREFCLK0P_216':
      PIN_NUMBER='(0,0,0,0,0,0,0,F6,0,0)';
      PINUSE='UNSPEC';
      NO_LOAD_CHECK='Both';
      NO_IO_CHECK='Both';
      NO_ASSERT_CHECK='TRUE';
      NO_DIR_CHECK='TRUE';
      ALLOW_CONNECT='TRUE';
    'MGTREFCLK0N_216':
      PIN_NUMBER='(0,0,0,0,0,0,0,E6,0,0)';
      PINUSE='UNSPEC';
      NO_LOAD_CHECK='Both';
      NO_IO_CHECK='Both';
      NO_ASSERT_CHECK='TRUE';
      NO_DIR_CHECK='TRUE';
      ALLOW_CONNECT='TRUE';
    'MGTRREF_216':
      PIN_NUMBER='(0,0,0,0,0,0,0,F8,0,0)';
      PINUSE='UNSPEC';
      NO_LOAD_CHECK='Both';
      NO_IO_CHECK='Both';
      NO_ASSERT_CHECK='TRUE';
      NO_DIR_CHECK='TRUE';
      ALLOW_CONNECT='TRUE';
    'MGTPTXN2_216':
      PIN_NUMBER='(0,0,0,0,0,0,0,A6,0,0)';
      PINUSE='UNSPEC';
      NO_LOAD_CHECK='Both';
      NO_IO_CHECK='Both';
      NO_ASSERT_CHECK='TRUE';
      NO_DIR_CHECK='TRUE';
      ALLOW_CONNECT='TRUE';
    'MGTPTXN3_216':
      PIN_NUMBER='(0,0,0,0,0,0,0,C7,0,0)';
      PINUSE='UNSPEC';
      NO_LOAD_CHECK='Both';
      NO_IO_CHECK='Both';
      NO_ASSERT_CHECK='TRUE';
      NO_DIR_CHECK='TRUE';
      ALLOW_CONNECT='TRUE';
    'MGTPRXN0_216':
      PIN_NUMBER='(0,0,0,0,0,0,0,A8,0,0)';
      PINUSE='UNSPEC';
      NO_LOAD_CHECK='Both';
      NO_IO_CHECK='Both';
      NO_ASSERT_CHECK='TRUE';
      NO_DIR_CHECK='TRUE';
      ALLOW_CONNECT='TRUE';
    'MGTPRXN3_216':
      PIN_NUMBER='(0,0,0,0,0,0,0,C9,0,0)';
      PINUSE='UNSPEC';
      NO_LOAD_CHECK='Both';
      NO_IO_CHECK='Both';
      NO_ASSERT_CHECK='TRUE';
      NO_DIR_CHECK='TRUE';
      ALLOW_CONNECT='TRUE';
    'MGTPRXN2_216':
      PIN_NUMBER='(0,0,0,0,0,0,0,A10,0,0)';
      PINUSE='UNSPEC';
      NO_LOAD_CHECK='Both';
      NO_IO_CHECK='Both';
      NO_ASSERT_CHECK='TRUE';
      NO_DIR_CHECK='TRUE';
      ALLOW_CONNECT='TRUE';
    'MGTPRXN1_216':
      PIN_NUMBER='(0,0,0,0,0,0,0,C11,0,0)';
      PINUSE='UNSPEC';
      NO_LOAD_CHECK='Both';
      NO_IO_CHECK='Both';
      NO_ASSERT_CHECK='TRUE';
      NO_DIR_CHECK='TRUE';
      ALLOW_CONNECT='TRUE';
    'MGTREFCLK1N_216':
      PIN_NUMBER='(0,0,0,0,0,0,0,E10,0,0)';
      PINUSE='UNSPEC';
      NO_LOAD_CHECK='Both';
      NO_IO_CHECK='Both';
      NO_ASSERT_CHECK='TRUE';
      NO_DIR_CHECK='TRUE';
      ALLOW_CONNECT='TRUE';
    'MGTREFCLK1P_216':
      PIN_NUMBER='(0,0,0,0,0,0,0,F10,0,0)';
      PINUSE='UNSPEC';
      NO_LOAD_CHECK='Both';
      NO_IO_CHECK='Both';
      NO_ASSERT_CHECK='TRUE';
      NO_DIR_CHECK='TRUE';
      ALLOW_CONNECT='TRUE';
    'MGTPTXP1_216':
      PIN_NUMBER='(0,0,0,0,0,0,0,D5,0,0)';
      PINUSE='UNSPEC';
      NO_LOAD_CHECK='Both';
      NO_IO_CHECK='Both';
      NO_ASSERT_CHECK='TRUE';
      NO_DIR_CHECK='TRUE';
      ALLOW_CONNECT='TRUE';
    'MGTPTXN1_216':
      PIN_NUMBER='(0,0,0,0,0,0,0,C5,0,0)';
      PINUSE='UNSPEC';
      NO_LOAD_CHECK='Both';
      NO_IO_CHECK='Both';
      NO_ASSERT_CHECK='TRUE';
      NO_DIR_CHECK='TRUE';
      ALLOW_CONNECT='TRUE';
    'MGTPTXP0_216':
      PIN_NUMBER='(0,0,0,0,0,0,0,B4,0,0)';
      PINUSE='UNSPEC';
      NO_LOAD_CHECK='Both';
      NO_IO_CHECK='Both';
      NO_ASSERT_CHECK='TRUE';
      NO_DIR_CHECK='TRUE';
      ALLOW_CONNECT='TRUE';
    'MGTPTXN0_216':
      PIN_NUMBER='(0,0,0,0,0,0,0,A4,0,0)';
      PINUSE='UNSPEC';
      NO_LOAD_CHECK='Both';
      NO_IO_CHECK='Both';
      NO_ASSERT_CHECK='TRUE';
      NO_DIR_CHECK='TRUE';
      ALLOW_CONNECT='TRUE';
    'MGTAVCC'<1>:
      PIN_NUMBER='(0,0,0,0,0,0,0,D6,0,0)';
      PINUSE='UNSPEC';
      NO_LOAD_CHECK='Both';
      NO_IO_CHECK='Both';
      NO_ASSERT_CHECK='TRUE';
      NO_DIR_CHECK='TRUE';
      ALLOW_CONNECT='TRUE';
    'MGTAVCC'<2>:
      PIN_NUMBER='(0,0,0,0,0,0,0,D10,0,0)';
      PINUSE='UNSPEC';
      NO_LOAD_CHECK='Both';
      NO_IO_CHECK='Both';
      NO_ASSERT_CHECK='TRUE';
      NO_DIR_CHECK='TRUE';
      ALLOW_CONNECT='TRUE';
    'MGTAVCC'<3>:
      PIN_NUMBER='(0,0,0,0,0,0,0,F7,0,0)';
      PINUSE='UNSPEC';
      NO_LOAD_CHECK='Both';
      NO_IO_CHECK='Both';
      NO_ASSERT_CHECK='TRUE';
      NO_DIR_CHECK='TRUE';
      ALLOW_CONNECT='TRUE';
    'MGTAVCC'<4>:
      PIN_NUMBER='(0,0,0,0,0,0,0,F9,0,0)';
      PINUSE='UNSPEC';
      NO_LOAD_CHECK='Both';
      NO_IO_CHECK='Both';
      NO_ASSERT_CHECK='TRUE';
      NO_DIR_CHECK='TRUE';
      ALLOW_CONNECT='TRUE';
    'MGTAVCC'<5>:
      PIN_NUMBER='(0,0,0,0,0,0,0,E8,0,0)';
      PINUSE='UNSPEC';
      NO_LOAD_CHECK='Both';
      NO_IO_CHECK='Both';
      NO_ASSERT_CHECK='TRUE';
      NO_DIR_CHECK='TRUE';
      ALLOW_CONNECT='TRUE';
    'MGTAVTT'<1>:
      PIN_NUMBER='(0,0,0,0,0,0,0,B5,0,0)';
      PINUSE='UNSPEC';
      NO_LOAD_CHECK='Both';
      NO_IO_CHECK='Both';
      NO_ASSERT_CHECK='TRUE';
      NO_DIR_CHECK='TRUE';
      ALLOW_CONNECT='TRUE';
    'MGTAVTT'<2>:
      PIN_NUMBER='(0,0,0,0,0,0,0,B7,0,0)';
      PINUSE='UNSPEC';
      NO_LOAD_CHECK='Both';
      NO_IO_CHECK='Both';
      NO_ASSERT_CHECK='TRUE';
      NO_DIR_CHECK='TRUE';
      ALLOW_CONNECT='TRUE';
    'MGTAVTT'<3>:
      PIN_NUMBER='(0,0,0,0,0,0,0,B9,0,0)';
      PINUSE='UNSPEC';
      NO_LOAD_CHECK='Both';
      NO_IO_CHECK='Both';
      NO_ASSERT_CHECK='TRUE';
      NO_DIR_CHECK='TRUE';
      ALLOW_CONNECT='TRUE';
    'MGTAVTT'<4>:
      PIN_NUMBER='(0,0,0,0,0,0,0,B11,0,0)';
      PINUSE='UNSPEC';
      NO_LOAD_CHECK='Both';
      NO_IO_CHECK='Both';
      NO_ASSERT_CHECK='TRUE';
      NO_DIR_CHECK='TRUE';
      ALLOW_CONNECT='TRUE';
    'MGTAVTT'<5>:
      PIN_NUMBER='(0,0,0,0,0,0,0,C4,0,0)';
      PINUSE='UNSPEC';
      NO_LOAD_CHECK='Both';
      NO_IO_CHECK='Both';
      NO_ASSERT_CHECK='TRUE';
      NO_DIR_CHECK='TRUE';
      ALLOW_CONNECT='TRUE';
    'MGTAVTT'<6>:
      PIN_NUMBER='(0,0,0,0,0,0,0,C8,0,0)';
      PINUSE='UNSPEC';
      NO_LOAD_CHECK='Both';
      NO_IO_CHECK='Both';
      NO_ASSERT_CHECK='TRUE';
      NO_DIR_CHECK='TRUE';
      ALLOW_CONNECT='TRUE';
    'VCCAUX'<1>:
      PIN_NUMBER='(0,0,0,0,0,0,0,0,H12,0)';
      PINUSE='UNSPEC';
      NO_LOAD_CHECK='Both';
      NO_IO_CHECK='Both';
      NO_ASSERT_CHECK='TRUE';
      NO_DIR_CHECK='TRUE';
      ALLOW_CONNECT='TRUE';
    'VCCAUX'<2>:
      PIN_NUMBER='(0,0,0,0,0,0,0,0,K12,0)';
      PINUSE='UNSPEC';
      NO_LOAD_CHECK='Both';
      NO_IO_CHECK='Both';
      NO_ASSERT_CHECK='TRUE';
      NO_DIR_CHECK='TRUE';
      ALLOW_CONNECT='TRUE';
    'VCCAUX'<3>:
      PIN_NUMBER='(0,0,0,0,0,0,0,0,M12,0)';
      PINUSE='UNSPEC';
      NO_LOAD_CHECK='Both';
      NO_IO_CHECK='Both';
      NO_ASSERT_CHECK='TRUE';
      NO_DIR_CHECK='TRUE';
      ALLOW_CONNECT='TRUE';
    'VCCAUX'<4>:
      PIN_NUMBER='(0,0,0,0,0,0,0,0,P12,0)';
      PINUSE='UNSPEC';
      NO_LOAD_CHECK='Both';
      NO_IO_CHECK='Both';
      NO_ASSERT_CHECK='TRUE';
      NO_DIR_CHECK='TRUE';
      ALLOW_CONNECT='TRUE';
    'VCCAUX'<5>:
      PIN_NUMBER='(0,0,0,0,0,0,0,0,R11,0)';
      PINUSE='UNSPEC';
      NO_LOAD_CHECK='Both';
      NO_IO_CHECK='Both';
      NO_ASSERT_CHECK='TRUE';
      NO_DIR_CHECK='TRUE';
      ALLOW_CONNECT='TRUE';
    'VCCBRAM'<1>:
      PIN_NUMBER='(0,0,0,0,0,0,0,0,J11,0)';
      PINUSE='UNSPEC';
      NO_LOAD_CHECK='Both';
      NO_IO_CHECK='Both';
      NO_ASSERT_CHECK='TRUE';
      NO_DIR_CHECK='TRUE';
      ALLOW_CONNECT='TRUE';
    'VCCBRAM'<2>:
      PIN_NUMBER='(0,0,0,0,0,0,0,0,L11,0)';
      PINUSE='UNSPEC';
      NO_LOAD_CHECK='Both';
      NO_IO_CHECK='Both';
      NO_ASSERT_CHECK='TRUE';
      NO_DIR_CHECK='TRUE';
      ALLOW_CONNECT='TRUE';
    'VCCBRAM'<3>:
      PIN_NUMBER='(0,0,0,0,0,0,0,0,N11,0)';
      PINUSE='UNSPEC';
      NO_LOAD_CHECK='Both';
      NO_IO_CHECK='Both';
      NO_ASSERT_CHECK='TRUE';
      NO_DIR_CHECK='TRUE';
      ALLOW_CONNECT='TRUE';
    'VCCINT'<1>:
      PIN_NUMBER='(0,0,0,0,0,0,0,0,H8,0)';
      PINUSE='UNSPEC';
      NO_LOAD_CHECK='Both';
      NO_IO_CHECK='Both';
      NO_ASSERT_CHECK='TRUE';
      NO_DIR_CHECK='TRUE';
      ALLOW_CONNECT='TRUE';
    'VCCINT'<2>:
      PIN_NUMBER='(0,0,0,0,0,0,0,0,H10,0)';
      PINUSE='UNSPEC';
      NO_LOAD_CHECK='Both';
      NO_IO_CHECK='Both';
      NO_ASSERT_CHECK='TRUE';
      NO_DIR_CHECK='TRUE';
      ALLOW_CONNECT='TRUE';
    'VCCINT'<3>:
      PIN_NUMBER='(0,0,0,0,0,0,0,0,J7,0)';
      PINUSE='UNSPEC';
      NO_LOAD_CHECK='Both';
      NO_IO_CHECK='Both';
      NO_ASSERT_CHECK='TRUE';
      NO_DIR_CHECK='TRUE';
      ALLOW_CONNECT='TRUE';
    'VCCINT'<4>:
      PIN_NUMBER='(0,0,0,0,0,0,0,0,J9,0)';
      PINUSE='UNSPEC';
      NO_LOAD_CHECK='Both';
      NO_IO_CHECK='Both';
      NO_ASSERT_CHECK='TRUE';
      NO_DIR_CHECK='TRUE';
      ALLOW_CONNECT='TRUE';
    'VCCINT'<5>:
      PIN_NUMBER='(0,0,0,0,0,0,0,0,K8,0)';
      PINUSE='UNSPEC';
      NO_LOAD_CHECK='Both';
      NO_IO_CHECK='Both';
      NO_ASSERT_CHECK='TRUE';
      NO_DIR_CHECK='TRUE';
      ALLOW_CONNECT='TRUE';
    'VCCINT'<6>:
      PIN_NUMBER='(0,0,0,0,0,0,0,0,L7,0)';
      PINUSE='UNSPEC';
      NO_LOAD_CHECK='Both';
      NO_IO_CHECK='Both';
      NO_ASSERT_CHECK='TRUE';
      NO_DIR_CHECK='TRUE';
      ALLOW_CONNECT='TRUE';
    'VCCINT'<7>:
      PIN_NUMBER='(0,0,0,0,0,0,0,0,M8,0)';
      PINUSE='UNSPEC';
      NO_LOAD_CHECK='Both';
      NO_IO_CHECK='Both';
      NO_ASSERT_CHECK='TRUE';
      NO_DIR_CHECK='TRUE';
      ALLOW_CONNECT='TRUE';
    'VCCINT'<8>:
      PIN_NUMBER='(0,0,0,0,0,0,0,0,N7,0)';
      PINUSE='UNSPEC';
      NO_LOAD_CHECK='Both';
      NO_IO_CHECK='Both';
      NO_ASSERT_CHECK='TRUE';
      NO_DIR_CHECK='TRUE';
      ALLOW_CONNECT='TRUE';
    'VCCINT'<9>:
      PIN_NUMBER='(0,0,0,0,0,0,0,0,P8,0)';
      PINUSE='UNSPEC';
      NO_LOAD_CHECK='Both';
      NO_IO_CHECK='Both';
      NO_ASSERT_CHECK='TRUE';
      NO_DIR_CHECK='TRUE';
      ALLOW_CONNECT='TRUE';
    'VCCINT'<10>:
      PIN_NUMBER='(0,0,0,0,0,0,0,0,P10,0)';
      PINUSE='UNSPEC';
      NO_LOAD_CHECK='Both';
      NO_IO_CHECK='Both';
      NO_ASSERT_CHECK='TRUE';
      NO_DIR_CHECK='TRUE';
      ALLOW_CONNECT='TRUE';
    'VCCINT'<11>:
      PIN_NUMBER='(0,0,0,0,0,0,0,0,R7,0)';
      PINUSE='UNSPEC';
      NO_LOAD_CHECK='Both';
      NO_IO_CHECK='Both';
      NO_ASSERT_CHECK='TRUE';
      NO_DIR_CHECK='TRUE';
      ALLOW_CONNECT='TRUE';
    'VCCINT'<12>:
      PIN_NUMBER='(0,0,0,0,0,0,0,0,R9,0)';
      PINUSE='UNSPEC';
      NO_LOAD_CHECK='Both';
      NO_IO_CHECK='Both';
      NO_ASSERT_CHECK='TRUE';
      NO_DIR_CHECK='TRUE';
      ALLOW_CONNECT='TRUE';
    'VCCINT'<13>:
      PIN_NUMBER='(0,0,0,0,0,0,0,0,T8,0)';
      PINUSE='UNSPEC';
      NO_LOAD_CHECK='Both';
      NO_IO_CHECK='Both';
      NO_ASSERT_CHECK='TRUE';
      NO_DIR_CHECK='TRUE';
      ALLOW_CONNECT='TRUE';
    'VCCINT'<14>:
      PIN_NUMBER='(0,0,0,0,0,0,0,0,T10,0)';
      PINUSE='UNSPEC';
      NO_LOAD_CHECK='Both';
      NO_IO_CHECK='Both';
      NO_ASSERT_CHECK='TRUE';
      NO_DIR_CHECK='TRUE';
      ALLOW_CONNECT='TRUE';
    'GND'<1>:
      PIN_NUMBER='(0,0,0,0,0,0,0,0,0,D8)';
      PINUSE='UNSPEC';
      NO_LOAD_CHECK='Both';
      NO_IO_CHECK='Both';
      NO_ASSERT_CHECK='TRUE';
      NO_DIR_CHECK='TRUE';
      ALLOW_CONNECT='TRUE';
    'GND'<2>:
      PIN_NUMBER='(0,0,0,0,0,0,0,0,0,A2)';
      PINUSE='UNSPEC';
      NO_LOAD_CHECK='Both';
      NO_IO_CHECK='Both';
      NO_ASSERT_CHECK='TRUE';
      NO_DIR_CHECK='TRUE';
      ALLOW_CONNECT='TRUE';
    'GND'<3>:
      PIN_NUMBER='(0,0,0,0,0,0,0,0,0,A3)';
      PINUSE='UNSPEC';
      NO_LOAD_CHECK='Both';
      NO_IO_CHECK='Both';
      NO_ASSERT_CHECK='TRUE';
      NO_DIR_CHECK='TRUE';
      ALLOW_CONNECT='TRUE';
    'GND'<4>:
      PIN_NUMBER='(0,0,0,0,0,0,0,0,0,A5)';
      PINUSE='UNSPEC';
      NO_LOAD_CHECK='Both';
      NO_IO_CHECK='Both';
      NO_ASSERT_CHECK='TRUE';
      NO_DIR_CHECK='TRUE';
      ALLOW_CONNECT='TRUE';
    'GND'<5>:
      PIN_NUMBER='(0,0,0,0,0,0,0,0,0,A7)';
      PINUSE='UNSPEC';
      NO_LOAD_CHECK='Both';
      NO_IO_CHECK='Both';
      NO_ASSERT_CHECK='TRUE';
      NO_DIR_CHECK='TRUE';
      ALLOW_CONNECT='TRUE';
    'GND'<6>:
      PIN_NUMBER='(0,0,0,0,0,0,0,0,0,A9)';
      PINUSE='UNSPEC';
      NO_LOAD_CHECK='Both';
      NO_IO_CHECK='Both';
      NO_ASSERT_CHECK='TRUE';
      NO_DIR_CHECK='TRUE';
      ALLOW_CONNECT='TRUE';
    'GND'<7>:
      PIN_NUMBER='(0,0,0,0,0,0,0,0,0,A11)';
      PINUSE='UNSPEC';
      NO_LOAD_CHECK='Both';
      NO_IO_CHECK='Both';
      NO_ASSERT_CHECK='TRUE';
      NO_DIR_CHECK='TRUE';
      ALLOW_CONNECT='TRUE';
    'GND'<8>:
      PIN_NUMBER='(0,0,0,0,0,0,0,0,0,A12)';
      PINUSE='UNSPEC';
      NO_LOAD_CHECK='Both';
      NO_IO_CHECK='Both';
      NO_ASSERT_CHECK='TRUE';
      NO_DIR_CHECK='TRUE';
      ALLOW_CONNECT='TRUE';
    'GND'<9>:
      PIN_NUMBER='(0,0,0,0,0,0,0,0,0,A22)';
      PINUSE='UNSPEC';
      NO_LOAD_CHECK='Both';
      NO_IO_CHECK='Both';
      NO_ASSERT_CHECK='TRUE';
      NO_DIR_CHECK='TRUE';
      ALLOW_CONNECT='TRUE';
    'GND'<10>:
      PIN_NUMBER='(0,0,0,0,0,0,0,0,0,AA2)';
      PINUSE='UNSPEC';
      NO_LOAD_CHECK='Both';
      NO_IO_CHECK='Both';
      NO_ASSERT_CHECK='TRUE';
      NO_DIR_CHECK='TRUE';
      ALLOW_CONNECT='TRUE';
    'GND'<11>:
      PIN_NUMBER='(0,0,0,0,0,0,0,0,0,AA12)';
      PINUSE='UNSPEC';
      NO_LOAD_CHECK='Both';
      NO_IO_CHECK='Both';
      NO_ASSERT_CHECK='TRUE';
      NO_DIR_CHECK='TRUE';
      ALLOW_CONNECT='TRUE';
    'GND'<12>:
      PIN_NUMBER='(0,0,0,0,0,0,0,0,0,AA22)';
      PINUSE='UNSPEC';
      NO_LOAD_CHECK='Both';
      NO_IO_CHECK='Both';
      NO_ASSERT_CHECK='TRUE';
      NO_DIR_CHECK='TRUE';
      ALLOW_CONNECT='TRUE';
    'GND'<13>:
      PIN_NUMBER='(0,0,0,0,0,0,0,0,0,AB9)';
      PINUSE='UNSPEC';
      NO_LOAD_CHECK='Both';
      NO_IO_CHECK='Both';
      NO_ASSERT_CHECK='TRUE';
      NO_DIR_CHECK='TRUE';
      ALLOW_CONNECT='TRUE';
    'GND'<14>:
      PIN_NUMBER='(0,0,0,0,0,0,0,0,0,AB19)';
      PINUSE='UNSPEC';
      NO_LOAD_CHECK='Both';
      NO_IO_CHECK='Both';
      NO_ASSERT_CHECK='TRUE';
      NO_DIR_CHECK='TRUE';
      ALLOW_CONNECT='TRUE';
    'GND'<15>:
      PIN_NUMBER='(0,0,0,0,0,0,0,0,0,B3)';
      PINUSE='UNSPEC';
      NO_LOAD_CHECK='Both';
      NO_IO_CHECK='Both';
      NO_ASSERT_CHECK='TRUE';
      NO_DIR_CHECK='TRUE';
      ALLOW_CONNECT='TRUE';
    'GND'<16>:
      PIN_NUMBER='(0,0,0,0,0,0,0,0,0,B12)';
      PINUSE='UNSPEC';
      NO_LOAD_CHECK='Both';
      NO_IO_CHECK='Both';
      NO_ASSERT_CHECK='TRUE';
      NO_DIR_CHECK='TRUE';
      ALLOW_CONNECT='TRUE';
    'GND'<17>:
      PIN_NUMBER='(0,0,0,0,0,0,0,0,0,B19)';
      PINUSE='UNSPEC';
      NO_LOAD_CHECK='Both';
      NO_IO_CHECK='Both';
      NO_ASSERT_CHECK='TRUE';
      NO_DIR_CHECK='TRUE';
      ALLOW_CONNECT='TRUE';
    'GND'<18>:
      PIN_NUMBER='(0,0,0,0,0,0,0,0,0,C3)';
      PINUSE='UNSPEC';
      NO_LOAD_CHECK='Both';
      NO_IO_CHECK='Both';
      NO_ASSERT_CHECK='TRUE';
      NO_DIR_CHECK='TRUE';
      ALLOW_CONNECT='TRUE';
    'GND'<19>:
      PIN_NUMBER='(0,0,0,0,0,0,0,0,0,C6)';
      PINUSE='UNSPEC';
      NO_LOAD_CHECK='Both';
      NO_IO_CHECK='Both';
      NO_ASSERT_CHECK='TRUE';
      NO_DIR_CHECK='TRUE';
      ALLOW_CONNECT='TRUE';
    'GND'<20>:
      PIN_NUMBER='(0,0,0,0,0,0,0,0,0,C10)';
      PINUSE='UNSPEC';
      NO_LOAD_CHECK='Both';
      NO_IO_CHECK='Both';
      NO_ASSERT_CHECK='TRUE';
      NO_DIR_CHECK='TRUE';
      ALLOW_CONNECT='TRUE';
    'GND'<21>:
      PIN_NUMBER='(0,0,0,0,0,0,0,0,0,C12)';
      PINUSE='UNSPEC';
      NO_LOAD_CHECK='Both';
      NO_IO_CHECK='Both';
      NO_ASSERT_CHECK='TRUE';
      NO_DIR_CHECK='TRUE';
      ALLOW_CONNECT='TRUE';
    'GND'<22>:
      PIN_NUMBER='(0,0,0,0,0,0,0,0,0,C16)';
      PINUSE='UNSPEC';
      NO_LOAD_CHECK='Both';
      NO_IO_CHECK='Both';
      NO_ASSERT_CHECK='TRUE';
      NO_DIR_CHECK='TRUE';
      ALLOW_CONNECT='TRUE';
    'GND'<23>:
      PIN_NUMBER='(0,0,0,0,0,0,0,0,0,D3)';
      PINUSE='UNSPEC';
      NO_LOAD_CHECK='Both';
      NO_IO_CHECK='Both';
      NO_ASSERT_CHECK='TRUE';
      NO_DIR_CHECK='TRUE';
      ALLOW_CONNECT='TRUE';
    'GND'<24>:
      PIN_NUMBER='(0,0,0,0,0,0,0,0,0,D4)';
      PINUSE='UNSPEC';
      NO_LOAD_CHECK='Both';
      NO_IO_CHECK='Both';
      NO_ASSERT_CHECK='TRUE';
      NO_DIR_CHECK='TRUE';
      ALLOW_CONNECT='TRUE';
    'GND'<25>:
      PIN_NUMBER='(0,0,0,0,0,0,0,0,0,D12)';
      PINUSE='UNSPEC';
      NO_LOAD_CHECK='Both';
      NO_IO_CHECK='Both';
      NO_ASSERT_CHECK='TRUE';
      NO_DIR_CHECK='TRUE';
      ALLOW_CONNECT='TRUE';
    'GND'<26>:
      PIN_NUMBER='(0,0,0,0,0,0,0,0,0,D13)';
      PINUSE='UNSPEC';
      NO_LOAD_CHECK='Both';
      NO_IO_CHECK='Both';
      NO_ASSERT_CHECK='TRUE';
      NO_DIR_CHECK='TRUE';
      ALLOW_CONNECT='TRUE';
    'GND'<27>:
      PIN_NUMBER='(0,0,0,0,0,0,0,0,0,E4)';
      PINUSE='UNSPEC';
      NO_LOAD_CHECK='Both';
      NO_IO_CHECK='Both';
      NO_ASSERT_CHECK='TRUE';
      NO_DIR_CHECK='TRUE';
      ALLOW_CONNECT='TRUE';
    'GND'<28>:
      PIN_NUMBER='(0,0,0,0,0,0,0,0,0,E5)';
      PINUSE='UNSPEC';
      NO_LOAD_CHECK='Both';
      NO_IO_CHECK='Both';
      NO_ASSERT_CHECK='TRUE';
      NO_DIR_CHECK='TRUE';
      ALLOW_CONNECT='TRUE';
    'GND'<29>:
      PIN_NUMBER='(0,0,0,0,0,0,0,0,0,E7)';
      PINUSE='UNSPEC';
      NO_LOAD_CHECK='Both';
      NO_IO_CHECK='Both';
      NO_ASSERT_CHECK='TRUE';
      NO_DIR_CHECK='TRUE';
      ALLOW_CONNECT='TRUE';
    'GND'<30>:
      PIN_NUMBER='(0,0,0,0,0,0,0,0,0,E9)';
      PINUSE='UNSPEC';
      NO_LOAD_CHECK='Both';
      NO_IO_CHECK='Both';
      NO_ASSERT_CHECK='TRUE';
      NO_DIR_CHECK='TRUE';
      ALLOW_CONNECT='TRUE';
    'GND'<31>:
      PIN_NUMBER='(0,0,0,0,0,0,0,0,0,E11)';
      PINUSE='UNSPEC';
      NO_LOAD_CHECK='Both';
      NO_IO_CHECK='Both';
      NO_ASSERT_CHECK='TRUE';
      NO_DIR_CHECK='TRUE';
      ALLOW_CONNECT='TRUE';
    'GND'<32>:
      PIN_NUMBER='(0,0,0,0,0,0,0,0,0,E20)';
      PINUSE='UNSPEC';
      NO_LOAD_CHECK='Both';
      NO_IO_CHECK='Both';
      NO_ASSERT_CHECK='TRUE';
      NO_DIR_CHECK='TRUE';
      ALLOW_CONNECT='TRUE';
    'GND'<33>:
      PIN_NUMBER='(0,0,0,0,0,0,0,0,0,F5)';
      PINUSE='UNSPEC';
      NO_LOAD_CHECK='Both';
      NO_IO_CHECK='Both';
      NO_ASSERT_CHECK='TRUE';
      NO_DIR_CHECK='TRUE';
      ALLOW_CONNECT='TRUE';
    'GND'<34>:
      PIN_NUMBER='(0,0,0,0,0,0,0,0,0,F11)';
      PINUSE='UNSPEC';
      NO_LOAD_CHECK='Both';
      NO_IO_CHECK='Both';
      NO_ASSERT_CHECK='TRUE';
      NO_DIR_CHECK='TRUE';
      ALLOW_CONNECT='TRUE';
    'GND'<35>:
      PIN_NUMBER='(0,0,0,0,0,0,0,0,0,F17)';
      PINUSE='UNSPEC';
      NO_LOAD_CHECK='Both';
      NO_IO_CHECK='Both';
      NO_ASSERT_CHECK='TRUE';
      NO_DIR_CHECK='TRUE';
      ALLOW_CONNECT='TRUE';
    'GND'<36>:
      PIN_NUMBER='(0,0,0,0,0,0,0,0,0,G5)';
      PINUSE='UNSPEC';
      NO_LOAD_CHECK='Both';
      NO_IO_CHECK='Both';
      NO_ASSERT_CHECK='TRUE';
      NO_DIR_CHECK='TRUE';
      ALLOW_CONNECT='TRUE';
    'GND'<37>:
      PIN_NUMBER='(0,0,0,0,0,0,0,0,0,G6)';
      PINUSE='UNSPEC';
      NO_LOAD_CHECK='Both';
      NO_IO_CHECK='Both';
      NO_ASSERT_CHECK='TRUE';
      NO_DIR_CHECK='TRUE';
      ALLOW_CONNECT='TRUE';
    'GND'<38>:
      PIN_NUMBER='(0,0,0,0,0,0,0,0,0,G7)';
      PINUSE='UNSPEC';
      NO_LOAD_CHECK='Both';
      NO_IO_CHECK='Both';
      NO_ASSERT_CHECK='TRUE';
      NO_DIR_CHECK='TRUE';
      ALLOW_CONNECT='TRUE';
    'GND'<39>:
      PIN_NUMBER='(0,0,0,0,0,0,0,0,0,G8)';
      PINUSE='UNSPEC';
      NO_LOAD_CHECK='Both';
      NO_IO_CHECK='Both';
      NO_ASSERT_CHECK='TRUE';
      NO_DIR_CHECK='TRUE';
      ALLOW_CONNECT='TRUE';
    'GND'<40>:
      PIN_NUMBER='(0,0,0,0,0,0,0,0,0,G9)';
      PINUSE='UNSPEC';
      NO_LOAD_CHECK='Both';
      NO_IO_CHECK='Both';
      NO_ASSERT_CHECK='TRUE';
      NO_DIR_CHECK='TRUE';
      ALLOW_CONNECT='TRUE';
    'GND'<41>:
      PIN_NUMBER='(0,0,0,0,0,0,0,0,0,G10)';
      PINUSE='UNSPEC';
      NO_LOAD_CHECK='Both';
      NO_IO_CHECK='Both';
      NO_ASSERT_CHECK='TRUE';
      NO_DIR_CHECK='TRUE';
      ALLOW_CONNECT='TRUE';
    'GND'<42>:
      PIN_NUMBER='(0,0,0,0,0,0,0,0,0,G12)';
      PINUSE='UNSPEC';
      NO_LOAD_CHECK='Both';
      NO_IO_CHECK='Both';
      NO_ASSERT_CHECK='TRUE';
      NO_DIR_CHECK='TRUE';
      ALLOW_CONNECT='TRUE';
    'GND'<43>:
      PIN_NUMBER='(0,0,0,0,0,0,0,0,0,G14)';
      PINUSE='UNSPEC';
      NO_LOAD_CHECK='Both';
      NO_IO_CHECK='Both';
      NO_ASSERT_CHECK='TRUE';
      NO_DIR_CHECK='TRUE';
      ALLOW_CONNECT='TRUE';
    'GND'<44>:
      PIN_NUMBER='(0,0,0,0,0,0,0,0,0,H1)';
      PINUSE='UNSPEC';
      NO_LOAD_CHECK='Both';
      NO_IO_CHECK='Both';
      NO_ASSERT_CHECK='TRUE';
      NO_DIR_CHECK='TRUE';
      ALLOW_CONNECT='TRUE';
    'GND'<45>:
      PIN_NUMBER='(0,0,0,0,0,0,0,0,0,H7)';
      PINUSE='UNSPEC';
      NO_LOAD_CHECK='Both';
      NO_IO_CHECK='Both';
      NO_ASSERT_CHECK='TRUE';
      NO_DIR_CHECK='TRUE';
      ALLOW_CONNECT='TRUE';
    'GND'<46>:
      PIN_NUMBER='(0,0,0,0,0,0,0,0,0,H9)';
      PINUSE='UNSPEC';
      NO_LOAD_CHECK='Both';
      NO_IO_CHECK='Both';
      NO_ASSERT_CHECK='TRUE';
      NO_DIR_CHECK='TRUE';
      ALLOW_CONNECT='TRUE';
    'GND'<47>:
      PIN_NUMBER='(0,0,0,0,0,0,0,0,0,H11)';
      PINUSE='UNSPEC';
      NO_LOAD_CHECK='Both';
      NO_IO_CHECK='Both';
      NO_ASSERT_CHECK='TRUE';
      NO_DIR_CHECK='TRUE';
      ALLOW_CONNECT='TRUE';
    'GND'<48>:
      PIN_NUMBER='(0,0,0,0,0,0,0,0,0,H21)';
      PINUSE='UNSPEC';
      NO_LOAD_CHECK='Both';
      NO_IO_CHECK='Both';
      NO_ASSERT_CHECK='TRUE';
      NO_DIR_CHECK='TRUE';
      ALLOW_CONNECT='TRUE';
    'GND'<49>:
      PIN_NUMBER='(0,0,0,0,0,0,0,0,0,J8)';
      PINUSE='UNSPEC';
      NO_LOAD_CHECK='Both';
      NO_IO_CHECK='Both';
      NO_ASSERT_CHECK='TRUE';
      NO_DIR_CHECK='TRUE';
      ALLOW_CONNECT='TRUE';
    'GND'<50>:
      PIN_NUMBER='(0,0,0,0,0,0,0,0,0,J10)';
      PINUSE='UNSPEC';
      NO_LOAD_CHECK='Both';
      NO_IO_CHECK='Both';
      NO_ASSERT_CHECK='TRUE';
      NO_DIR_CHECK='TRUE';
      ALLOW_CONNECT='TRUE';
    'GND'<51>:
      PIN_NUMBER='(0,0,0,0,0,0,0,0,0,J12)';
      PINUSE='UNSPEC';
      NO_LOAD_CHECK='Both';
      NO_IO_CHECK='Both';
      NO_ASSERT_CHECK='TRUE';
      NO_DIR_CHECK='TRUE';
      ALLOW_CONNECT='TRUE';
    'GND'<52>:
      PIN_NUMBER='(0,0,0,0,0,0,0,0,0,J18)';
      PINUSE='UNSPEC';
      NO_LOAD_CHECK='Both';
      NO_IO_CHECK='Both';
      NO_ASSERT_CHECK='TRUE';
      NO_DIR_CHECK='TRUE';
      ALLOW_CONNECT='TRUE';
    'GND'<53>:
      PIN_NUMBER='(0,0,0,0,0,0,0,0,0,K5)';
      PINUSE='UNSPEC';
      NO_LOAD_CHECK='Both';
      NO_IO_CHECK='Both';
      NO_ASSERT_CHECK='TRUE';
      NO_DIR_CHECK='TRUE';
      ALLOW_CONNECT='TRUE';
    'GND'<54>:
      PIN_NUMBER='(0,0,0,0,0,0,0,0,0,K7)';
      PINUSE='UNSPEC';
      NO_LOAD_CHECK='Both';
      NO_IO_CHECK='Both';
      NO_ASSERT_CHECK='TRUE';
      NO_DIR_CHECK='TRUE';
      ALLOW_CONNECT='TRUE';
    'GND'<55>:
      PIN_NUMBER='(0,0,0,0,0,0,0,0,0,K11)';
      PINUSE='UNSPEC';
      NO_LOAD_CHECK='Both';
      NO_IO_CHECK='Both';
      NO_ASSERT_CHECK='TRUE';
      NO_DIR_CHECK='TRUE';
      ALLOW_CONNECT='TRUE';
    'GND'<56>:
      PIN_NUMBER='(0,0,0,0,0,0,0,0,0,K15)';
      PINUSE='UNSPEC';
      NO_LOAD_CHECK='Both';
      NO_IO_CHECK='Both';
      NO_ASSERT_CHECK='TRUE';
      NO_DIR_CHECK='TRUE';
      ALLOW_CONNECT='TRUE';
    'GND'<57>:
      PIN_NUMBER='(0,0,0,0,0,0,0,0,0,L2)';
      PINUSE='UNSPEC';
      NO_LOAD_CHECK='Both';
      NO_IO_CHECK='Both';
      NO_ASSERT_CHECK='TRUE';
      NO_DIR_CHECK='TRUE';
      ALLOW_CONNECT='TRUE';
    'GND'<58>:
      PIN_NUMBER='(0,0,0,0,0,0,0,0,0,L8)';
      PINUSE='UNSPEC';
      NO_LOAD_CHECK='Both';
      NO_IO_CHECK='Both';
      NO_ASSERT_CHECK='TRUE';
      NO_DIR_CHECK='TRUE';
      ALLOW_CONNECT='TRUE';
    'GND'<59>:
      PIN_NUMBER='(0,0,0,0,0,0,0,0,0,L22)';
      PINUSE='UNSPEC';
      NO_LOAD_CHECK='Both';
      NO_IO_CHECK='Both';
      NO_ASSERT_CHECK='TRUE';
      NO_DIR_CHECK='TRUE';
      ALLOW_CONNECT='TRUE';
    'GND'<60>:
      PIN_NUMBER='(0,0,0,0,0,0,0,0,0,M7)';
      PINUSE='UNSPEC';
      NO_LOAD_CHECK='Both';
      NO_IO_CHECK='Both';
      NO_ASSERT_CHECK='TRUE';
      NO_DIR_CHECK='TRUE';
      ALLOW_CONNECT='TRUE';
    'GND'<61>:
      PIN_NUMBER='(0,0,0,0,0,0,0,0,0,M11)';
      PINUSE='UNSPEC';
      NO_LOAD_CHECK='Both';
      NO_IO_CHECK='Both';
      NO_ASSERT_CHECK='TRUE';
      NO_DIR_CHECK='TRUE';
      ALLOW_CONNECT='TRUE';
    'GND'<62>:
      PIN_NUMBER='(0,0,0,0,0,0,0,0,0,M19)';
      PINUSE='UNSPEC';
      NO_LOAD_CHECK='Both';
      NO_IO_CHECK='Both';
      NO_ASSERT_CHECK='TRUE';
      NO_DIR_CHECK='TRUE';
      ALLOW_CONNECT='TRUE';
    'GND'<63>:
      PIN_NUMBER='(0,0,0,0,0,0,0,0,0,N6)';
      PINUSE='UNSPEC';
      NO_LOAD_CHECK='Both';
      NO_IO_CHECK='Both';
      NO_ASSERT_CHECK='TRUE';
      NO_DIR_CHECK='TRUE';
      ALLOW_CONNECT='TRUE';
    'GND'<64>:
      PIN_NUMBER='(0,0,0,0,0,0,0,0,0,N8)';
      PINUSE='UNSPEC';
      NO_LOAD_CHECK='Both';
      NO_IO_CHECK='Both';
      NO_ASSERT_CHECK='TRUE';
      NO_DIR_CHECK='TRUE';
      ALLOW_CONNECT='TRUE';
    'GND'<65>:
      PIN_NUMBER='(0,0,0,0,0,0,0,0,0,N16)';
      PINUSE='UNSPEC';
      NO_LOAD_CHECK='Both';
      NO_IO_CHECK='Both';
      NO_ASSERT_CHECK='TRUE';
      NO_DIR_CHECK='TRUE';
      ALLOW_CONNECT='TRUE';
    'GND'<66>:
      PIN_NUMBER='(0,0,0,0,0,0,0,0,0,P3)';
      PINUSE='UNSPEC';
      NO_LOAD_CHECK='Both';
      NO_IO_CHECK='Both';
      NO_ASSERT_CHECK='TRUE';
      NO_DIR_CHECK='TRUE';
      ALLOW_CONNECT='TRUE';
    'GND'<67>:
      PIN_NUMBER='(0,0,0,0,0,0,0,0,0,P7)';
      PINUSE='UNSPEC';
      NO_LOAD_CHECK='Both';
      NO_IO_CHECK='Both';
      NO_ASSERT_CHECK='TRUE';
      NO_DIR_CHECK='TRUE';
      ALLOW_CONNECT='TRUE';
    'GND'<68>:
      PIN_NUMBER='(0,0,0,0,0,0,0,0,0,P9)';
      PINUSE='UNSPEC';
      NO_LOAD_CHECK='Both';
      NO_IO_CHECK='Both';
      NO_ASSERT_CHECK='TRUE';
      NO_DIR_CHECK='TRUE';
      ALLOW_CONNECT='TRUE';
    'GND'<69>:
      PIN_NUMBER='(0,0,0,0,0,0,0,0,0,P11)';
      PINUSE='UNSPEC';
      NO_LOAD_CHECK='Both';
      NO_IO_CHECK='Both';
      NO_ASSERT_CHECK='TRUE';
      NO_DIR_CHECK='TRUE';
      ALLOW_CONNECT='TRUE';
    'GND'<70>:
      PIN_NUMBER='(0,0,0,0,0,0,0,0,0,P13)';
      PINUSE='UNSPEC';
      NO_LOAD_CHECK='Both';
      NO_IO_CHECK='Both';
      NO_ASSERT_CHECK='TRUE';
      NO_DIR_CHECK='TRUE';
      ALLOW_CONNECT='TRUE';
    'GND'<71>:
      PIN_NUMBER='(0,0,0,0,0,0,0,0,0,R8)';
      PINUSE='UNSPEC';
      NO_LOAD_CHECK='Both';
      NO_IO_CHECK='Both';
      NO_ASSERT_CHECK='TRUE';
      NO_DIR_CHECK='TRUE';
      ALLOW_CONNECT='TRUE';
    'GND'<72>:
      PIN_NUMBER='(0,0,0,0,0,0,0,0,0,R10)';
      PINUSE='UNSPEC';
      NO_LOAD_CHECK='Both';
      NO_IO_CHECK='Both';
      NO_ASSERT_CHECK='TRUE';
      NO_DIR_CHECK='TRUE';
      ALLOW_CONNECT='TRUE';
    'GND'<73>:
      PIN_NUMBER='(0,0,0,0,0,0,0,0,0,R12)';
      PINUSE='UNSPEC';
      NO_LOAD_CHECK='Both';
      NO_IO_CHECK='Both';
      NO_ASSERT_CHECK='TRUE';
      NO_DIR_CHECK='TRUE';
      ALLOW_CONNECT='TRUE';
    'GND'<74>:
      PIN_NUMBER='(0,0,0,0,0,0,0,0,0,R20)';
      PINUSE='UNSPEC';
      NO_LOAD_CHECK='Both';
      NO_IO_CHECK='Both';
      NO_ASSERT_CHECK='TRUE';
      NO_DIR_CHECK='TRUE';
      ALLOW_CONNECT='TRUE';
    'GND'<75>:
      PIN_NUMBER='(0,0,0,0,0,0,0,0,0,T7)';
      PINUSE='UNSPEC';
      NO_LOAD_CHECK='Both';
      NO_IO_CHECK='Both';
      NO_ASSERT_CHECK='TRUE';
      NO_DIR_CHECK='TRUE';
      ALLOW_CONNECT='TRUE';
    'GND'<76>:
      PIN_NUMBER='(0,0,0,0,0,0,0,0,0,T9)';
      PINUSE='UNSPEC';
      NO_LOAD_CHECK='Both';
      NO_IO_CHECK='Both';
      NO_ASSERT_CHECK='TRUE';
      NO_DIR_CHECK='TRUE';
      ALLOW_CONNECT='TRUE';
    'GND'<77>:
      PIN_NUMBER='(0,0,0,0,0,0,0,0,0,T11)';
      PINUSE='UNSPEC';
      NO_LOAD_CHECK='Both';
      NO_IO_CHECK='Both';
      NO_ASSERT_CHECK='TRUE';
      NO_DIR_CHECK='TRUE';
      ALLOW_CONNECT='TRUE';
    'GND'<78>:
      PIN_NUMBER='(0,0,0,0,0,0,0,0,0,T17)';
      PINUSE='UNSPEC';
      NO_LOAD_CHECK='Both';
      NO_IO_CHECK='Both';
      NO_ASSERT_CHECK='TRUE';
      NO_DIR_CHECK='TRUE';
      ALLOW_CONNECT='TRUE';
    'GND'<79>:
      PIN_NUMBER='(0,0,0,0,0,0,0,0,0,U4)';
      PINUSE='UNSPEC';
      NO_LOAD_CHECK='Both';
      NO_IO_CHECK='Both';
      NO_ASSERT_CHECK='TRUE';
      NO_DIR_CHECK='TRUE';
      ALLOW_CONNECT='TRUE';
    'GND'<80>:
      PIN_NUMBER='(0,0,0,0,0,0,0,0,0,U14)';
      PINUSE='UNSPEC';
      NO_LOAD_CHECK='Both';
      NO_IO_CHECK='Both';
      NO_ASSERT_CHECK='TRUE';
      NO_DIR_CHECK='TRUE';
      ALLOW_CONNECT='TRUE';
    'GND'<81>:
      PIN_NUMBER='(0,0,0,0,0,0,0,0,0,V1)';
      PINUSE='UNSPEC';
      NO_LOAD_CHECK='Both';
      NO_IO_CHECK='Both';
      NO_ASSERT_CHECK='TRUE';
      NO_DIR_CHECK='TRUE';
      ALLOW_CONNECT='TRUE';
    'GND'<82>:
      PIN_NUMBER='(0,0,0,0,0,0,0,0,0,V11)';
      PINUSE='UNSPEC';
      NO_LOAD_CHECK='Both';
      NO_IO_CHECK='Both';
      NO_ASSERT_CHECK='TRUE';
      NO_DIR_CHECK='TRUE';
      ALLOW_CONNECT='TRUE';
    'GND'<83>:
      PIN_NUMBER='(0,0,0,0,0,0,0,0,0,V21)';
      PINUSE='UNSPEC';
      NO_LOAD_CHECK='Both';
      NO_IO_CHECK='Both';
      NO_ASSERT_CHECK='TRUE';
      NO_DIR_CHECK='TRUE';
      ALLOW_CONNECT='TRUE';
    'GND'<84>:
      PIN_NUMBER='(0,0,0,0,0,0,0,0,0,W8)';
      PINUSE='UNSPEC';
      NO_LOAD_CHECK='Both';
      NO_IO_CHECK='Both';
      NO_ASSERT_CHECK='TRUE';
      NO_DIR_CHECK='TRUE';
      ALLOW_CONNECT='TRUE';
    'GND'<85>:
      PIN_NUMBER='(0,0,0,0,0,0,0,0,0,W18)';
      PINUSE='UNSPEC';
      NO_LOAD_CHECK='Both';
      NO_IO_CHECK='Both';
      NO_ASSERT_CHECK='TRUE';
      NO_DIR_CHECK='TRUE';
      ALLOW_CONNECT='TRUE';
    'GND'<86>:
      PIN_NUMBER='(0,0,0,0,0,0,0,0,0,Y5)';
      PINUSE='UNSPEC';
      NO_LOAD_CHECK='Both';
      NO_IO_CHECK='Both';
      NO_ASSERT_CHECK='TRUE';
      NO_DIR_CHECK='TRUE';
      ALLOW_CONNECT='TRUE';
    'GND'<87>:
      PIN_NUMBER='(0,0,0,0,0,0,0,0,0,Y15)';
      PINUSE='UNSPEC';
      NO_LOAD_CHECK='Both';
      NO_IO_CHECK='Both';
      NO_ASSERT_CHECK='TRUE';
      NO_DIR_CHECK='TRUE';
      ALLOW_CONNECT='TRUE';
  end_pin;
  body
    PART_NUMBER='XC7A100T-FGG484PKG';
    VENDOR='XILINX';
    BODY_NAME='XC7A100T-FGG484PKG';
    PART_NAME='XC7A100T-FGG484PKG';
    JEDEC_TYPE='FBGA484-40-906';
    PHYS_DES_PREFIX='U';
    CLASS='IC';
  end_body;
end_primitive;

END.
