FILE_TYPE=LIBRARY_PARTS;
primitive 'XC6SLX45FGG484';
  pin
    'IO_L2N_0':
      PIN_NUMBER='(A5,0,0,0,0,0,0,0,0,0,0,0,0,0)';
      PINUSE='UNSPEC';
      NO_LOAD_CHECK='Both';
      NO_IO_CHECK='Both';
      NO_ASSERT_CHECK='TRUE';
      NO_DIR_CHECK='TRUE';
      ALLOW_CONNECT='TRUE';
    'IO_L2P_0':
      PIN_NUMBER='(C5,0,0,0,0,0,0,0,0,0,0,0,0,0)';
      PINUSE='UNSPEC';
      NO_LOAD_CHECK='Both';
      NO_IO_CHECK='Both';
      NO_ASSERT_CHECK='TRUE';
      NO_DIR_CHECK='TRUE';
      ALLOW_CONNECT='TRUE';
    'IO_L1N_VREF_0':
      PIN_NUMBER='(A4,0,0,0,0,0,0,0,0,0,0,0,0,0)';
      PINUSE='UNSPEC';
      NO_LOAD_CHECK='Both';
      NO_IO_CHECK='Both';
      NO_ASSERT_CHECK='TRUE';
      NO_DIR_CHECK='TRUE';
      ALLOW_CONNECT='TRUE';
    'IO_L1P_HSWAPEN_0':
      PIN_NUMBER='(A3,0,0,0,0,0,0,0,0,0,0,0,0,0)';
      PINUSE='UNSPEC';
      NO_LOAD_CHECK='Both';
      NO_IO_CHECK='Both';
      NO_ASSERT_CHECK='TRUE';
      NO_DIR_CHECK='TRUE';
      ALLOW_CONNECT='TRUE';
    'IO_L4N_0':
      PIN_NUMBER='(A6,0,0,0,0,0,0,0,0,0,0,0,0,0)';
      PINUSE='UNSPEC';
      NO_LOAD_CHECK='Both';
      NO_IO_CHECK='Both';
      NO_ASSERT_CHECK='TRUE';
      NO_DIR_CHECK='TRUE';
      ALLOW_CONNECT='TRUE';
    'IO_L4P_0':
      PIN_NUMBER='(B6,0,0,0,0,0,0,0,0,0,0,0,0,0)';
      PINUSE='UNSPEC';
      NO_LOAD_CHECK='Both';
      NO_IO_CHECK='Both';
      NO_ASSERT_CHECK='TRUE';
      NO_DIR_CHECK='TRUE';
      ALLOW_CONNECT='TRUE';
    'IO_L3N_0':
      PIN_NUMBER='(C6,0,0,0,0,0,0,0,0,0,0,0,0,0)';
      PINUSE='UNSPEC';
      NO_LOAD_CHECK='Both';
      NO_IO_CHECK='Both';
      NO_ASSERT_CHECK='TRUE';
      NO_DIR_CHECK='TRUE';
      ALLOW_CONNECT='TRUE';
    'IO_L3P_0':
      PIN_NUMBER='(D6,0,0,0,0,0,0,0,0,0,0,0,0,0)';
      PINUSE='UNSPEC';
      NO_LOAD_CHECK='Both';
      NO_IO_CHECK='Both';
      NO_ASSERT_CHECK='TRUE';
      NO_DIR_CHECK='TRUE';
      ALLOW_CONNECT='TRUE';
    'IO_L6N_0':
      PIN_NUMBER='(A8,0,0,0,0,0,0,0,0,0,0,0,0,0)';
      PINUSE='UNSPEC';
      NO_LOAD_CHECK='Both';
      NO_IO_CHECK='Both';
      NO_ASSERT_CHECK='TRUE';
      NO_DIR_CHECK='TRUE';
      ALLOW_CONNECT='TRUE';
    'IO_L6P_0':
      PIN_NUMBER='(B8,0,0,0,0,0,0,0,0,0,0,0,0,0)';
      PINUSE='UNSPEC';
      NO_LOAD_CHECK='Both';
      NO_IO_CHECK='Both';
      NO_ASSERT_CHECK='TRUE';
      NO_DIR_CHECK='TRUE';
      ALLOW_CONNECT='TRUE';
    'IO_L5N_0':
      PIN_NUMBER='(A7,0,0,0,0,0,0,0,0,0,0,0,0,0)';
      PINUSE='UNSPEC';
      NO_LOAD_CHECK='Both';
      NO_IO_CHECK='Both';
      NO_ASSERT_CHECK='TRUE';
      NO_DIR_CHECK='TRUE';
      ALLOW_CONNECT='TRUE';
    'IO_L5P_0':
      PIN_NUMBER='(C7,0,0,0,0,0,0,0,0,0,0,0,0,0)';
      PINUSE='UNSPEC';
      NO_LOAD_CHECK='Both';
      NO_IO_CHECK='Both';
      NO_ASSERT_CHECK='TRUE';
      NO_DIR_CHECK='TRUE';
      ALLOW_CONNECT='TRUE';
    'IO_L8N_VREF_0':
      PIN_NUMBER='(A9,0,0,0,0,0,0,0,0,0,0,0,0,0)';
      PINUSE='UNSPEC';
      NO_LOAD_CHECK='Both';
      NO_IO_CHECK='Both';
      NO_ASSERT_CHECK='TRUE';
      NO_DIR_CHECK='TRUE';
      ALLOW_CONNECT='TRUE';
    'IO_L8P_0':
      PIN_NUMBER='(C9,0,0,0,0,0,0,0,0,0,0,0,0,0)';
      PINUSE='UNSPEC';
      NO_LOAD_CHECK='Both';
      NO_IO_CHECK='Both';
      NO_ASSERT_CHECK='TRUE';
      NO_DIR_CHECK='TRUE';
      ALLOW_CONNECT='TRUE';
    'IO_L7N_0':
      PIN_NUMBER='(C8,0,0,0,0,0,0,0,0,0,0,0,0,0)';
      PINUSE='UNSPEC';
      NO_LOAD_CHECK='Both';
      NO_IO_CHECK='Both';
      NO_ASSERT_CHECK='TRUE';
      NO_DIR_CHECK='TRUE';
      ALLOW_CONNECT='TRUE';
    'IO_L7P_0':
      PIN_NUMBER='(D9,0,0,0,0,0,0,0,0,0,0,0,0,0)';
      PINUSE='UNSPEC';
      NO_LOAD_CHECK='Both';
      NO_IO_CHECK='Both';
      NO_ASSERT_CHECK='TRUE';
      NO_DIR_CHECK='TRUE';
      ALLOW_CONNECT='TRUE';
    'IO_L33N_0':
      PIN_NUMBER='(C10,0,0,0,0,0,0,0,0,0,0,0,0,0)';
      PINUSE='UNSPEC';
      NO_LOAD_CHECK='Both';
      NO_IO_CHECK='Both';
      NO_ASSERT_CHECK='TRUE';
      NO_DIR_CHECK='TRUE';
      ALLOW_CONNECT='TRUE';
    'IO_L33P_0':
      PIN_NUMBER='(D10,0,0,0,0,0,0,0,0,0,0,0,0,0)';
      PINUSE='UNSPEC';
      NO_LOAD_CHECK='Both';
      NO_IO_CHECK='Both';
      NO_ASSERT_CHECK='TRUE';
      NO_DIR_CHECK='TRUE';
      ALLOW_CONNECT='TRUE';
    'IO_L32N_0':
      PIN_NUMBER='(D8,0,0,0,0,0,0,0,0,0,0,0,0,0)';
      PINUSE='UNSPEC';
      NO_LOAD_CHECK='Both';
      NO_IO_CHECK='Both';
      NO_ASSERT_CHECK='TRUE';
      NO_DIR_CHECK='TRUE';
      ALLOW_CONNECT='TRUE';
    'IO_L32P_0':
      PIN_NUMBER='(D7,0,0,0,0,0,0,0,0,0,0,0,0,0)';
      PINUSE='UNSPEC';
      NO_LOAD_CHECK='Both';
      NO_IO_CHECK='Both';
      NO_ASSERT_CHECK='TRUE';
      NO_DIR_CHECK='TRUE';
      ALLOW_CONNECT='TRUE';
    'IO_L35N_GCLK16_0':
      PIN_NUMBER='(A11,0,0,0,0,0,0,0,0,0,0,0,0,0)';
      PINUSE='UNSPEC';
      NO_LOAD_CHECK='Both';
      NO_IO_CHECK='Both';
      NO_ASSERT_CHECK='TRUE';
      NO_DIR_CHECK='TRUE';
      ALLOW_CONNECT='TRUE';
    'IO_L35P_GCLK17_0':
      PIN_NUMBER='(C11,0,0,0,0,0,0,0,0,0,0,0,0,0)';
      PINUSE='UNSPEC';
      NO_LOAD_CHECK='Both';
      NO_IO_CHECK='Both';
      NO_ASSERT_CHECK='TRUE';
      NO_DIR_CHECK='TRUE';
      ALLOW_CONNECT='TRUE';
    'IO_L34N_GCLK18_0':
      PIN_NUMBER='(A10,0,0,0,0,0,0,0,0,0,0,0,0,0)';
      PINUSE='UNSPEC';
      NO_LOAD_CHECK='Both';
      NO_IO_CHECK='Both';
      NO_ASSERT_CHECK='TRUE';
      NO_DIR_CHECK='TRUE';
      ALLOW_CONNECT='TRUE';
    'IO_L34P_GCLK19_0':
      PIN_NUMBER='(B10,0,0,0,0,0,0,0,0,0,0,0,0,0)';
      PINUSE='UNSPEC';
      NO_LOAD_CHECK='Both';
      NO_IO_CHECK='Both';
      NO_ASSERT_CHECK='TRUE';
      NO_DIR_CHECK='TRUE';
      ALLOW_CONNECT='TRUE';
    'IO_L37N_GCLK12_0':
      PIN_NUMBER='(A12,0,0,0,0,0,0,0,0,0,0,0,0,0)';
      PINUSE='UNSPEC';
      NO_LOAD_CHECK='Both';
      NO_IO_CHECK='Both';
      NO_ASSERT_CHECK='TRUE';
      NO_DIR_CHECK='TRUE';
      ALLOW_CONNECT='TRUE';
    'IO_L37P_GCLK13_0':
      PIN_NUMBER='(B12,0,0,0,0,0,0,0,0,0,0,0,0,0)';
      PINUSE='UNSPEC';
      NO_LOAD_CHECK='Both';
      NO_IO_CHECK='Both';
      NO_ASSERT_CHECK='TRUE';
      NO_DIR_CHECK='TRUE';
      ALLOW_CONNECT='TRUE';
    'IO_L36N_GCLK14_0':
      PIN_NUMBER='(C12,0,0,0,0,0,0,0,0,0,0,0,0,0)';
      PINUSE='UNSPEC';
      NO_LOAD_CHECK='Both';
      NO_IO_CHECK='Both';
      NO_ASSERT_CHECK='TRUE';
      NO_DIR_CHECK='TRUE';
      ALLOW_CONNECT='TRUE';
    'IO_L36P_GCLK15_0':
      PIN_NUMBER='(D11,0,0,0,0,0,0,0,0,0,0,0,0,0)';
      PINUSE='UNSPEC';
      NO_LOAD_CHECK='Both';
      NO_IO_CHECK='Both';
      NO_ASSERT_CHECK='TRUE';
      NO_DIR_CHECK='TRUE';
      ALLOW_CONNECT='TRUE';
    'IO_L38N_VREF_0':
      PIN_NUMBER='(A13,0,0,0,0,0,0,0,0,0,0,0,0,0)';
      PINUSE='UNSPEC';
      NO_LOAD_CHECK='Both';
      NO_IO_CHECK='Both';
      NO_ASSERT_CHECK='TRUE';
      NO_DIR_CHECK='TRUE';
      ALLOW_CONNECT='TRUE';
    'IO_L38P_0':
      PIN_NUMBER='(C13,0,0,0,0,0,0,0,0,0,0,0,0,0)';
      PINUSE='UNSPEC';
      NO_LOAD_CHECK='Both';
      NO_IO_CHECK='Both';
      NO_ASSERT_CHECK='TRUE';
      NO_DIR_CHECK='TRUE';
      ALLOW_CONNECT='TRUE';
    'IO_L50N_0':
      PIN_NUMBER='(A14,0,0,0,0,0,0,0,0,0,0,0,0,0)';
      PINUSE='UNSPEC';
      NO_LOAD_CHECK='Both';
      NO_IO_CHECK='Both';
      NO_ASSERT_CHECK='TRUE';
      NO_DIR_CHECK='TRUE';
      ALLOW_CONNECT='TRUE';
    'IO_L50P_0':
      PIN_NUMBER='(B14,0,0,0,0,0,0,0,0,0,0,0,0,0)';
      PINUSE='UNSPEC';
      NO_LOAD_CHECK='Both';
      NO_IO_CHECK='Both';
      NO_ASSERT_CHECK='TRUE';
      NO_DIR_CHECK='TRUE';
      ALLOW_CONNECT='TRUE';
    'IO_L49N_0':
      PIN_NUMBER='(C14,0,0,0,0,0,0,0,0,0,0,0,0,0)';
      PINUSE='UNSPEC';
      NO_LOAD_CHECK='Both';
      NO_IO_CHECK='Both';
      NO_ASSERT_CHECK='TRUE';
      NO_DIR_CHECK='TRUE';
      ALLOW_CONNECT='TRUE';
    'IO_L49P_0':
      PIN_NUMBER='(D14,0,0,0,0,0,0,0,0,0,0,0,0,0)';
      PINUSE='UNSPEC';
      NO_LOAD_CHECK='Both';
      NO_IO_CHECK='Both';
      NO_ASSERT_CHECK='TRUE';
      NO_DIR_CHECK='TRUE';
      ALLOW_CONNECT='TRUE';
    'IO_L62N_VREF_0':
      PIN_NUMBER='(C16,0,0,0,0,0,0,0,0,0,0,0,0,0)';
      PINUSE='UNSPEC';
      NO_LOAD_CHECK='Both';
      NO_IO_CHECK='Both';
      NO_ASSERT_CHECK='TRUE';
      NO_DIR_CHECK='TRUE';
      ALLOW_CONNECT='TRUE';
    'IO_L62P_0':
      PIN_NUMBER='(D15,0,0,0,0,0,0,0,0,0,0,0,0,0)';
      PINUSE='UNSPEC';
      NO_LOAD_CHECK='Both';
      NO_IO_CHECK='Both';
      NO_ASSERT_CHECK='TRUE';
      NO_DIR_CHECK='TRUE';
      ALLOW_CONNECT='TRUE';
    'IO_L51N_0':
      PIN_NUMBER='(A15,0,0,0,0,0,0,0,0,0,0,0,0,0)';
      PINUSE='UNSPEC';
      NO_LOAD_CHECK='Both';
      NO_IO_CHECK='Both';
      NO_ASSERT_CHECK='TRUE';
      NO_DIR_CHECK='TRUE';
      ALLOW_CONNECT='TRUE';
    'IO_L51P_0':
      PIN_NUMBER='(C15,0,0,0,0,0,0,0,0,0,0,0,0,0)';
      PINUSE='UNSPEC';
      NO_LOAD_CHECK='Both';
      NO_IO_CHECK='Both';
      NO_ASSERT_CHECK='TRUE';
      NO_DIR_CHECK='TRUE';
      ALLOW_CONNECT='TRUE';
    'IO_L64N_SCP4_0':
      PIN_NUMBER='(A17,0,0,0,0,0,0,0,0,0,0,0,0,0)';
      PINUSE='UNSPEC';
      NO_LOAD_CHECK='Both';
      NO_IO_CHECK='Both';
      NO_ASSERT_CHECK='TRUE';
      NO_DIR_CHECK='TRUE';
      ALLOW_CONNECT='TRUE';
    'IO_L64P_SCP5_0':
      PIN_NUMBER='(C17,0,0,0,0,0,0,0,0,0,0,0,0,0)';
      PINUSE='UNSPEC';
      NO_LOAD_CHECK='Both';
      NO_IO_CHECK='Both';
      NO_ASSERT_CHECK='TRUE';
      NO_DIR_CHECK='TRUE';
      ALLOW_CONNECT='TRUE';
    'IO_L63N_SCP6_0':
      PIN_NUMBER='(A16,0,0,0,0,0,0,0,0,0,0,0,0,0)';
      PINUSE='UNSPEC';
      NO_LOAD_CHECK='Both';
      NO_IO_CHECK='Both';
      NO_ASSERT_CHECK='TRUE';
      NO_DIR_CHECK='TRUE';
      ALLOW_CONNECT='TRUE';
    'IO_L63P_SCP7_0':
      PIN_NUMBER='(B16,0,0,0,0,0,0,0,0,0,0,0,0,0)';
      PINUSE='UNSPEC';
      NO_LOAD_CHECK='Both';
      NO_IO_CHECK='Both';
      NO_ASSERT_CHECK='TRUE';
      NO_DIR_CHECK='TRUE';
      ALLOW_CONNECT='TRUE';
    'IO_L66N_SCP0_0':
      PIN_NUMBER='(D17,0,0,0,0,0,0,0,0,0,0,0,0,0)';
      PINUSE='UNSPEC';
      NO_LOAD_CHECK='Both';
      NO_IO_CHECK='Both';
      NO_ASSERT_CHECK='TRUE';
      NO_DIR_CHECK='TRUE';
      ALLOW_CONNECT='TRUE';
    'IO_L66P_SCP1_0':
      PIN_NUMBER='(E16,0,0,0,0,0,0,0,0,0,0,0,0,0)';
      PINUSE='UNSPEC';
      NO_LOAD_CHECK='Both';
      NO_IO_CHECK='Both';
      NO_ASSERT_CHECK='TRUE';
      NO_DIR_CHECK='TRUE';
      ALLOW_CONNECT='TRUE';
    'IO_L65N_SCP2_0':
      PIN_NUMBER='(A18,0,0,0,0,0,0,0,0,0,0,0,0,0)';
      PINUSE='UNSPEC';
      NO_LOAD_CHECK='Both';
      NO_IO_CHECK='Both';
      NO_ASSERT_CHECK='TRUE';
      NO_DIR_CHECK='TRUE';
      ALLOW_CONNECT='TRUE';
    'IO_L65P_SCP3_0':
      PIN_NUMBER='(B18,0,0,0,0,0,0,0,0,0,0,0,0,0)';
      PINUSE='UNSPEC';
      NO_LOAD_CHECK='Both';
      NO_IO_CHECK='Both';
      NO_ASSERT_CHECK='TRUE';
      NO_DIR_CHECK='TRUE';
      ALLOW_CONNECT='TRUE';
    'IO_L1P_A25_1':
      PIN_NUMBER='(0,C19,0,0,0,0,0,0,0,0,0,0,0,0)';
      PINUSE='UNSPEC';
      NO_LOAD_CHECK='Both';
      NO_IO_CHECK='Both';
      NO_ASSERT_CHECK='TRUE';
      NO_DIR_CHECK='TRUE';
      ALLOW_CONNECT='TRUE';
    'IO_L1N_A24_VREF_1':
      PIN_NUMBER='(0,B20,0,0,0,0,0,0,0,0,0,0,0,0)';
      PINUSE='UNSPEC';
      NO_LOAD_CHECK='Both';
      NO_IO_CHECK='Both';
      NO_ASSERT_CHECK='TRUE';
      NO_DIR_CHECK='TRUE';
      ALLOW_CONNECT='TRUE';
    'IO_L9P_1':
      PIN_NUMBER='(0,G16,0,0,0,0,0,0,0,0,0,0,0,0)';
      PINUSE='UNSPEC';
      NO_LOAD_CHECK='Both';
      NO_IO_CHECK='Both';
      NO_ASSERT_CHECK='TRUE';
      NO_DIR_CHECK='TRUE';
      ALLOW_CONNECT='TRUE';
    'IO_L9N_1':
      PIN_NUMBER='(0,G17,0,0,0,0,0,0,0,0,0,0,0,0)';
      PINUSE='UNSPEC';
      NO_LOAD_CHECK='Both';
      NO_IO_CHECK='Both';
      NO_ASSERT_CHECK='TRUE';
      NO_DIR_CHECK='TRUE';
      ALLOW_CONNECT='TRUE';
    'IO_L10P_1':
      PIN_NUMBER='(0,F16,0,0,0,0,0,0,0,0,0,0,0,0)';
      PINUSE='UNSPEC';
      NO_LOAD_CHECK='Both';
      NO_IO_CHECK='Both';
      NO_ASSERT_CHECK='TRUE';
      NO_DIR_CHECK='TRUE';
      ALLOW_CONNECT='TRUE';
    'IO_L10N_1':
      PIN_NUMBER='(0,F17,0,0,0,0,0,0,0,0,0,0,0,0)';
      PINUSE='UNSPEC';
      NO_LOAD_CHECK='Both';
      NO_IO_CHECK='Both';
      NO_ASSERT_CHECK='TRUE';
      NO_DIR_CHECK='TRUE';
      ALLOW_CONNECT='TRUE';
    'IO_L19P_1':
      PIN_NUMBER='(0,B21,0,0,0,0,0,0,0,0,0,0,0,0)';
      PINUSE='UNSPEC';
      NO_LOAD_CHECK='Both';
      NO_IO_CHECK='Both';
      NO_ASSERT_CHECK='TRUE';
      NO_DIR_CHECK='TRUE';
      ALLOW_CONNECT='TRUE';
    'IO_L19N_1':
      PIN_NUMBER='(0,B22,0,0,0,0,0,0,0,0,0,0,0,0)';
      PINUSE='UNSPEC';
      NO_LOAD_CHECK='Both';
      NO_IO_CHECK='Both';
      NO_ASSERT_CHECK='TRUE';
      NO_DIR_CHECK='TRUE';
      ALLOW_CONNECT='TRUE';
    'IO_L20P_1':
      PIN_NUMBER='(0,A20,0,0,0,0,0,0,0,0,0,0,0,0)';
      PINUSE='UNSPEC';
      NO_LOAD_CHECK='Both';
      NO_IO_CHECK='Both';
      NO_ASSERT_CHECK='TRUE';
      NO_DIR_CHECK='TRUE';
      ALLOW_CONNECT='TRUE';
    'IO_L20N_1':
      PIN_NUMBER='(0,A21,0,0,0,0,0,0,0,0,0,0,0,0)';
      PINUSE='UNSPEC';
      NO_LOAD_CHECK='Both';
      NO_IO_CHECK='Both';
      NO_ASSERT_CHECK='TRUE';
      NO_DIR_CHECK='TRUE';
      ALLOW_CONNECT='TRUE';
    'IO_L21P_1':
      PIN_NUMBER='(0,K16,0,0,0,0,0,0,0,0,0,0,0,0)';
      PINUSE='UNSPEC';
      NO_LOAD_CHECK='Both';
      NO_IO_CHECK='Both';
      NO_ASSERT_CHECK='TRUE';
      NO_DIR_CHECK='TRUE';
      ALLOW_CONNECT='TRUE';
    'IO_L21N_1':
      PIN_NUMBER='(0,J16,0,0,0,0,0,0,0,0,0,0,0,0)';
      PINUSE='UNSPEC';
      NO_LOAD_CHECK='Both';
      NO_IO_CHECK='Both';
      NO_ASSERT_CHECK='TRUE';
      NO_DIR_CHECK='TRUE';
      ALLOW_CONNECT='TRUE';
    'IO_L28P_1':
      PIN_NUMBER='(0,H16,0,0,0,0,0,0,0,0,0,0,0,0)';
      PINUSE='UNSPEC';
      NO_LOAD_CHECK='Both';
      NO_IO_CHECK='Both';
      NO_ASSERT_CHECK='TRUE';
      NO_DIR_CHECK='TRUE';
      ALLOW_CONNECT='TRUE';
    'IO_L28N_VREF_1':
      PIN_NUMBER='(0,H17,0,0,0,0,0,0,0,0,0,0,0,0)';
      PINUSE='UNSPEC';
      NO_LOAD_CHECK='Both';
      NO_IO_CHECK='Both';
      NO_ASSERT_CHECK='TRUE';
      NO_DIR_CHECK='TRUE';
      ALLOW_CONNECT='TRUE';
    'IO_L29P_A23_M1A13_1':
      PIN_NUMBER='(0,D19,0,0,0,0,0,0,0,0,0,0,0,0)';
      PINUSE='UNSPEC';
      NO_LOAD_CHECK='Both';
      NO_IO_CHECK='Both';
      NO_ASSERT_CHECK='TRUE';
      NO_DIR_CHECK='TRUE';
      ALLOW_CONNECT='TRUE';
    'IO_L29N_A22_M1A14_1':
      PIN_NUMBER='(0,D20,0,0,0,0,0,0,0,0,0,0,0,0)';
      PINUSE='UNSPEC';
      NO_LOAD_CHECK='Both';
      NO_IO_CHECK='Both';
      NO_ASSERT_CHECK='TRUE';
      NO_DIR_CHECK='TRUE';
      ALLOW_CONNECT='TRUE';
    'IO_L30P_A21_M1RESET_1':
      PIN_NUMBER='(0,F18,0,0,0,0,0,0,0,0,0,0,0,0)';
      PINUSE='UNSPEC';
      NO_LOAD_CHECK='Both';
      NO_IO_CHECK='Both';
      NO_ASSERT_CHECK='TRUE';
      NO_DIR_CHECK='TRUE';
      ALLOW_CONNECT='TRUE';
    'IO_L30N_A20_M1A11_1':
      PIN_NUMBER='(0,F19,0,0,0,0,0,0,0,0,0,0,0,0)';
      PINUSE='UNSPEC';
      NO_LOAD_CHECK='Both';
      NO_IO_CHECK='Both';
      NO_ASSERT_CHECK='TRUE';
      NO_DIR_CHECK='TRUE';
      ALLOW_CONNECT='TRUE';
    'IO_L31P_A19_M1CKE_1':
      PIN_NUMBER='(0,D21,0,0,0,0,0,0,0,0,0,0,0,0)';
      PINUSE='UNSPEC';
      NO_LOAD_CHECK='Both';
      NO_IO_CHECK='Both';
      NO_ASSERT_CHECK='TRUE';
      NO_DIR_CHECK='TRUE';
      ALLOW_CONNECT='TRUE';
    'IO_L31N_A18_M1A12_1':
      PIN_NUMBER='(0,D22,0,0,0,0,0,0,0,0,0,0,0,0)';
      PINUSE='UNSPEC';
      NO_LOAD_CHECK='Both';
      NO_IO_CHECK='Both';
      NO_ASSERT_CHECK='TRUE';
      NO_DIR_CHECK='TRUE';
      ALLOW_CONNECT='TRUE';
    'IO_L32P_A17_M1A8_1':
      PIN_NUMBER='(0,C20,0,0,0,0,0,0,0,0,0,0,0,0)';
      PINUSE='UNSPEC';
      NO_LOAD_CHECK='Both';
      NO_IO_CHECK='Both';
      NO_ASSERT_CHECK='TRUE';
      NO_DIR_CHECK='TRUE';
      ALLOW_CONNECT='TRUE';
    'IO_L32N_A16_M1A9_1':
      PIN_NUMBER='(0,C22,0,0,0,0,0,0,0,0,0,0,0,0)';
      PINUSE='UNSPEC';
      NO_LOAD_CHECK='Both';
      NO_IO_CHECK='Both';
      NO_ASSERT_CHECK='TRUE';
      NO_DIR_CHECK='TRUE';
      ALLOW_CONNECT='TRUE';
    'IO_L33P_A15_M1A10_1':
      PIN_NUMBER='(0,G19,0,0,0,0,0,0,0,0,0,0,0,0)';
      PINUSE='UNSPEC';
      NO_LOAD_CHECK='Both';
      NO_IO_CHECK='Both';
      NO_ASSERT_CHECK='TRUE';
      NO_DIR_CHECK='TRUE';
      ALLOW_CONNECT='TRUE';
    'IO_L33N_A14_M1A4_1':
      PIN_NUMBER='(0,F20,0,0,0,0,0,0,0,0,0,0,0,0)';
      PINUSE='UNSPEC';
      NO_LOAD_CHECK='Both';
      NO_IO_CHECK='Both';
      NO_ASSERT_CHECK='TRUE';
      NO_DIR_CHECK='TRUE';
      ALLOW_CONNECT='TRUE';
    'IO_L34P_A13_M1WE_1':
      PIN_NUMBER='(0,H19,0,0,0,0,0,0,0,0,0,0,0,0)';
      PINUSE='UNSPEC';
      NO_LOAD_CHECK='Both';
      NO_IO_CHECK='Both';
      NO_ASSERT_CHECK='TRUE';
      NO_DIR_CHECK='TRUE';
      ALLOW_CONNECT='TRUE';
    'IO_L34N_A12_M1BA2_1':
      PIN_NUMBER='(0,H18,0,0,0,0,0,0,0,0,0,0,0,0)';
      PINUSE='UNSPEC';
      NO_LOAD_CHECK='Both';
      NO_IO_CHECK='Both';
      NO_ASSERT_CHECK='TRUE';
      NO_DIR_CHECK='TRUE';
      ALLOW_CONNECT='TRUE';
    'IO_L35P_A11_M1A7_1':
      PIN_NUMBER='(0,E20,0,0,0,0,0,0,0,0,0,0,0,0)';
      PINUSE='UNSPEC';
      NO_LOAD_CHECK='Both';
      NO_IO_CHECK='Both';
      NO_ASSERT_CHECK='TRUE';
      NO_DIR_CHECK='TRUE';
      ALLOW_CONNECT='TRUE';
    'IO_L35N_A10_M1A2_1':
      PIN_NUMBER='(0,E22,0,0,0,0,0,0,0,0,0,0,0,0)';
      PINUSE='UNSPEC';
      NO_LOAD_CHECK='Both';
      NO_IO_CHECK='Both';
      NO_ASSERT_CHECK='TRUE';
      NO_DIR_CHECK='TRUE';
      ALLOW_CONNECT='TRUE';
    'IO_L36P_A9_M1BA0_1':
      PIN_NUMBER='(0,J17,0,0,0,0,0,0,0,0,0,0,0,0)';
      PINUSE='UNSPEC';
      NO_LOAD_CHECK='Both';
      NO_IO_CHECK='Both';
      NO_ASSERT_CHECK='TRUE';
      NO_DIR_CHECK='TRUE';
      ALLOW_CONNECT='TRUE';
    'IO_L36N_A8_M1BA1_1':
      PIN_NUMBER='(0,K17,0,0,0,0,0,0,0,0,0,0,0,0)';
      PINUSE='UNSPEC';
      NO_LOAD_CHECK='Both';
      NO_IO_CHECK='Both';
      NO_ASSERT_CHECK='TRUE';
      NO_DIR_CHECK='TRUE';
      ALLOW_CONNECT='TRUE';
    'IO_L37P_A7_M1A0_1':
      PIN_NUMBER='(0,F21,0,0,0,0,0,0,0,0,0,0,0,0)';
      PINUSE='UNSPEC';
      NO_LOAD_CHECK='Both';
      NO_IO_CHECK='Both';
      NO_ASSERT_CHECK='TRUE';
      NO_DIR_CHECK='TRUE';
      ALLOW_CONNECT='TRUE';
    'IO_L37N_A6_M1A1_1':
      PIN_NUMBER='(0,F22,0,0,0,0,0,0,0,0,0,0,0,0)';
      PINUSE='UNSPEC';
      NO_LOAD_CHECK='Both';
      NO_IO_CHECK='Both';
      NO_ASSERT_CHECK='TRUE';
      NO_DIR_CHECK='TRUE';
      ALLOW_CONNECT='TRUE';
    'IO_L38P_A5_M1CLK_1':
      PIN_NUMBER='(0,H20,0,0,0,0,0,0,0,0,0,0,0,0)';
      PINUSE='UNSPEC';
      NO_LOAD_CHECK='Both';
      NO_IO_CHECK='Both';
      NO_ASSERT_CHECK='TRUE';
      NO_DIR_CHECK='TRUE';
      ALLOW_CONNECT='TRUE';
    'IO_L38N_A4_M1CLKN_1':
      PIN_NUMBER='(0,J19,0,0,0,0,0,0,0,0,0,0,0,0)';
      PINUSE='UNSPEC';
      NO_LOAD_CHECK='Both';
      NO_IO_CHECK='Both';
      NO_ASSERT_CHECK='TRUE';
      NO_DIR_CHECK='TRUE';
      ALLOW_CONNECT='TRUE';
    'IO_L39P_M1A3_1':
      PIN_NUMBER='(0,G20,0,0,0,0,0,0,0,0,0,0,0,0)';
      PINUSE='UNSPEC';
      NO_LOAD_CHECK='Both';
      NO_IO_CHECK='Both';
      NO_ASSERT_CHECK='TRUE';
      NO_DIR_CHECK='TRUE';
      ALLOW_CONNECT='TRUE';
    'IO_L39N_M1ODT_1':
      PIN_NUMBER='(0,G22,0,0,0,0,0,0,0,0,0,0,0,0)';
      PINUSE='UNSPEC';
      NO_LOAD_CHECK='Both';
      NO_IO_CHECK='Both';
      NO_ASSERT_CHECK='TRUE';
      NO_DIR_CHECK='TRUE';
      ALLOW_CONNECT='TRUE';
    'IO_L40P_GCLK11_M1A5_1':
      PIN_NUMBER='(0,K20,0,0,0,0,0,0,0,0,0,0,0,0)';
      PINUSE='UNSPEC';
      NO_LOAD_CHECK='Both';
      NO_IO_CHECK='Both';
      NO_ASSERT_CHECK='TRUE';
      NO_DIR_CHECK='TRUE';
      ALLOW_CONNECT='TRUE';
    'IO_L40N_GCLK10_M1A6_1':
      PIN_NUMBER='(0,K19,0,0,0,0,0,0,0,0,0,0,0,0)';
      PINUSE='UNSPEC';
      NO_LOAD_CHECK='Both';
      NO_IO_CHECK='Both';
      NO_ASSERT_CHECK='TRUE';
      NO_DIR_CHECK='TRUE';
      ALLOW_CONNECT='TRUE';
    'IO_L41P_GCLK9_IRDY1_M1RASN_1':
      PIN_NUMBER='(0,H21,0,0,0,0,0,0,0,0,0,0,0,0)';
      PINUSE='UNSPEC';
      NO_LOAD_CHECK='Both';
      NO_IO_CHECK='Both';
      NO_ASSERT_CHECK='TRUE';
      NO_DIR_CHECK='TRUE';
      ALLOW_CONNECT='TRUE';
    'IO_L41N_GCLK8_M1CASN_1':
      PIN_NUMBER='(0,H22,0,0,0,0,0,0,0,0,0,0,0,0)';
      PINUSE='UNSPEC';
      NO_LOAD_CHECK='Both';
      NO_IO_CHECK='Both';
      NO_ASSERT_CHECK='TRUE';
      NO_DIR_CHECK='TRUE';
      ALLOW_CONNECT='TRUE';
    'IO_L42P_GCLK7_M1UDM_1':
      PIN_NUMBER='(0,M20,0,0,0,0,0,0,0,0,0,0,0,0)';
      PINUSE='UNSPEC';
      NO_LOAD_CHECK='Both';
      NO_IO_CHECK='Both';
      NO_ASSERT_CHECK='TRUE';
      NO_DIR_CHECK='TRUE';
      ALLOW_CONNECT='TRUE';
    'IO_L42N_GCLK6_TRDY1_M1LDM_1':
      PIN_NUMBER='(0,L19,0,0,0,0,0,0,0,0,0,0,0,0)';
      PINUSE='UNSPEC';
      NO_LOAD_CHECK='Both';
      NO_IO_CHECK='Both';
      NO_ASSERT_CHECK='TRUE';
      NO_DIR_CHECK='TRUE';
      ALLOW_CONNECT='TRUE';
    'IO_L43P_GCLK5_M1DQ4_1':
      PIN_NUMBER='(0,J20,0,0,0,0,0,0,0,0,0,0,0,0)';
      PINUSE='UNSPEC';
      NO_LOAD_CHECK='Both';
      NO_IO_CHECK='Both';
      NO_ASSERT_CHECK='TRUE';
      NO_DIR_CHECK='TRUE';
      ALLOW_CONNECT='TRUE';
    'IO_L43N_GCLK4_M1DQ5_1':
      PIN_NUMBER='(0,J22,0,0,0,0,0,0,0,0,0,0,0,0)';
      PINUSE='UNSPEC';
      NO_LOAD_CHECK='Both';
      NO_IO_CHECK='Both';
      NO_ASSERT_CHECK='TRUE';
      NO_DIR_CHECK='TRUE';
      ALLOW_CONNECT='TRUE';
    'IO_L44P_A3_M1DQ6_1':
      PIN_NUMBER='(0,K21,0,0,0,0,0,0,0,0,0,0,0,0)';
      PINUSE='UNSPEC';
      NO_LOAD_CHECK='Both';
      NO_IO_CHECK='Both';
      NO_ASSERT_CHECK='TRUE';
      NO_DIR_CHECK='TRUE';
      ALLOW_CONNECT='TRUE';
    'IO_L44N_A2_M1DQ7_1':
      PIN_NUMBER='(0,K22,0,0,0,0,0,0,0,0,0,0,0,0)';
      PINUSE='UNSPEC';
      NO_LOAD_CHECK='Both';
      NO_IO_CHECK='Both';
      NO_ASSERT_CHECK='TRUE';
      NO_DIR_CHECK='TRUE';
      ALLOW_CONNECT='TRUE';
    'IO_L45P_A1_M1LDQS_1':
      PIN_NUMBER='(0,L20,0,0,0,0,0,0,0,0,0,0,0,0)';
      PINUSE='UNSPEC';
      NO_LOAD_CHECK='Both';
      NO_IO_CHECK='Both';
      NO_ASSERT_CHECK='TRUE';
      NO_DIR_CHECK='TRUE';
      ALLOW_CONNECT='TRUE';
    'IO_L45N_A0_M1LDQSN_1':
      PIN_NUMBER='(0,L22,0,0,0,0,0,0,0,0,0,0,0,0)';
      PINUSE='UNSPEC';
      NO_LOAD_CHECK='Both';
      NO_IO_CHECK='Both';
      NO_ASSERT_CHECK='TRUE';
      NO_DIR_CHECK='TRUE';
      ALLOW_CONNECT='TRUE';
    'IO_L46P_FCS_B_M1DQ2_1':
      PIN_NUMBER='(0,M21,0,0,0,0,0,0,0,0,0,0,0,0)';
      PINUSE='UNSPEC';
      NO_LOAD_CHECK='Both';
      NO_IO_CHECK='Both';
      NO_ASSERT_CHECK='TRUE';
      NO_DIR_CHECK='TRUE';
      ALLOW_CONNECT='TRUE';
    'IO_L46N_FOE_B_M1DQ3_1':
      PIN_NUMBER='(0,M22,0,0,0,0,0,0,0,0,0,0,0,0)';
      PINUSE='UNSPEC';
      NO_LOAD_CHECK='Both';
      NO_IO_CHECK='Both';
      NO_ASSERT_CHECK='TRUE';
      NO_DIR_CHECK='TRUE';
      ALLOW_CONNECT='TRUE';
    'IO_L47P_FWE_B_M1DQ0_1':
      PIN_NUMBER='(0,N20,0,0,0,0,0,0,0,0,0,0,0,0)';
      PINUSE='UNSPEC';
      NO_LOAD_CHECK='Both';
      NO_IO_CHECK='Both';
      NO_ASSERT_CHECK='TRUE';
      NO_DIR_CHECK='TRUE';
      ALLOW_CONNECT='TRUE';
    'IO_L47N_LDC_M1DQ1_1':
      PIN_NUMBER='(0,N22,0,0,0,0,0,0,0,0,0,0,0,0)';
      PINUSE='UNSPEC';
      NO_LOAD_CHECK='Both';
      NO_IO_CHECK='Both';
      NO_ASSERT_CHECK='TRUE';
      NO_DIR_CHECK='TRUE';
      ALLOW_CONNECT='TRUE';
    'IO_L48P_HDC_M1DQ8_1':
      PIN_NUMBER='(0,P21,0,0,0,0,0,0,0,0,0,0,0,0)';
      PINUSE='UNSPEC';
      NO_LOAD_CHECK='Both';
      NO_IO_CHECK='Both';
      NO_ASSERT_CHECK='TRUE';
      NO_DIR_CHECK='TRUE';
      ALLOW_CONNECT='TRUE';
    'IO_L48N_M1DQ9_1':
      PIN_NUMBER='(0,P22,0,0,0,0,0,0,0,0,0,0,0,0)';
      PINUSE='UNSPEC';
      NO_LOAD_CHECK='Both';
      NO_IO_CHECK='Both';
      NO_ASSERT_CHECK='TRUE';
      NO_DIR_CHECK='TRUE';
      ALLOW_CONNECT='TRUE';
    'IO_L49P_M1DQ10_1':
      PIN_NUMBER='(0,R20,0,0,0,0,0,0,0,0,0,0,0,0)';
      PINUSE='UNSPEC';
      NO_LOAD_CHECK='Both';
      NO_IO_CHECK='Both';
      NO_ASSERT_CHECK='TRUE';
      NO_DIR_CHECK='TRUE';
      ALLOW_CONNECT='TRUE';
    'IO_L49N_M1DQ11_1':
      PIN_NUMBER='(0,R22,0,0,0,0,0,0,0,0,0,0,0,0)';
      PINUSE='UNSPEC';
      NO_LOAD_CHECK='Both';
      NO_IO_CHECK='Both';
      NO_ASSERT_CHECK='TRUE';
      NO_DIR_CHECK='TRUE';
      ALLOW_CONNECT='TRUE';
    'IO_L50P_M1UDQS_1':
      PIN_NUMBER='(0,T21,0,0,0,0,0,0,0,0,0,0,0,0)';
      PINUSE='UNSPEC';
      NO_LOAD_CHECK='Both';
      NO_IO_CHECK='Both';
      NO_ASSERT_CHECK='TRUE';
      NO_DIR_CHECK='TRUE';
      ALLOW_CONNECT='TRUE';
    'IO_L50N_M1UDQSN_1':
      PIN_NUMBER='(0,T22,0,0,0,0,0,0,0,0,0,0,0,0)';
      PINUSE='UNSPEC';
      NO_LOAD_CHECK='Both';
      NO_IO_CHECK='Both';
      NO_ASSERT_CHECK='TRUE';
      NO_DIR_CHECK='TRUE';
      ALLOW_CONNECT='TRUE';
    'IO_L51P_M1DQ12_1':
      PIN_NUMBER='(0,U20,0,0,0,0,0,0,0,0,0,0,0,0)';
      PINUSE='UNSPEC';
      NO_LOAD_CHECK='Both';
      NO_IO_CHECK='Both';
      NO_ASSERT_CHECK='TRUE';
      NO_DIR_CHECK='TRUE';
      ALLOW_CONNECT='TRUE';
    'IO_L51N_M1DQ13_1':
      PIN_NUMBER='(0,U22,0,0,0,0,0,0,0,0,0,0,0,0)';
      PINUSE='UNSPEC';
      NO_LOAD_CHECK='Both';
      NO_IO_CHECK='Both';
      NO_ASSERT_CHECK='TRUE';
      NO_DIR_CHECK='TRUE';
      ALLOW_CONNECT='TRUE';
    'IO_L52P_M1DQ14_1':
      PIN_NUMBER='(0,V21,0,0,0,0,0,0,0,0,0,0,0,0)';
      PINUSE='UNSPEC';
      NO_LOAD_CHECK='Both';
      NO_IO_CHECK='Both';
      NO_ASSERT_CHECK='TRUE';
      NO_DIR_CHECK='TRUE';
      ALLOW_CONNECT='TRUE';
    'IO_L52N_M1DQ15_1':
      PIN_NUMBER='(0,V22,0,0,0,0,0,0,0,0,0,0,0,0)';
      PINUSE='UNSPEC';
      NO_LOAD_CHECK='Both';
      NO_IO_CHECK='Both';
      NO_ASSERT_CHECK='TRUE';
      NO_DIR_CHECK='TRUE';
      ALLOW_CONNECT='TRUE';
    'IO_L53P_1':
      PIN_NUMBER='(0,M19,0,0,0,0,0,0,0,0,0,0,0,0)';
      PINUSE='UNSPEC';
      NO_LOAD_CHECK='Both';
      NO_IO_CHECK='Both';
      NO_ASSERT_CHECK='TRUE';
      NO_DIR_CHECK='TRUE';
      ALLOW_CONNECT='TRUE';
    'IO_L53N_VREF_1':
      PIN_NUMBER='(0,N19,0,0,0,0,0,0,0,0,0,0,0,0)';
      PINUSE='UNSPEC';
      NO_LOAD_CHECK='Both';
      NO_IO_CHECK='Both';
      NO_ASSERT_CHECK='TRUE';
      NO_DIR_CHECK='TRUE';
      ALLOW_CONNECT='TRUE';
    'IO_L58P_1':
      PIN_NUMBER='(0,M16,0,0,0,0,0,0,0,0,0,0,0,0)';
      PINUSE='UNSPEC';
      NO_LOAD_CHECK='Both';
      NO_IO_CHECK='Both';
      NO_ASSERT_CHECK='TRUE';
      NO_DIR_CHECK='TRUE';
      ALLOW_CONNECT='TRUE';
    'IO_L58N_1':
      PIN_NUMBER='(0,L15,0,0,0,0,0,0,0,0,0,0,0,0)';
      PINUSE='UNSPEC';
      NO_LOAD_CHECK='Both';
      NO_IO_CHECK='Both';
      NO_ASSERT_CHECK='TRUE';
      NO_DIR_CHECK='TRUE';
      ALLOW_CONNECT='TRUE';
    'IO_L59P_1':
      PIN_NUMBER='(0,P19,0,0,0,0,0,0,0,0,0,0,0,0)';
      PINUSE='UNSPEC';
      NO_LOAD_CHECK='Both';
      NO_IO_CHECK='Both';
      NO_ASSERT_CHECK='TRUE';
      NO_DIR_CHECK='TRUE';
      ALLOW_CONNECT='TRUE';
    'IO_L59N_1':
      PIN_NUMBER='(0,P20,0,0,0,0,0,0,0,0,0,0,0,0)';
      PINUSE='UNSPEC';
      NO_LOAD_CHECK='Both';
      NO_IO_CHECK='Both';
      NO_ASSERT_CHECK='TRUE';
      NO_DIR_CHECK='TRUE';
      ALLOW_CONNECT='TRUE';
    'IO_L60P_1':
      PIN_NUMBER='(0,W20,0,0,0,0,0,0,0,0,0,0,0,0)';
      PINUSE='UNSPEC';
      NO_LOAD_CHECK='Both';
      NO_IO_CHECK='Both';
      NO_ASSERT_CHECK='TRUE';
      NO_DIR_CHECK='TRUE';
      ALLOW_CONNECT='TRUE';
    'IO_L60N_1':
      PIN_NUMBER='(0,W22,0,0,0,0,0,0,0,0,0,0,0,0)';
      PINUSE='UNSPEC';
      NO_LOAD_CHECK='Both';
      NO_IO_CHECK='Both';
      NO_ASSERT_CHECK='TRUE';
      NO_DIR_CHECK='TRUE';
      ALLOW_CONNECT='TRUE';
    'IO_L61P_1':
      PIN_NUMBER='(0,L17,0,0,0,0,0,0,0,0,0,0,0,0)';
      PINUSE='UNSPEC';
      NO_LOAD_CHECK='Both';
      NO_IO_CHECK='Both';
      NO_ASSERT_CHECK='TRUE';
      NO_DIR_CHECK='TRUE';
      ALLOW_CONNECT='TRUE';
    'IO_L61N_1':
      PIN_NUMBER='(0,K18,0,0,0,0,0,0,0,0,0,0,0,0)';
      PINUSE='UNSPEC';
      NO_LOAD_CHECK='Both';
      NO_IO_CHECK='Both';
      NO_ASSERT_CHECK='TRUE';
      NO_DIR_CHECK='TRUE';
      ALLOW_CONNECT='TRUE';
    'IO_L70P_1':
      PIN_NUMBER='(0,U19,0,0,0,0,0,0,0,0,0,0,0,0)';
      PINUSE='UNSPEC';
      NO_LOAD_CHECK='Both';
      NO_IO_CHECK='Both';
      NO_ASSERT_CHECK='TRUE';
      NO_DIR_CHECK='TRUE';
      ALLOW_CONNECT='TRUE';
    'IO_L70N_1':
      PIN_NUMBER='(0,V20,0,0,0,0,0,0,0,0,0,0,0,0)';
      PINUSE='UNSPEC';
      NO_LOAD_CHECK='Both';
      NO_IO_CHECK='Both';
      NO_ASSERT_CHECK='TRUE';
      NO_DIR_CHECK='TRUE';
      ALLOW_CONNECT='TRUE';
    'IO_L71P_1':
      PIN_NUMBER='(0,M17,0,0,0,0,0,0,0,0,0,0,0,0)';
      PINUSE='UNSPEC';
      NO_LOAD_CHECK='Both';
      NO_IO_CHECK='Both';
      NO_ASSERT_CHECK='TRUE';
      NO_DIR_CHECK='TRUE';
      ALLOW_CONNECT='TRUE';
    'IO_L71N_1':
      PIN_NUMBER='(0,M18,0,0,0,0,0,0,0,0,0,0,0,0)';
      PINUSE='UNSPEC';
      NO_LOAD_CHECK='Both';
      NO_IO_CHECK='Both';
      NO_ASSERT_CHECK='TRUE';
      NO_DIR_CHECK='TRUE';
      ALLOW_CONNECT='TRUE';
    'IO_L72P_1':
      PIN_NUMBER='(0,P17,0,0,0,0,0,0,0,0,0,0,0,0)';
      PINUSE='UNSPEC';
      NO_LOAD_CHECK='Both';
      NO_IO_CHECK='Both';
      NO_ASSERT_CHECK='TRUE';
      NO_DIR_CHECK='TRUE';
      ALLOW_CONNECT='TRUE';
    'IO_L72N_1':
      PIN_NUMBER='(0,N16,0,0,0,0,0,0,0,0,0,0,0,0)';
      PINUSE='UNSPEC';
      NO_LOAD_CHECK='Both';
      NO_IO_CHECK='Both';
      NO_ASSERT_CHECK='TRUE';
      NO_DIR_CHECK='TRUE';
      ALLOW_CONNECT='TRUE';
    'IO_L73P_1':
      PIN_NUMBER='(0,P18,0,0,0,0,0,0,0,0,0,0,0,0)';
      PINUSE='UNSPEC';
      NO_LOAD_CHECK='Both';
      NO_IO_CHECK='Both';
      NO_ASSERT_CHECK='TRUE';
      NO_DIR_CHECK='TRUE';
      ALLOW_CONNECT='TRUE';
    'IO_L73N_1':
      PIN_NUMBER='(0,R19,0,0,0,0,0,0,0,0,0,0,0,0)';
      PINUSE='UNSPEC';
      NO_LOAD_CHECK='Both';
      NO_IO_CHECK='Both';
      NO_ASSERT_CHECK='TRUE';
      NO_DIR_CHECK='TRUE';
      ALLOW_CONNECT='TRUE';
    'IO_L74P_AWAKE_1':
      PIN_NUMBER='(0,T19,0,0,0,0,0,0,0,0,0,0,0,0)';
      PINUSE='UNSPEC';
      NO_LOAD_CHECK='Both';
      NO_IO_CHECK='Both';
      NO_ASSERT_CHECK='TRUE';
      NO_DIR_CHECK='TRUE';
      ALLOW_CONNECT='TRUE';
    'IO_L74N_DOUT_BUSY_1':
      PIN_NUMBER='(0,T20,0,0,0,0,0,0,0,0,0,0,0,0)';
      PINUSE='UNSPEC';
      NO_LOAD_CHECK='Both';
      NO_IO_CHECK='Both';
      NO_ASSERT_CHECK='TRUE';
      NO_DIR_CHECK='TRUE';
      ALLOW_CONNECT='TRUE';
    'IO_L64P_D8_2':
      PIN_NUMBER='(0,0,AA2,0,0,0,0,0,0,0,0,0,0,0)';
      PINUSE='UNSPEC';
      NO_LOAD_CHECK='Both';
      NO_IO_CHECK='Both';
      NO_ASSERT_CHECK='TRUE';
      NO_DIR_CHECK='TRUE';
      ALLOW_CONNECT='TRUE';
    'IO_L64N_D9_2':
      PIN_NUMBER='(0,0,AB2,0,0,0,0,0,0,0,0,0,0,0)';
      PINUSE='UNSPEC';
      NO_LOAD_CHECK='Both';
      NO_IO_CHECK='Both';
      NO_ASSERT_CHECK='TRUE';
      NO_DIR_CHECK='TRUE';
      ALLOW_CONNECT='TRUE';
    'IO_L65P_INIT_B_2':
      PIN_NUMBER='(0,0,T6,0,0,0,0,0,0,0,0,0,0,0)';
      PINUSE='UNSPEC';
      NO_LOAD_CHECK='Both';
      NO_IO_CHECK='Both';
      NO_ASSERT_CHECK='TRUE';
      NO_DIR_CHECK='TRUE';
      ALLOW_CONNECT='TRUE';
    'IO_L65N_CSO_B_2':
      PIN_NUMBER='(0,0,T5,0,0,0,0,0,0,0,0,0,0,0)';
      PINUSE='UNSPEC';
      NO_LOAD_CHECK='Both';
      NO_IO_CHECK='Both';
      NO_ASSERT_CHECK='TRUE';
      NO_DIR_CHECK='TRUE';
      ALLOW_CONNECT='TRUE';
    'IO_L62P_D5_2':
      PIN_NUMBER='(0,0,W4,0,0,0,0,0,0,0,0,0,0,0)';
      PINUSE='UNSPEC';
      NO_LOAD_CHECK='Both';
      NO_IO_CHECK='Both';
      NO_ASSERT_CHECK='TRUE';
      NO_DIR_CHECK='TRUE';
      ALLOW_CONNECT='TRUE';
    'IO_L62N_D6_2':
      PIN_NUMBER='(0,0,Y4,0,0,0,0,0,0,0,0,0,0,0)';
      PINUSE='UNSPEC';
      NO_LOAD_CHECK='Both';
      NO_IO_CHECK='Both';
      NO_ASSERT_CHECK='TRUE';
      NO_DIR_CHECK='TRUE';
      ALLOW_CONNECT='TRUE';
    'IO_L63P_2':
      PIN_NUMBER='(0,0,U6,0,0,0,0,0,0,0,0,0,0,0)';
      PINUSE='UNSPEC';
      NO_LOAD_CHECK='Both';
      NO_IO_CHECK='Both';
      NO_ASSERT_CHECK='TRUE';
      NO_DIR_CHECK='TRUE';
      ALLOW_CONNECT='TRUE';
    'IO_L63N_2':
      PIN_NUMBER='(0,0,V5,0,0,0,0,0,0,0,0,0,0,0)';
      PINUSE='UNSPEC';
      NO_LOAD_CHECK='Both';
      NO_IO_CHECK='Both';
      NO_ASSERT_CHECK='TRUE';
      NO_DIR_CHECK='TRUE';
      ALLOW_CONNECT='TRUE';
    'IO_L59P_2':
      PIN_NUMBER='(0,0,R9,0,0,0,0,0,0,0,0,0,0,0)';
      PINUSE='UNSPEC';
      NO_LOAD_CHECK='Both';
      NO_IO_CHECK='Both';
      NO_ASSERT_CHECK='TRUE';
      NO_DIR_CHECK='TRUE';
      ALLOW_CONNECT='TRUE';
    'IO_L59N_2':
      PIN_NUMBER='(0,0,R8,0,0,0,0,0,0,0,0,0,0,0)';
      PINUSE='UNSPEC';
      NO_LOAD_CHECK='Both';
      NO_IO_CHECK='Both';
      NO_ASSERT_CHECK='TRUE';
      NO_DIR_CHECK='TRUE';
      ALLOW_CONNECT='TRUE';
    'IO_L60P_2':
      PIN_NUMBER='(0,0,T7,0,0,0,0,0,0,0,0,0,0,0)';
      PINUSE='UNSPEC';
      NO_LOAD_CHECK='Both';
      NO_IO_CHECK='Both';
      NO_ASSERT_CHECK='TRUE';
      NO_DIR_CHECK='TRUE';
      ALLOW_CONNECT='TRUE';
    'IO_L60N_2':
      PIN_NUMBER='(0,0,R7,0,0,0,0,0,0,0,0,0,0,0)';
      PINUSE='UNSPEC';
      NO_LOAD_CHECK='Both';
      NO_IO_CHECK='Both';
      NO_ASSERT_CHECK='TRUE';
      NO_DIR_CHECK='TRUE';
      ALLOW_CONNECT='TRUE';
    'IO_L57P_2':
      PIN_NUMBER='(0,0,AA4,0,0,0,0,0,0,0,0,0,0,0)';
      PINUSE='UNSPEC';
      NO_LOAD_CHECK='Both';
      NO_IO_CHECK='Both';
      NO_ASSERT_CHECK='TRUE';
      NO_DIR_CHECK='TRUE';
      ALLOW_CONNECT='TRUE';
    'IO_L57N_2':
      PIN_NUMBER='(0,0,AB4,0,0,0,0,0,0,0,0,0,0,0)';
      PINUSE='UNSPEC';
      NO_LOAD_CHECK='Both';
      NO_IO_CHECK='Both';
      NO_ASSERT_CHECK='TRUE';
      NO_DIR_CHECK='TRUE';
      ALLOW_CONNECT='TRUE';
    'IO_L58P_2':
      PIN_NUMBER='(0,0,Y3,0,0,0,0,0,0,0,0,0,0,0)';
      PINUSE='UNSPEC';
      NO_LOAD_CHECK='Both';
      NO_IO_CHECK='Both';
      NO_ASSERT_CHECK='TRUE';
      NO_DIR_CHECK='TRUE';
      ALLOW_CONNECT='TRUE';
    'IO_L58N_2':
      PIN_NUMBER='(0,0,AB3,0,0,0,0,0,0,0,0,0,0,0)';
      PINUSE='UNSPEC';
      NO_LOAD_CHECK='Both';
      NO_IO_CHECK='Both';
      NO_ASSERT_CHECK='TRUE';
      NO_DIR_CHECK='TRUE';
      ALLOW_CONNECT='TRUE';
    'IO_L53P_2':
      PIN_NUMBER='(0,0,W6,0,0,0,0,0,0,0,0,0,0,0)';
      PINUSE='UNSPEC';
      NO_LOAD_CHECK='Both';
      NO_IO_CHECK='Both';
      NO_ASSERT_CHECK='TRUE';
      NO_DIR_CHECK='TRUE';
      ALLOW_CONNECT='TRUE';
    'IO_L53N_2':
      PIN_NUMBER='(0,0,Y6,0,0,0,0,0,0,0,0,0,0,0)';
      PINUSE='UNSPEC';
      NO_LOAD_CHECK='Both';
      NO_IO_CHECK='Both';
      NO_ASSERT_CHECK='TRUE';
      NO_DIR_CHECK='TRUE';
      ALLOW_CONNECT='TRUE';
    'IO_L54P_2':
      PIN_NUMBER='(0,0,Y5,0,0,0,0,0,0,0,0,0,0,0)';
      PINUSE='UNSPEC';
      NO_LOAD_CHECK='Both';
      NO_IO_CHECK='Both';
      NO_ASSERT_CHECK='TRUE';
      NO_DIR_CHECK='TRUE';
      ALLOW_CONNECT='TRUE';
    'IO_L54N_2':
      PIN_NUMBER='(0,0,AB5,0,0,0,0,0,0,0,0,0,0,0)';
      PINUSE='UNSPEC';
      NO_LOAD_CHECK='Both';
      NO_IO_CHECK='Both';
      NO_ASSERT_CHECK='TRUE';
      NO_DIR_CHECK='TRUE';
      ALLOW_CONNECT='TRUE';
    'IO_L51P_2':
      PIN_NUMBER='(0,0,T8,0,0,0,0,0,0,0,0,0,0,0)';
      PINUSE='UNSPEC';
      NO_LOAD_CHECK='Both';
      NO_IO_CHECK='Both';
      NO_ASSERT_CHECK='TRUE';
      NO_DIR_CHECK='TRUE';
      ALLOW_CONNECT='TRUE';
    'IO_L51N_2':
      PIN_NUMBER='(0,0,U8,0,0,0,0,0,0,0,0,0,0,0)';
      PINUSE='UNSPEC';
      NO_LOAD_CHECK='Both';
      NO_IO_CHECK='Both';
      NO_ASSERT_CHECK='TRUE';
      NO_DIR_CHECK='TRUE';
      ALLOW_CONNECT='TRUE';
    'IO_L52P_2':
      PIN_NUMBER='(0,0,T10,0,0,0,0,0,0,0,0,0,0,0)';
      PINUSE='UNSPEC';
      NO_LOAD_CHECK='Both';
      NO_IO_CHECK='Both';
      NO_ASSERT_CHECK='TRUE';
      NO_DIR_CHECK='TRUE';
      ALLOW_CONNECT='TRUE';
    'IO_L52N_2':
      PIN_NUMBER='(0,0,U10,0,0,0,0,0,0,0,0,0,0,0)';
      PINUSE='UNSPEC';
      NO_LOAD_CHECK='Both';
      NO_IO_CHECK='Both';
      NO_ASSERT_CHECK='TRUE';
      NO_DIR_CHECK='TRUE';
      ALLOW_CONNECT='TRUE';
    'IO_L49P_D3_2':
      PIN_NUMBER='(0,0,AA6,0,0,0,0,0,0,0,0,0,0,0)';
      PINUSE='UNSPEC';
      NO_LOAD_CHECK='Both';
      NO_IO_CHECK='Both';
      NO_ASSERT_CHECK='TRUE';
      NO_DIR_CHECK='TRUE';
      ALLOW_CONNECT='TRUE';
    'IO_L49N_D4_2':
      PIN_NUMBER='(0,0,AB6,0,0,0,0,0,0,0,0,0,0,0)';
      PINUSE='UNSPEC';
      NO_LOAD_CHECK='Both';
      NO_IO_CHECK='Both';
      NO_ASSERT_CHECK='TRUE';
      NO_DIR_CHECK='TRUE';
      ALLOW_CONNECT='TRUE';
    'IO_L50P_2':
      PIN_NUMBER='(0,0,U9,0,0,0,0,0,0,0,0,0,0,0)';
      PINUSE='UNSPEC';
      NO_LOAD_CHECK='Both';
      NO_IO_CHECK='Both';
      NO_ASSERT_CHECK='TRUE';
      NO_DIR_CHECK='TRUE';
      ALLOW_CONNECT='TRUE';
    'IO_L50N_2':
      PIN_NUMBER='(0,0,V9,0,0,0,0,0,0,0,0,0,0,0)';
      PINUSE='UNSPEC';
      NO_LOAD_CHECK='Both';
      NO_IO_CHECK='Both';
      NO_ASSERT_CHECK='TRUE';
      NO_DIR_CHECK='TRUE';
      ALLOW_CONNECT='TRUE';
    'IO_L47P_2':
      PIN_NUMBER='(0,0,W9,0,0,0,0,0,0,0,0,0,0,0)';
      PINUSE='UNSPEC';
      NO_LOAD_CHECK='Both';
      NO_IO_CHECK='Both';
      NO_ASSERT_CHECK='TRUE';
      NO_DIR_CHECK='TRUE';
      ALLOW_CONNECT='TRUE';
    'IO_L47N_2':
      PIN_NUMBER='(0,0,Y8,0,0,0,0,0,0,0,0,0,0,0)';
      PINUSE='UNSPEC';
      NO_LOAD_CHECK='Both';
      NO_IO_CHECK='Both';
      NO_ASSERT_CHECK='TRUE';
      NO_DIR_CHECK='TRUE';
      ALLOW_CONNECT='TRUE';
    'IO_L48P_D7_2':
      PIN_NUMBER='(0,0,Y7,0,0,0,0,0,0,0,0,0,0,0)';
      PINUSE='UNSPEC';
      NO_LOAD_CHECK='Both';
      NO_IO_CHECK='Both';
      NO_ASSERT_CHECK='TRUE';
      NO_DIR_CHECK='TRUE';
      ALLOW_CONNECT='TRUE';
    'IO_L48N_RDWR_B_VREF_2':
      PIN_NUMBER='(0,0,AB7,0,0,0,0,0,0,0,0,0,0,0)';
      PINUSE='UNSPEC';
      NO_LOAD_CHECK='Both';
      NO_IO_CHECK='Both';
      NO_ASSERT_CHECK='TRUE';
      NO_DIR_CHECK='TRUE';
      ALLOW_CONNECT='TRUE';
    'IO_L46P_2':
      PIN_NUMBER='(0,0,W8,0,0,0,0,0,0,0,0,0,0,0)';
      PINUSE='UNSPEC';
      NO_LOAD_CHECK='Both';
      NO_IO_CHECK='Both';
      NO_ASSERT_CHECK='TRUE';
      NO_DIR_CHECK='TRUE';
      ALLOW_CONNECT='TRUE';
    'IO_L46N_2':
      PIN_NUMBER='(0,0,V7,0,0,0,0,0,0,0,0,0,0,0)';
      PINUSE='UNSPEC';
      NO_LOAD_CHECK='Both';
      NO_IO_CHECK='Both';
      NO_ASSERT_CHECK='TRUE';
      NO_DIR_CHECK='TRUE';
      ALLOW_CONNECT='TRUE';
    'IO_L44P_2':
      PIN_NUMBER='(0,0,W10,0,0,0,0,0,0,0,0,0,0,0)';
      PINUSE='UNSPEC';
      NO_LOAD_CHECK='Both';
      NO_IO_CHECK='Both';
      NO_ASSERT_CHECK='TRUE';
      NO_DIR_CHECK='TRUE';
      ALLOW_CONNECT='TRUE';
    'IO_L44N_2':
      PIN_NUMBER='(0,0,Y10,0,0,0,0,0,0,0,0,0,0,0)';
      PINUSE='UNSPEC';
      NO_LOAD_CHECK='Both';
      NO_IO_CHECK='Both';
      NO_ASSERT_CHECK='TRUE';
      NO_DIR_CHECK='TRUE';
      ALLOW_CONNECT='TRUE';
    'IO_L45P_2':
      PIN_NUMBER='(0,0,AA8,0,0,0,0,0,0,0,0,0,0,0)';
      PINUSE='UNSPEC';
      NO_LOAD_CHECK='Both';
      NO_IO_CHECK='Both';
      NO_ASSERT_CHECK='TRUE';
      NO_DIR_CHECK='TRUE';
      ALLOW_CONNECT='TRUE';
    'IO_L45N_2':
      PIN_NUMBER='(0,0,AB8,0,0,0,0,0,0,0,0,0,0,0)';
      PINUSE='UNSPEC';
      NO_LOAD_CHECK='Both';
      NO_IO_CHECK='Both';
      NO_ASSERT_CHECK='TRUE';
      NO_DIR_CHECK='TRUE';
      ALLOW_CONNECT='TRUE';
    'IO_L42P_2':
      PIN_NUMBER='(0,0,V11,0,0,0,0,0,0,0,0,0,0,0)';
      PINUSE='UNSPEC';
      NO_LOAD_CHECK='Both';
      NO_IO_CHECK='Both';
      NO_ASSERT_CHECK='TRUE';
      NO_DIR_CHECK='TRUE';
      ALLOW_CONNECT='TRUE';
    'IO_L42N_2':
      PIN_NUMBER='(0,0,W11,0,0,0,0,0,0,0,0,0,0,0)';
      PINUSE='UNSPEC';
      NO_LOAD_CHECK='Both';
      NO_IO_CHECK='Both';
      NO_ASSERT_CHECK='TRUE';
      NO_DIR_CHECK='TRUE';
      ALLOW_CONNECT='TRUE';
    'IO_L43P_2':
      PIN_NUMBER='(0,0,Y9,0,0,0,0,0,0,0,0,0,0,0)';
      PINUSE='UNSPEC';
      NO_LOAD_CHECK='Both';
      NO_IO_CHECK='Both';
      NO_ASSERT_CHECK='TRUE';
      NO_DIR_CHECK='TRUE';
      ALLOW_CONNECT='TRUE';
    'IO_L43N_2':
      PIN_NUMBER='(0,0,AB9,0,0,0,0,0,0,0,0,0,0,0)';
      PINUSE='UNSPEC';
      NO_LOAD_CHECK='Both';
      NO_IO_CHECK='Both';
      NO_ASSERT_CHECK='TRUE';
      NO_DIR_CHECK='TRUE';
      ALLOW_CONNECT='TRUE';
    'IO_L40P_2':
      PIN_NUMBER='(0,0,R11,0,0,0,0,0,0,0,0,0,0,0)';
      PINUSE='UNSPEC';
      NO_LOAD_CHECK='Both';
      NO_IO_CHECK='Both';
      NO_ASSERT_CHECK='TRUE';
      NO_DIR_CHECK='TRUE';
      ALLOW_CONNECT='TRUE';
    'IO_L40N_2':
      PIN_NUMBER='(0,0,T11,0,0,0,0,0,0,0,0,0,0,0)';
      PINUSE='UNSPEC';
      NO_LOAD_CHECK='Both';
      NO_IO_CHECK='Both';
      NO_ASSERT_CHECK='TRUE';
      NO_DIR_CHECK='TRUE';
      ALLOW_CONNECT='TRUE';
    'IO_L41P_2':
      PIN_NUMBER='(0,0,AA10,0,0,0,0,0,0,0,0,0,0,0)';
      PINUSE='UNSPEC';
      NO_LOAD_CHECK='Both';
      NO_IO_CHECK='Both';
      NO_ASSERT_CHECK='TRUE';
      NO_DIR_CHECK='TRUE';
      ALLOW_CONNECT='TRUE';
    'IO_L41N_VREF_2':
      PIN_NUMBER='(0,0,AB10,0,0,0,0,0,0,0,0,0,0,0)';
      PINUSE='UNSPEC';
      NO_LOAD_CHECK='Both';
      NO_IO_CHECK='Both';
      NO_ASSERT_CHECK='TRUE';
      NO_DIR_CHECK='TRUE';
      ALLOW_CONNECT='TRUE';
    'IO_L31P_GCLK31_D14_2':
      PIN_NUMBER='(0,0,AA12,0,0,0,0,0,0,0,0,0,0,0)';
      PINUSE='UNSPEC';
      NO_LOAD_CHECK='Both';
      NO_IO_CHECK='Both';
      NO_ASSERT_CHECK='TRUE';
      NO_DIR_CHECK='TRUE';
      ALLOW_CONNECT='TRUE';
    'IO_L31N_GCLK30_D15_2':
      PIN_NUMBER='(0,0,AB12,0,0,0,0,0,0,0,0,0,0,0)';
      PINUSE='UNSPEC';
      NO_LOAD_CHECK='Both';
      NO_IO_CHECK='Both';
      NO_ASSERT_CHECK='TRUE';
      NO_DIR_CHECK='TRUE';
      ALLOW_CONNECT='TRUE';
    'IO_L32P_GCLK29_2':
      PIN_NUMBER='(0,0,Y11,0,0,0,0,0,0,0,0,0,0,0)';
      PINUSE='UNSPEC';
      NO_LOAD_CHECK='Both';
      NO_IO_CHECK='Both';
      NO_ASSERT_CHECK='TRUE';
      NO_DIR_CHECK='TRUE';
      ALLOW_CONNECT='TRUE';
    'IO_L32N_GCLK28_2':
      PIN_NUMBER='(0,0,AB11,0,0,0,0,0,0,0,0,0,0,0)';
      PINUSE='UNSPEC';
      NO_LOAD_CHECK='Both';
      NO_IO_CHECK='Both';
      NO_ASSERT_CHECK='TRUE';
      NO_DIR_CHECK='TRUE';
      ALLOW_CONNECT='TRUE';
    'IO_L29P_GCLK3_2':
      PIN_NUMBER='(0,0,W12,0,0,0,0,0,0,0,0,0,0,0)';
      PINUSE='UNSPEC';
      NO_LOAD_CHECK='Both';
      NO_IO_CHECK='Both';
      NO_ASSERT_CHECK='TRUE';
      NO_DIR_CHECK='TRUE';
      ALLOW_CONNECT='TRUE';
    'IO_L29N_GCLK2_2':
      PIN_NUMBER='(0,0,Y12,0,0,0,0,0,0,0,0,0,0,0)';
      PINUSE='UNSPEC';
      NO_LOAD_CHECK='Both';
      NO_IO_CHECK='Both';
      NO_ASSERT_CHECK='TRUE';
      NO_DIR_CHECK='TRUE';
      ALLOW_CONNECT='TRUE';
    'IO_L30P_GCLK1_D13_2':
      PIN_NUMBER='(0,0,Y13,0,0,0,0,0,0,0,0,0,0,0)';
      PINUSE='UNSPEC';
      NO_LOAD_CHECK='Both';
      NO_IO_CHECK='Both';
      NO_ASSERT_CHECK='TRUE';
      NO_DIR_CHECK='TRUE';
      ALLOW_CONNECT='TRUE';
    'IO_L30N_GCLK0_USERCCLK_2':
      PIN_NUMBER='(0,0,AB13,0,0,0,0,0,0,0,0,0,0,0)';
      PINUSE='UNSPEC';
      NO_LOAD_CHECK='Both';
      NO_IO_CHECK='Both';
      NO_ASSERT_CHECK='TRUE';
      NO_DIR_CHECK='TRUE';
      ALLOW_CONNECT='TRUE';
    'IO_L22P_2':
      PIN_NUMBER='(0,0,T12,0,0,0,0,0,0,0,0,0,0,0)';
      PINUSE='UNSPEC';
      NO_LOAD_CHECK='Both';
      NO_IO_CHECK='Both';
      NO_ASSERT_CHECK='TRUE';
      NO_DIR_CHECK='TRUE';
      ALLOW_CONNECT='TRUE';
    'IO_L22N_2':
      PIN_NUMBER='(0,0,U12,0,0,0,0,0,0,0,0,0,0,0)';
      PINUSE='UNSPEC';
      NO_LOAD_CHECK='Both';
      NO_IO_CHECK='Both';
      NO_ASSERT_CHECK='TRUE';
      NO_DIR_CHECK='TRUE';
      ALLOW_CONNECT='TRUE';
    'IO_L23P_2':
      PIN_NUMBER='(0,0,T14,0,0,0,0,0,0,0,0,0,0,0)';
      PINUSE='UNSPEC';
      NO_LOAD_CHECK='Both';
      NO_IO_CHECK='Both';
      NO_ASSERT_CHECK='TRUE';
      NO_DIR_CHECK='TRUE';
      ALLOW_CONNECT='TRUE';
    'IO_L23N_2':
      PIN_NUMBER='(0,0,R13,0,0,0,0,0,0,0,0,0,0,0)';
      PINUSE='UNSPEC';
      NO_LOAD_CHECK='Both';
      NO_IO_CHECK='Both';
      NO_ASSERT_CHECK='TRUE';
      NO_DIR_CHECK='TRUE';
      ALLOW_CONNECT='TRUE';
    'IO_L20P_2':
      PIN_NUMBER='(0,0,W14,0,0,0,0,0,0,0,0,0,0,0)';
      PINUSE='UNSPEC';
      NO_LOAD_CHECK='Both';
      NO_IO_CHECK='Both';
      NO_ASSERT_CHECK='TRUE';
      NO_DIR_CHECK='TRUE';
      ALLOW_CONNECT='TRUE';
    'IO_L20N_2':
      PIN_NUMBER='(0,0,Y14,0,0,0,0,0,0,0,0,0,0,0)';
      PINUSE='UNSPEC';
      NO_LOAD_CHECK='Both';
      NO_IO_CHECK='Both';
      NO_ASSERT_CHECK='TRUE';
      NO_DIR_CHECK='TRUE';
      ALLOW_CONNECT='TRUE';
    'IO_L21P_2':
      PIN_NUMBER='(0,0,Y15,0,0,0,0,0,0,0,0,0,0,0)';
      PINUSE='UNSPEC';
      NO_LOAD_CHECK='Both';
      NO_IO_CHECK='Both';
      NO_ASSERT_CHECK='TRUE';
      NO_DIR_CHECK='TRUE';
      ALLOW_CONNECT='TRUE';
    'IO_L21N_2':
      PIN_NUMBER='(0,0,AB15,0,0,0,0,0,0,0,0,0,0,0)';
      PINUSE='UNSPEC';
      NO_LOAD_CHECK='Both';
      NO_IO_CHECK='Both';
      NO_ASSERT_CHECK='TRUE';
      NO_DIR_CHECK='TRUE';
      ALLOW_CONNECT='TRUE';
    'IO_L18P_2':
      PIN_NUMBER='(0,0,V13,0,0,0,0,0,0,0,0,0,0,0)';
      PINUSE='UNSPEC';
      NO_LOAD_CHECK='Both';
      NO_IO_CHECK='Both';
      NO_ASSERT_CHECK='TRUE';
      NO_DIR_CHECK='TRUE';
      ALLOW_CONNECT='TRUE';
    'IO_L18N_2':
      PIN_NUMBER='(0,0,W13,0,0,0,0,0,0,0,0,0,0,0)';
      PINUSE='UNSPEC';
      NO_LOAD_CHECK='Both';
      NO_IO_CHECK='Both';
      NO_ASSERT_CHECK='TRUE';
      NO_DIR_CHECK='TRUE';
      ALLOW_CONNECT='TRUE';
    'IO_L19P_2':
      PIN_NUMBER='(0,0,AA16,0,0,0,0,0,0,0,0,0,0,0)';
      PINUSE='UNSPEC';
      NO_LOAD_CHECK='Both';
      NO_IO_CHECK='Both';
      NO_ASSERT_CHECK='TRUE';
      NO_DIR_CHECK='TRUE';
      ALLOW_CONNECT='TRUE';
    'IO_L19N_2':
      PIN_NUMBER='(0,0,AB16,0,0,0,0,0,0,0,0,0,0,0)';
      PINUSE='UNSPEC';
      NO_LOAD_CHECK='Both';
      NO_IO_CHECK='Both';
      NO_ASSERT_CHECK='TRUE';
      NO_DIR_CHECK='TRUE';
      ALLOW_CONNECT='TRUE';
    'IO_L17P_2':
      PIN_NUMBER='(0,0,Y16,0,0,0,0,0,0,0,0,0,0,0)';
      PINUSE='UNSPEC';
      NO_LOAD_CHECK='Both';
      NO_IO_CHECK='Both';
      NO_ASSERT_CHECK='TRUE';
      NO_DIR_CHECK='TRUE';
      ALLOW_CONNECT='TRUE';
    'IO_L17N_2':
      PIN_NUMBER='(0,0,W15,0,0,0,0,0,0,0,0,0,0,0)';
      PINUSE='UNSPEC';
      NO_LOAD_CHECK='Both';
      NO_IO_CHECK='Both';
      NO_ASSERT_CHECK='TRUE';
      NO_DIR_CHECK='TRUE';
      ALLOW_CONNECT='TRUE';
    'IO_L15P_2':
      PIN_NUMBER='(0,0,Y17,0,0,0,0,0,0,0,0,0,0,0)';
      PINUSE='UNSPEC';
      NO_LOAD_CHECK='Both';
      NO_IO_CHECK='Both';
      NO_ASSERT_CHECK='TRUE';
      NO_DIR_CHECK='TRUE';
      ALLOW_CONNECT='TRUE';
    'IO_L15N_2':
      PIN_NUMBER='(0,0,AB17,0,0,0,0,0,0,0,0,0,0,0)';
      PINUSE='UNSPEC';
      NO_LOAD_CHECK='Both';
      NO_IO_CHECK='Both';
      NO_ASSERT_CHECK='TRUE';
      NO_DIR_CHECK='TRUE';
      ALLOW_CONNECT='TRUE';
    'IO_L16P_2':
      PIN_NUMBER='(0,0,AA14,0,0,0,0,0,0,0,0,0,0,0)';
      PINUSE='UNSPEC';
      NO_LOAD_CHECK='Both';
      NO_IO_CHECK='Both';
      NO_ASSERT_CHECK='TRUE';
      NO_DIR_CHECK='TRUE';
      ALLOW_CONNECT='TRUE';
    'IO_L16N_VREF_2':
      PIN_NUMBER='(0,0,AB14,0,0,0,0,0,0,0,0,0,0,0)';
      PINUSE='UNSPEC';
      NO_LOAD_CHECK='Both';
      NO_IO_CHECK='Both';
      NO_ASSERT_CHECK='TRUE';
      NO_DIR_CHECK='TRUE';
      ALLOW_CONNECT='TRUE';
    'IO_L13P_M1_2':
      PIN_NUMBER='(0,0,U15,0,0,0,0,0,0,0,0,0,0,0)';
      PINUSE='UNSPEC';
      NO_LOAD_CHECK='Both';
      NO_IO_CHECK='Both';
      NO_ASSERT_CHECK='TRUE';
      NO_DIR_CHECK='TRUE';
      ALLOW_CONNECT='TRUE';
    'IO_L13N_D10_2':
      PIN_NUMBER='(0,0,V15,0,0,0,0,0,0,0,0,0,0,0)';
      PINUSE='UNSPEC';
      NO_LOAD_CHECK='Both';
      NO_IO_CHECK='Both';
      NO_ASSERT_CHECK='TRUE';
      NO_DIR_CHECK='TRUE';
      ALLOW_CONNECT='TRUE';
    'IO_L14P_D11_2':
      PIN_NUMBER='(0,0,AA18,0,0,0,0,0,0,0,0,0,0,0)';
      PINUSE='UNSPEC';
      NO_LOAD_CHECK='Both';
      NO_IO_CHECK='Both';
      NO_ASSERT_CHECK='TRUE';
      NO_DIR_CHECK='TRUE';
      ALLOW_CONNECT='TRUE';
    'IO_L14N_D12_2':
      PIN_NUMBER='(0,0,AB18,0,0,0,0,0,0,0,0,0,0,0)';
      PINUSE='UNSPEC';
      NO_LOAD_CHECK='Both';
      NO_IO_CHECK='Both';
      NO_ASSERT_CHECK='TRUE';
      NO_DIR_CHECK='TRUE';
      ALLOW_CONNECT='TRUE';
    'IO_L11P_2':
      PIN_NUMBER='(0,0,V17,0,0,0,0,0,0,0,0,0,0,0)';
      PINUSE='UNSPEC';
      NO_LOAD_CHECK='Both';
      NO_IO_CHECK='Both';
      NO_ASSERT_CHECK='TRUE';
      NO_DIR_CHECK='TRUE';
      ALLOW_CONNECT='TRUE';
    'IO_L11N_2':
      PIN_NUMBER='(0,0,W17,0,0,0,0,0,0,0,0,0,0,0)';
      PINUSE='UNSPEC';
      NO_LOAD_CHECK='Both';
      NO_IO_CHECK='Both';
      NO_ASSERT_CHECK='TRUE';
      NO_DIR_CHECK='TRUE';
      ALLOW_CONNECT='TRUE';
    'IO_L12P_D1_MISO2_2':
      PIN_NUMBER='(0,0,U14,0,0,0,0,0,0,0,0,0,0,0)';
      PINUSE='UNSPEC';
      NO_LOAD_CHECK='Both';
      NO_IO_CHECK='Both';
      NO_ASSERT_CHECK='TRUE';
      NO_DIR_CHECK='TRUE';
      ALLOW_CONNECT='TRUE';
    'IO_L12N_D2_MISO3_2':
      PIN_NUMBER='(0,0,U13,0,0,0,0,0,0,0,0,0,0,0)';
      PINUSE='UNSPEC';
      NO_LOAD_CHECK='Both';
      NO_IO_CHECK='Both';
      NO_ASSERT_CHECK='TRUE';
      NO_DIR_CHECK='TRUE';
      ALLOW_CONNECT='TRUE';
    'IO_L9P_2':
      PIN_NUMBER='(0,0,V19,0,0,0,0,0,0,0,0,0,0,0)';
      PINUSE='UNSPEC';
      NO_LOAD_CHECK='Both';
      NO_IO_CHECK='Both';
      NO_ASSERT_CHECK='TRUE';
      NO_DIR_CHECK='TRUE';
      ALLOW_CONNECT='TRUE';
    'IO_L9N_2':
      PIN_NUMBER='(0,0,V18,0,0,0,0,0,0,0,0,0,0,0)';
      PINUSE='UNSPEC';
      NO_LOAD_CHECK='Both';
      NO_IO_CHECK='Both';
      NO_ASSERT_CHECK='TRUE';
      NO_DIR_CHECK='TRUE';
      ALLOW_CONNECT='TRUE';
    'IO_L10P_2':
      PIN_NUMBER='(0,0,R16,0,0,0,0,0,0,0,0,0,0,0)';
      PINUSE='UNSPEC';
      NO_LOAD_CHECK='Both';
      NO_IO_CHECK='Both';
      NO_ASSERT_CHECK='TRUE';
      NO_DIR_CHECK='TRUE';
      ALLOW_CONNECT='TRUE';
    'IO_L10N_2':
      PIN_NUMBER='(0,0,R15,0,0,0,0,0,0,0,0,0,0,0)';
      PINUSE='UNSPEC';
      NO_LOAD_CHECK='Both';
      NO_IO_CHECK='Both';
      NO_ASSERT_CHECK='TRUE';
      NO_DIR_CHECK='TRUE';
      ALLOW_CONNECT='TRUE';
    'IO_L7P_2':
      PIN_NUMBER='(0,0,T16,0,0,0,0,0,0,0,0,0,0,0)';
      PINUSE='UNSPEC';
      NO_LOAD_CHECK='Both';
      NO_IO_CHECK='Both';
      NO_ASSERT_CHECK='TRUE';
      NO_DIR_CHECK='TRUE';
      ALLOW_CONNECT='TRUE';
    'IO_L7N_2':
      PIN_NUMBER='(0,0,T15,0,0,0,0,0,0,0,0,0,0,0)';
      PINUSE='UNSPEC';
      NO_LOAD_CHECK='Both';
      NO_IO_CHECK='Both';
      NO_ASSERT_CHECK='TRUE';
      NO_DIR_CHECK='TRUE';
      ALLOW_CONNECT='TRUE';
    'IO_L8P_2':
      PIN_NUMBER='(0,0,U17,0,0,0,0,0,0,0,0,0,0,0)';
      PINUSE='UNSPEC';
      NO_LOAD_CHECK='Both';
      NO_IO_CHECK='Both';
      NO_ASSERT_CHECK='TRUE';
      NO_DIR_CHECK='TRUE';
      ALLOW_CONNECT='TRUE';
    'IO_L8N_2':
      PIN_NUMBER='(0,0,U16,0,0,0,0,0,0,0,0,0,0,0)';
      PINUSE='UNSPEC';
      NO_LOAD_CHECK='Both';
      NO_IO_CHECK='Both';
      NO_ASSERT_CHECK='TRUE';
      NO_DIR_CHECK='TRUE';
      ALLOW_CONNECT='TRUE';
    'IO_L5P_2':
      PIN_NUMBER='(0,0,Y19,0,0,0,0,0,0,0,0,0,0,0)';
      PINUSE='UNSPEC';
      NO_LOAD_CHECK='Both';
      NO_IO_CHECK='Both';
      NO_ASSERT_CHECK='TRUE';
      NO_DIR_CHECK='TRUE';
      ALLOW_CONNECT='TRUE';
    'IO_L5N_2':
      PIN_NUMBER='(0,0,AB19,0,0,0,0,0,0,0,0,0,0,0)';
      PINUSE='UNSPEC';
      NO_LOAD_CHECK='Both';
      NO_IO_CHECK='Both';
      NO_ASSERT_CHECK='TRUE';
      NO_DIR_CHECK='TRUE';
      ALLOW_CONNECT='TRUE';
    'IO_L6P_2':
      PIN_NUMBER='(0,0,W18,0,0,0,0,0,0,0,0,0,0,0)';
      PINUSE='UNSPEC';
      NO_LOAD_CHECK='Both';
      NO_IO_CHECK='Both';
      NO_ASSERT_CHECK='TRUE';
      NO_DIR_CHECK='TRUE';
      ALLOW_CONNECT='TRUE';
    'IO_L6N_2':
      PIN_NUMBER='(0,0,Y18,0,0,0,0,0,0,0,0,0,0,0)';
      PINUSE='UNSPEC';
      NO_LOAD_CHECK='Both';
      NO_IO_CHECK='Both';
      NO_ASSERT_CHECK='TRUE';
      NO_DIR_CHECK='TRUE';
      ALLOW_CONNECT='TRUE';
    'IO_L3P_D0_DIN_MISO_MISO1_2':
      PIN_NUMBER='(0,0,AA20,0,0,0,0,0,0,0,0,0,0,0)';
      PINUSE='UNSPEC';
      NO_LOAD_CHECK='Both';
      NO_IO_CHECK='Both';
      NO_ASSERT_CHECK='TRUE';
      NO_DIR_CHECK='TRUE';
      ALLOW_CONNECT='TRUE';
    'IO_L3N_MOSI_CSI_B_MISO0_2':
      PIN_NUMBER='(0,0,AB20,0,0,0,0,0,0,0,0,0,0,0)';
      PINUSE='UNSPEC';
      NO_LOAD_CHECK='Both';
      NO_IO_CHECK='Both';
      NO_ASSERT_CHECK='TRUE';
      NO_DIR_CHECK='TRUE';
      ALLOW_CONNECT='TRUE';
    'IO_L4P_2':
      PIN_NUMBER='(0,0,T18,0,0,0,0,0,0,0,0,0,0,0)';
      PINUSE='UNSPEC';
      NO_LOAD_CHECK='Both';
      NO_IO_CHECK='Both';
      NO_ASSERT_CHECK='TRUE';
      NO_DIR_CHECK='TRUE';
      ALLOW_CONNECT='TRUE';
    'IO_L4N_VREF_2':
      PIN_NUMBER='(0,0,T17,0,0,0,0,0,0,0,0,0,0,0)';
      PINUSE='UNSPEC';
      NO_LOAD_CHECK='Both';
      NO_IO_CHECK='Both';
      NO_ASSERT_CHECK='TRUE';
      NO_DIR_CHECK='TRUE';
      ALLOW_CONNECT='TRUE';
    'IO_L1P_CCLK_2':
      PIN_NUMBER='(0,0,Y21,0,0,0,0,0,0,0,0,0,0,0)';
      PINUSE='UNSPEC';
      NO_LOAD_CHECK='Both';
      NO_IO_CHECK='Both';
      NO_ASSERT_CHECK='TRUE';
      NO_DIR_CHECK='TRUE';
      ALLOW_CONNECT='TRUE';
    'IO_L1N_M0_CMPMISO_2':
      PIN_NUMBER='(0,0,AA22,0,0,0,0,0,0,0,0,0,0,0)';
      PINUSE='UNSPEC';
      NO_LOAD_CHECK='Both';
      NO_IO_CHECK='Both';
      NO_ASSERT_CHECK='TRUE';
      NO_DIR_CHECK='TRUE';
      ALLOW_CONNECT='TRUE';
    'IO_L2P_CMPCLK_2':
      PIN_NUMBER='(0,0,AA21,0,0,0,0,0,0,0,0,0,0,0)';
      PINUSE='UNSPEC';
      NO_LOAD_CHECK='Both';
      NO_IO_CHECK='Both';
      NO_ASSERT_CHECK='TRUE';
      NO_DIR_CHECK='TRUE';
      ALLOW_CONNECT='TRUE';
    'IO_L2N_CMPMOSI_2':
      PIN_NUMBER='(0,0,AB21,0,0,0,0,0,0,0,0,0,0,0)';
      PINUSE='UNSPEC';
      NO_LOAD_CHECK='Both';
      NO_IO_CHECK='Both';
      NO_ASSERT_CHECK='TRUE';
      NO_DIR_CHECK='TRUE';
      ALLOW_CONNECT='TRUE';
    'IO_L83N_VREF_3':
      PIN_NUMBER='(0,0,0,B3,0,0,0,0,0,0,0,0,0,0)';
      PINUSE='UNSPEC';
      NO_LOAD_CHECK='Both';
      NO_IO_CHECK='Both';
      NO_ASSERT_CHECK='TRUE';
      NO_DIR_CHECK='TRUE';
      ALLOW_CONNECT='TRUE';
    'IO_L83P_3':
      PIN_NUMBER='(0,0,0,A2,0,0,0,0,0,0,0,0,0,0)';
      PINUSE='UNSPEC';
      NO_LOAD_CHECK='Both';
      NO_IO_CHECK='Both';
      NO_ASSERT_CHECK='TRUE';
      NO_DIR_CHECK='TRUE';
      ALLOW_CONNECT='TRUE';
    'IO_L82N_3':
      PIN_NUMBER='(0,0,0,E6,0,0,0,0,0,0,0,0,0,0)';
      PINUSE='UNSPEC';
      NO_LOAD_CHECK='Both';
      NO_IO_CHECK='Both';
      NO_ASSERT_CHECK='TRUE';
      NO_DIR_CHECK='TRUE';
      ALLOW_CONNECT='TRUE';
    'IO_L82P_3':
      PIN_NUMBER='(0,0,0,E5,0,0,0,0,0,0,0,0,0,0)';
      PINUSE='UNSPEC';
      NO_LOAD_CHECK='Both';
      NO_IO_CHECK='Both';
      NO_ASSERT_CHECK='TRUE';
      NO_DIR_CHECK='TRUE';
      ALLOW_CONNECT='TRUE';
    'IO_L81N_3':
      PIN_NUMBER='(0,0,0,C4,0,0,0,0,0,0,0,0,0,0)';
      PINUSE='UNSPEC';
      NO_LOAD_CHECK='Both';
      NO_IO_CHECK='Both';
      NO_ASSERT_CHECK='TRUE';
      NO_DIR_CHECK='TRUE';
      ALLOW_CONNECT='TRUE';
    'IO_L81P_3':
      PIN_NUMBER='(0,0,0,D3,0,0,0,0,0,0,0,0,0,0)';
      PINUSE='UNSPEC';
      NO_LOAD_CHECK='Both';
      NO_IO_CHECK='Both';
      NO_ASSERT_CHECK='TRUE';
      NO_DIR_CHECK='TRUE';
      ALLOW_CONNECT='TRUE';
    'IO_L80N_3':
      PIN_NUMBER='(0,0,0,F7,0,0,0,0,0,0,0,0,0,0)';
      PINUSE='UNSPEC';
      NO_LOAD_CHECK='Both';
      NO_IO_CHECK='Both';
      NO_ASSERT_CHECK='TRUE';
      NO_DIR_CHECK='TRUE';
      ALLOW_CONNECT='TRUE';
    'IO_L80P_3':
      PIN_NUMBER='(0,0,0,G7,0,0,0,0,0,0,0,0,0,0)';
      PINUSE='UNSPEC';
      NO_LOAD_CHECK='Both';
      NO_IO_CHECK='Both';
      NO_ASSERT_CHECK='TRUE';
      NO_DIR_CHECK='TRUE';
      ALLOW_CONNECT='TRUE';
    'IO_L60N_3':
      PIN_NUMBER='(0,0,0,B1,0,0,0,0,0,0,0,0,0,0)';
      PINUSE='UNSPEC';
      NO_LOAD_CHECK='Both';
      NO_IO_CHECK='Both';
      NO_ASSERT_CHECK='TRUE';
      NO_DIR_CHECK='TRUE';
      ALLOW_CONNECT='TRUE';
    'IO_L60P_3':
      PIN_NUMBER='(0,0,0,B2,0,0,0,0,0,0,0,0,0,0)';
      PINUSE='UNSPEC';
      NO_LOAD_CHECK='Both';
      NO_IO_CHECK='Both';
      NO_ASSERT_CHECK='TRUE';
      NO_DIR_CHECK='TRUE';
      ALLOW_CONNECT='TRUE';
    'IO_L59N_3':
      PIN_NUMBER='(0,0,0,H8,0,0,0,0,0,0,0,0,0,0)';
      PINUSE='UNSPEC';
      NO_LOAD_CHECK='Both';
      NO_IO_CHECK='Both';
      NO_ASSERT_CHECK='TRUE';
      NO_DIR_CHECK='TRUE';
      ALLOW_CONNECT='TRUE';
    'IO_L59P_3':
      PIN_NUMBER='(0,0,0,J7,0,0,0,0,0,0,0,0,0,0)';
      PINUSE='UNSPEC';
      NO_LOAD_CHECK='Both';
      NO_IO_CHECK='Both';
      NO_ASSERT_CHECK='TRUE';
      NO_DIR_CHECK='TRUE';
      ALLOW_CONNECT='TRUE';
    'IO_L58N_3':
      PIN_NUMBER='(0,0,0,E4,0,0,0,0,0,0,0,0,0,0)';
      PINUSE='UNSPEC';
      NO_LOAD_CHECK='Both';
      NO_IO_CHECK='Both';
      NO_ASSERT_CHECK='TRUE';
      NO_DIR_CHECK='TRUE';
      ALLOW_CONNECT='TRUE';
    'IO_L58P_3':
      PIN_NUMBER='(0,0,0,D5,0,0,0,0,0,0,0,0,0,0)';
      PINUSE='UNSPEC';
      NO_LOAD_CHECK='Both';
      NO_IO_CHECK='Both';
      NO_ASSERT_CHECK='TRUE';
      NO_DIR_CHECK='TRUE';
      ALLOW_CONNECT='TRUE';
    'IO_L57N_VREF_3':
      PIN_NUMBER='(0,0,0,K8,0,0,0,0,0,0,0,0,0,0)';
      PINUSE='UNSPEC';
      NO_LOAD_CHECK='Both';
      NO_IO_CHECK='Both';
      NO_ASSERT_CHECK='TRUE';
      NO_DIR_CHECK='TRUE';
      ALLOW_CONNECT='TRUE';
    'IO_L57P_3':
      PIN_NUMBER='(0,0,0,K7,0,0,0,0,0,0,0,0,0,0)';
      PINUSE='UNSPEC';
      NO_LOAD_CHECK='Both';
      NO_IO_CHECK='Both';
      NO_ASSERT_CHECK='TRUE';
      NO_DIR_CHECK='TRUE';
      ALLOW_CONNECT='TRUE';
    'IO_L55N_M3A14_3':
      PIN_NUMBER='(0,0,0,F5,0,0,0,0,0,0,0,0,0,0)';
      PINUSE='UNSPEC';
      NO_LOAD_CHECK='Both';
      NO_IO_CHECK='Both';
      NO_ASSERT_CHECK='TRUE';
      NO_DIR_CHECK='TRUE';
      ALLOW_CONNECT='TRUE';
    'IO_L55P_M3A13_3':
      PIN_NUMBER='(0,0,0,G6,0,0,0,0,0,0,0,0,0,0)';
      PINUSE='UNSPEC';
      NO_LOAD_CHECK='Both';
      NO_IO_CHECK='Both';
      NO_ASSERT_CHECK='TRUE';
      NO_DIR_CHECK='TRUE';
      ALLOW_CONNECT='TRUE';
    'IO_L54N_M3A11_3':
      PIN_NUMBER='(0,0,0,C1,0,0,0,0,0,0,0,0,0,0)';
      PINUSE='UNSPEC';
      NO_LOAD_CHECK='Both';
      NO_IO_CHECK='Both';
      NO_ASSERT_CHECK='TRUE';
      NO_DIR_CHECK='TRUE';
      ALLOW_CONNECT='TRUE';
    'IO_L54P_M3RESET_3':
      PIN_NUMBER='(0,0,0,C3,0,0,0,0,0,0,0,0,0,0)';
      PINUSE='UNSPEC';
      NO_LOAD_CHECK='Both';
      NO_IO_CHECK='Both';
      NO_ASSERT_CHECK='TRUE';
      NO_DIR_CHECK='TRUE';
      ALLOW_CONNECT='TRUE';
    'IO_L53N_M3A12_3':
      PIN_NUMBER='(0,0,0,D1,0,0,0,0,0,0,0,0,0,0)';
      PINUSE='UNSPEC';
      NO_LOAD_CHECK='Both';
      NO_IO_CHECK='Both';
      NO_ASSERT_CHECK='TRUE';
      NO_DIR_CHECK='TRUE';
      ALLOW_CONNECT='TRUE';
    'IO_L53P_M3CKE_3':
      PIN_NUMBER='(0,0,0,D2,0,0,0,0,0,0,0,0,0,0)';
      PINUSE='UNSPEC';
      NO_LOAD_CHECK='Both';
      NO_IO_CHECK='Both';
      NO_ASSERT_CHECK='TRUE';
      NO_DIR_CHECK='TRUE';
      ALLOW_CONNECT='TRUE';
    'IO_L52N_M3A9_3':
      PIN_NUMBER='(0,0,0,E1,0,0,0,0,0,0,0,0,0,0)';
      PINUSE='UNSPEC';
      NO_LOAD_CHECK='Both';
      NO_IO_CHECK='Both';
      NO_ASSERT_CHECK='TRUE';
      NO_DIR_CHECK='TRUE';
      ALLOW_CONNECT='TRUE';
    'IO_L52P_M3A8_3':
      PIN_NUMBER='(0,0,0,E3,0,0,0,0,0,0,0,0,0,0)';
      PINUSE='UNSPEC';
      NO_LOAD_CHECK='Both';
      NO_IO_CHECK='Both';
      NO_ASSERT_CHECK='TRUE';
      NO_DIR_CHECK='TRUE';
      ALLOW_CONNECT='TRUE';
    'IO_L51N_M3A4_3':
      PIN_NUMBER='(0,0,0,F3,0,0,0,0,0,0,0,0,0,0)';
      PINUSE='UNSPEC';
      NO_LOAD_CHECK='Both';
      NO_IO_CHECK='Both';
      NO_ASSERT_CHECK='TRUE';
      NO_DIR_CHECK='TRUE';
      ALLOW_CONNECT='TRUE';
    'IO_L51P_M3A10_3':
      PIN_NUMBER='(0,0,0,G4,0,0,0,0,0,0,0,0,0,0)';
      PINUSE='UNSPEC';
      NO_LOAD_CHECK='Both';
      NO_IO_CHECK='Both';
      NO_ASSERT_CHECK='TRUE';
      NO_DIR_CHECK='TRUE';
      ALLOW_CONNECT='TRUE';
    'IO_L50N_M3BA2_3':
      PIN_NUMBER='(0,0,0,F1,0,0,0,0,0,0,0,0,0,0)';
      PINUSE='UNSPEC';
      NO_LOAD_CHECK='Both';
      NO_IO_CHECK='Both';
      NO_ASSERT_CHECK='TRUE';
      NO_DIR_CHECK='TRUE';
      ALLOW_CONNECT='TRUE';
    'IO_L50P_M3WE_3':
      PIN_NUMBER='(0,0,0,F2,0,0,0,0,0,0,0,0,0,0)';
      PINUSE='UNSPEC';
      NO_LOAD_CHECK='Both';
      NO_IO_CHECK='Both';
      NO_ASSERT_CHECK='TRUE';
      NO_DIR_CHECK='TRUE';
      ALLOW_CONNECT='TRUE';
    'IO_L49N_M3A2_3':
      PIN_NUMBER='(0,0,0,H5,0,0,0,0,0,0,0,0,0,0)';
      PINUSE='UNSPEC';
      NO_LOAD_CHECK='Both';
      NO_IO_CHECK='Both';
      NO_ASSERT_CHECK='TRUE';
      NO_DIR_CHECK='TRUE';
      ALLOW_CONNECT='TRUE';
    'IO_L49P_M3A7_3':
      PIN_NUMBER='(0,0,0,H6,0,0,0,0,0,0,0,0,0,0)';
      PINUSE='UNSPEC';
      NO_LOAD_CHECK='Both';
      NO_IO_CHECK='Both';
      NO_ASSERT_CHECK='TRUE';
      NO_DIR_CHECK='TRUE';
      ALLOW_CONNECT='TRUE';
    'IO_L48N_M3BA1_3':
      PIN_NUMBER='(0,0,0,G1,0,0,0,0,0,0,0,0,0,0)';
      PINUSE='UNSPEC';
      NO_LOAD_CHECK='Both';
      NO_IO_CHECK='Both';
      NO_ASSERT_CHECK='TRUE';
      NO_DIR_CHECK='TRUE';
      ALLOW_CONNECT='TRUE';
    'IO_L48P_M3BA0_3':
      PIN_NUMBER='(0,0,0,G3,0,0,0,0,0,0,0,0,0,0)';
      PINUSE='UNSPEC';
      NO_LOAD_CHECK='Both';
      NO_IO_CHECK='Both';
      NO_ASSERT_CHECK='TRUE';
      NO_DIR_CHECK='TRUE';
      ALLOW_CONNECT='TRUE';
    'IO_L47N_M3A1_3':
      PIN_NUMBER='(0,0,0,H1,0,0,0,0,0,0,0,0,0,0)';
      PINUSE='UNSPEC';
      NO_LOAD_CHECK='Both';
      NO_IO_CHECK='Both';
      NO_ASSERT_CHECK='TRUE';
      NO_DIR_CHECK='TRUE';
      ALLOW_CONNECT='TRUE';
    'IO_L47P_M3A0_3':
      PIN_NUMBER='(0,0,0,H2,0,0,0,0,0,0,0,0,0,0)';
      PINUSE='UNSPEC';
      NO_LOAD_CHECK='Both';
      NO_IO_CHECK='Both';
      NO_ASSERT_CHECK='TRUE';
      NO_DIR_CHECK='TRUE';
      ALLOW_CONNECT='TRUE';
    'IO_L46N_M3CLKN_3':
      PIN_NUMBER='(0,0,0,H3,0,0,0,0,0,0,0,0,0,0)';
      PINUSE='UNSPEC';
      NO_LOAD_CHECK='Both';
      NO_IO_CHECK='Both';
      NO_ASSERT_CHECK='TRUE';
      NO_DIR_CHECK='TRUE';
      ALLOW_CONNECT='TRUE';
    'IO_L46P_M3CLK_3':
      PIN_NUMBER='(0,0,0,H4,0,0,0,0,0,0,0,0,0,0)';
      PINUSE='UNSPEC';
      NO_LOAD_CHECK='Both';
      NO_IO_CHECK='Both';
      NO_ASSERT_CHECK='TRUE';
      NO_DIR_CHECK='TRUE';
      ALLOW_CONNECT='TRUE';
    'IO_L45N_M3ODT_3':
      PIN_NUMBER='(0,0,0,J6,0,0,0,0,0,0,0,0,0,0)';
      PINUSE='UNSPEC';
      NO_LOAD_CHECK='Both';
      NO_IO_CHECK='Both';
      NO_ASSERT_CHECK='TRUE';
      NO_DIR_CHECK='TRUE';
      ALLOW_CONNECT='TRUE';
    'IO_L45P_M3A3_3':
      PIN_NUMBER='(0,0,0,K6,0,0,0,0,0,0,0,0,0,0)';
      PINUSE='UNSPEC';
      NO_LOAD_CHECK='Both';
      NO_IO_CHECK='Both';
      NO_ASSERT_CHECK='TRUE';
      NO_DIR_CHECK='TRUE';
      ALLOW_CONNECT='TRUE';
    'IO_L44N_GCLK20_M3A6_3':
      PIN_NUMBER='(0,0,0,J4,0,0,0,0,0,0,0,0,0,0)';
      PINUSE='UNSPEC';
      NO_LOAD_CHECK='Both';
      NO_IO_CHECK='Both';
      NO_ASSERT_CHECK='TRUE';
      NO_DIR_CHECK='TRUE';
      ALLOW_CONNECT='TRUE';
    'IO_L44P_GCLK21_M3A5_3':
      PIN_NUMBER='(0,0,0,K3,0,0,0,0,0,0,0,0,0,0)';
      PINUSE='UNSPEC';
      NO_LOAD_CHECK='Both';
      NO_IO_CHECK='Both';
      NO_ASSERT_CHECK='TRUE';
      NO_DIR_CHECK='TRUE';
      ALLOW_CONNECT='TRUE';
    'IO_L43N_GCLK22_IRDY2_M3CASN_3':
      PIN_NUMBER='(0,0,0,K4,0,0,0,0,0,0,0,0,0,0)';
      PINUSE='UNSPEC';
      NO_LOAD_CHECK='Both';
      NO_IO_CHECK='Both';
      NO_ASSERT_CHECK='TRUE';
      NO_DIR_CHECK='TRUE';
      ALLOW_CONNECT='TRUE';
    'IO_L43P_GCLK23_M3RASN_3':
      PIN_NUMBER='(0,0,0,K5,0,0,0,0,0,0,0,0,0,0)';
      PINUSE='UNSPEC';
      NO_LOAD_CHECK='Both';
      NO_IO_CHECK='Both';
      NO_ASSERT_CHECK='TRUE';
      NO_DIR_CHECK='TRUE';
      ALLOW_CONNECT='TRUE';
    'IO_L42N_GCLK24_M3LDM_3':
      PIN_NUMBER='(0,0,0,L4,0,0,0,0,0,0,0,0,0,0)';
      PINUSE='UNSPEC';
      NO_LOAD_CHECK='Both';
      NO_IO_CHECK='Both';
      NO_ASSERT_CHECK='TRUE';
      NO_DIR_CHECK='TRUE';
      ALLOW_CONNECT='TRUE';
    'IO_L42P_GCLK25_TRDY2_M3UDM_3':
      PIN_NUMBER='(0,0,0,M3,0,0,0,0,0,0,0,0,0,0)';
      PINUSE='UNSPEC';
      NO_LOAD_CHECK='Both';
      NO_IO_CHECK='Both';
      NO_ASSERT_CHECK='TRUE';
      NO_DIR_CHECK='TRUE';
      ALLOW_CONNECT='TRUE';
    'IO_L41N_GCLK26_M3DQ5_3':
      PIN_NUMBER='(0,0,0,J1,0,0,0,0,0,0,0,0,0,0)';
      PINUSE='UNSPEC';
      NO_LOAD_CHECK='Both';
      NO_IO_CHECK='Both';
      NO_ASSERT_CHECK='TRUE';
      NO_DIR_CHECK='TRUE';
      ALLOW_CONNECT='TRUE';
    'IO_L41P_GCLK27_M3DQ4_3':
      PIN_NUMBER='(0,0,0,J3,0,0,0,0,0,0,0,0,0,0)';
      PINUSE='UNSPEC';
      NO_LOAD_CHECK='Both';
      NO_IO_CHECK='Both';
      NO_ASSERT_CHECK='TRUE';
      NO_DIR_CHECK='TRUE';
      ALLOW_CONNECT='TRUE';
    'IO_L40N_M3DQ7_3':
      PIN_NUMBER='(0,0,0,K1,0,0,0,0,0,0,0,0,0,0)';
      PINUSE='UNSPEC';
      NO_LOAD_CHECK='Both';
      NO_IO_CHECK='Both';
      NO_ASSERT_CHECK='TRUE';
      NO_DIR_CHECK='TRUE';
      ALLOW_CONNECT='TRUE';
    'IO_L40P_M3DQ6_3':
      PIN_NUMBER='(0,0,0,K2,0,0,0,0,0,0,0,0,0,0)';
      PINUSE='UNSPEC';
      NO_LOAD_CHECK='Both';
      NO_IO_CHECK='Both';
      NO_ASSERT_CHECK='TRUE';
      NO_DIR_CHECK='TRUE';
      ALLOW_CONNECT='TRUE';
    'IO_L39N_M3LDQSN_3':
      PIN_NUMBER='(0,0,0,L1,0,0,0,0,0,0,0,0,0,0)';
      PINUSE='UNSPEC';
      NO_LOAD_CHECK='Both';
      NO_IO_CHECK='Both';
      NO_ASSERT_CHECK='TRUE';
      NO_DIR_CHECK='TRUE';
      ALLOW_CONNECT='TRUE';
    'IO_L39P_M3LDQS_3':
      PIN_NUMBER='(0,0,0,L3,0,0,0,0,0,0,0,0,0,0)';
      PINUSE='UNSPEC';
      NO_LOAD_CHECK='Both';
      NO_IO_CHECK='Both';
      NO_ASSERT_CHECK='TRUE';
      NO_DIR_CHECK='TRUE';
      ALLOW_CONNECT='TRUE';
    'IO_L38N_M3DQ3_3':
      PIN_NUMBER='(0,0,0,M1,0,0,0,0,0,0,0,0,0,0)';
      PINUSE='UNSPEC';
      NO_LOAD_CHECK='Both';
      NO_IO_CHECK='Both';
      NO_ASSERT_CHECK='TRUE';
      NO_DIR_CHECK='TRUE';
      ALLOW_CONNECT='TRUE';
    'IO_L38P_M3DQ2_3':
      PIN_NUMBER='(0,0,0,M2,0,0,0,0,0,0,0,0,0,0)';
      PINUSE='UNSPEC';
      NO_LOAD_CHECK='Both';
      NO_IO_CHECK='Both';
      NO_ASSERT_CHECK='TRUE';
      NO_DIR_CHECK='TRUE';
      ALLOW_CONNECT='TRUE';
    'IO_L37N_M3DQ1_3':
      PIN_NUMBER='(0,0,0,N1,0,0,0,0,0,0,0,0,0,0)';
      PINUSE='UNSPEC';
      NO_LOAD_CHECK='Both';
      NO_IO_CHECK='Both';
      NO_ASSERT_CHECK='TRUE';
      NO_DIR_CHECK='TRUE';
      ALLOW_CONNECT='TRUE';
    'IO_L37P_M3DQ0_3':
      PIN_NUMBER='(0,0,0,N3,0,0,0,0,0,0,0,0,0,0)';
      PINUSE='UNSPEC';
      NO_LOAD_CHECK='Both';
      NO_IO_CHECK='Both';
      NO_ASSERT_CHECK='TRUE';
      NO_DIR_CHECK='TRUE';
      ALLOW_CONNECT='TRUE';
    'IO_L36N_M3DQ9_3':
      PIN_NUMBER='(0,0,0,P1,0,0,0,0,0,0,0,0,0,0)';
      PINUSE='UNSPEC';
      NO_LOAD_CHECK='Both';
      NO_IO_CHECK='Both';
      NO_ASSERT_CHECK='TRUE';
      NO_DIR_CHECK='TRUE';
      ALLOW_CONNECT='TRUE';
    'IO_L36P_M3DQ8_3':
      PIN_NUMBER='(0,0,0,P2,0,0,0,0,0,0,0,0,0,0)';
      PINUSE='UNSPEC';
      NO_LOAD_CHECK='Both';
      NO_IO_CHECK='Both';
      NO_ASSERT_CHECK='TRUE';
      NO_DIR_CHECK='TRUE';
      ALLOW_CONNECT='TRUE';
    'IO_L35N_M3DQ11_3':
      PIN_NUMBER='(0,0,0,R1,0,0,0,0,0,0,0,0,0,0)';
      PINUSE='UNSPEC';
      NO_LOAD_CHECK='Both';
      NO_IO_CHECK='Both';
      NO_ASSERT_CHECK='TRUE';
      NO_DIR_CHECK='TRUE';
      ALLOW_CONNECT='TRUE';
    'IO_L35P_M3DQ10_3':
      PIN_NUMBER='(0,0,0,R3,0,0,0,0,0,0,0,0,0,0)';
      PINUSE='UNSPEC';
      NO_LOAD_CHECK='Both';
      NO_IO_CHECK='Both';
      NO_ASSERT_CHECK='TRUE';
      NO_DIR_CHECK='TRUE';
      ALLOW_CONNECT='TRUE';
    'IO_L34N_M3UDQSN_3':
      PIN_NUMBER='(0,0,0,T1,0,0,0,0,0,0,0,0,0,0)';
      PINUSE='UNSPEC';
      NO_LOAD_CHECK='Both';
      NO_IO_CHECK='Both';
      NO_ASSERT_CHECK='TRUE';
      NO_DIR_CHECK='TRUE';
      ALLOW_CONNECT='TRUE';
    'IO_L34P_M3UDQS_3':
      PIN_NUMBER='(0,0,0,T2,0,0,0,0,0,0,0,0,0,0)';
      PINUSE='UNSPEC';
      NO_LOAD_CHECK='Both';
      NO_IO_CHECK='Both';
      NO_ASSERT_CHECK='TRUE';
      NO_DIR_CHECK='TRUE';
      ALLOW_CONNECT='TRUE';
    'IO_L33N_M3DQ13_3':
      PIN_NUMBER='(0,0,0,U1,0,0,0,0,0,0,0,0,0,0)';
      PINUSE='UNSPEC';
      NO_LOAD_CHECK='Both';
      NO_IO_CHECK='Both';
      NO_ASSERT_CHECK='TRUE';
      NO_DIR_CHECK='TRUE';
      ALLOW_CONNECT='TRUE';
    'IO_L33P_M3DQ12_3':
      PIN_NUMBER='(0,0,0,U3,0,0,0,0,0,0,0,0,0,0)';
      PINUSE='UNSPEC';
      NO_LOAD_CHECK='Both';
      NO_IO_CHECK='Both';
      NO_ASSERT_CHECK='TRUE';
      NO_DIR_CHECK='TRUE';
      ALLOW_CONNECT='TRUE';
    'IO_L32N_M3DQ15_3':
      PIN_NUMBER='(0,0,0,V1,0,0,0,0,0,0,0,0,0,0)';
      PINUSE='UNSPEC';
      NO_LOAD_CHECK='Both';
      NO_IO_CHECK='Both';
      NO_ASSERT_CHECK='TRUE';
      NO_DIR_CHECK='TRUE';
      ALLOW_CONNECT='TRUE';
    'IO_L32P_M3DQ14_3':
      PIN_NUMBER='(0,0,0,V2,0,0,0,0,0,0,0,0,0,0)';
      PINUSE='UNSPEC';
      NO_LOAD_CHECK='Both';
      NO_IO_CHECK='Both';
      NO_ASSERT_CHECK='TRUE';
      NO_DIR_CHECK='TRUE';
      ALLOW_CONNECT='TRUE';
    'IO_L31N_VREF_3':
      PIN_NUMBER='(0,0,0,M4,0,0,0,0,0,0,0,0,0,0)';
      PINUSE='UNSPEC';
      NO_LOAD_CHECK='Both';
      NO_IO_CHECK='Both';
      NO_ASSERT_CHECK='TRUE';
      NO_DIR_CHECK='TRUE';
      ALLOW_CONNECT='TRUE';
    'IO_L31P_3':
      PIN_NUMBER='(0,0,0,M5,0,0,0,0,0,0,0,0,0,0)';
      PINUSE='UNSPEC';
      NO_LOAD_CHECK='Both';
      NO_IO_CHECK='Both';
      NO_ASSERT_CHECK='TRUE';
      NO_DIR_CHECK='TRUE';
      ALLOW_CONNECT='TRUE';
    'IO_L26N_3':
      PIN_NUMBER='(0,0,0,N4,0,0,0,0,0,0,0,0,0,0)';
      PINUSE='UNSPEC';
      NO_LOAD_CHECK='Both';
      NO_IO_CHECK='Both';
      NO_ASSERT_CHECK='TRUE';
      NO_DIR_CHECK='TRUE';
      ALLOW_CONNECT='TRUE';
    'IO_L26P_3':
      PIN_NUMBER='(0,0,0,P3,0,0,0,0,0,0,0,0,0,0)';
      PINUSE='UNSPEC';
      NO_LOAD_CHECK='Both';
      NO_IO_CHECK='Both';
      NO_ASSERT_CHECK='TRUE';
      NO_DIR_CHECK='TRUE';
      ALLOW_CONNECT='TRUE';
    'IO_L25N_3':
      PIN_NUMBER='(0,0,0,L6,0,0,0,0,0,0,0,0,0,0)';
      PINUSE='UNSPEC';
      NO_LOAD_CHECK='Both';
      NO_IO_CHECK='Both';
      NO_ASSERT_CHECK='TRUE';
      NO_DIR_CHECK='TRUE';
      ALLOW_CONNECT='TRUE';
    'IO_L25P_3':
      PIN_NUMBER='(0,0,0,M6,0,0,0,0,0,0,0,0,0,0)';
      PINUSE='UNSPEC';
      NO_LOAD_CHECK='Both';
      NO_IO_CHECK='Both';
      NO_ASSERT_CHECK='TRUE';
      NO_DIR_CHECK='TRUE';
      ALLOW_CONNECT='TRUE';
    'IO_L24N_3':
      PIN_NUMBER='(0,0,0,P4,0,0,0,0,0,0,0,0,0,0)';
      PINUSE='UNSPEC';
      NO_LOAD_CHECK='Both';
      NO_IO_CHECK='Both';
      NO_ASSERT_CHECK='TRUE';
      NO_DIR_CHECK='TRUE';
      ALLOW_CONNECT='TRUE';
    'IO_L24P_3':
      PIN_NUMBER='(0,0,0,R4,0,0,0,0,0,0,0,0,0,0)';
      PINUSE='UNSPEC';
      NO_LOAD_CHECK='Both';
      NO_IO_CHECK='Both';
      NO_ASSERT_CHECK='TRUE';
      NO_DIR_CHECK='TRUE';
      ALLOW_CONNECT='TRUE';
    'IO_L23N_3':
      PIN_NUMBER='(0,0,0,M8,0,0,0,0,0,0,0,0,0,0)';
      PINUSE='UNSPEC';
      NO_LOAD_CHECK='Both';
      NO_IO_CHECK='Both';
      NO_ASSERT_CHECK='TRUE';
      NO_DIR_CHECK='TRUE';
      ALLOW_CONNECT='TRUE';
    'IO_L23P_3':
      PIN_NUMBER='(0,0,0,M7,0,0,0,0,0,0,0,0,0,0)';
      PINUSE='UNSPEC';
      NO_LOAD_CHECK='Both';
      NO_IO_CHECK='Both';
      NO_ASSERT_CHECK='TRUE';
      NO_DIR_CHECK='TRUE';
      ALLOW_CONNECT='TRUE';
    'IO_L11N_3':
      PIN_NUMBER='(0,0,0,N7,0,0,0,0,0,0,0,0,0,0)';
      PINUSE='UNSPEC';
      NO_LOAD_CHECK='Both';
      NO_IO_CHECK='Both';
      NO_ASSERT_CHECK='TRUE';
      NO_DIR_CHECK='TRUE';
      ALLOW_CONNECT='TRUE';
    'IO_L11P_3':
      PIN_NUMBER='(0,0,0,N6,0,0,0,0,0,0,0,0,0,0)';
      PINUSE='UNSPEC';
      NO_LOAD_CHECK='Both';
      NO_IO_CHECK='Both';
      NO_ASSERT_CHECK='TRUE';
      NO_DIR_CHECK='TRUE';
      ALLOW_CONNECT='TRUE';
    'IO_L10N_3':
      PIN_NUMBER='(0,0,0,V3,0,0,0,0,0,0,0,0,0,0)';
      PINUSE='UNSPEC';
      NO_LOAD_CHECK='Both';
      NO_IO_CHECK='Both';
      NO_ASSERT_CHECK='TRUE';
      NO_DIR_CHECK='TRUE';
      ALLOW_CONNECT='TRUE';
    'IO_L10P_3':
      PIN_NUMBER='(0,0,0,U4,0,0,0,0,0,0,0,0,0,0)';
      PINUSE='UNSPEC';
      NO_LOAD_CHECK='Both';
      NO_IO_CHECK='Both';
      NO_ASSERT_CHECK='TRUE';
      NO_DIR_CHECK='TRUE';
      ALLOW_CONNECT='TRUE';
    'IO_L9N_3':
      PIN_NUMBER='(0,0,0,T3,0,0,0,0,0,0,0,0,0,0)';
      PINUSE='UNSPEC';
      NO_LOAD_CHECK='Both';
      NO_IO_CHECK='Both';
      NO_ASSERT_CHECK='TRUE';
      NO_DIR_CHECK='TRUE';
      ALLOW_CONNECT='TRUE';
    'IO_L9P_3':
      PIN_NUMBER='(0,0,0,T4,0,0,0,0,0,0,0,0,0,0)';
      PINUSE='UNSPEC';
      NO_LOAD_CHECK='Both';
      NO_IO_CHECK='Both';
      NO_ASSERT_CHECK='TRUE';
      NO_DIR_CHECK='TRUE';
      ALLOW_CONNECT='TRUE';
    'IO_L8N_3':
      PIN_NUMBER='(0,0,0,P5,0,0,0,0,0,0,0,0,0,0)';
      PINUSE='UNSPEC';
      NO_LOAD_CHECK='Both';
      NO_IO_CHECK='Both';
      NO_ASSERT_CHECK='TRUE';
      NO_DIR_CHECK='TRUE';
      ALLOW_CONNECT='TRUE';
    'IO_L8P_3':
      PIN_NUMBER='(0,0,0,P6,0,0,0,0,0,0,0,0,0,0)';
      PINUSE='UNSPEC';
      NO_LOAD_CHECK='Both';
      NO_IO_CHECK='Both';
      NO_ASSERT_CHECK='TRUE';
      NO_DIR_CHECK='TRUE';
      ALLOW_CONNECT='TRUE';
    'IO_L7N_3':
      PIN_NUMBER='(0,0,0,P7,0,0,0,0,0,0,0,0,0,0)';
      PINUSE='UNSPEC';
      NO_LOAD_CHECK='Both';
      NO_IO_CHECK='Both';
      NO_ASSERT_CHECK='TRUE';
      NO_DIR_CHECK='TRUE';
      ALLOW_CONNECT='TRUE';
    'IO_L7P_3':
      PIN_NUMBER='(0,0,0,P8,0,0,0,0,0,0,0,0,0,0)';
      PINUSE='UNSPEC';
      NO_LOAD_CHECK='Both';
      NO_IO_CHECK='Both';
      NO_ASSERT_CHECK='TRUE';
      NO_DIR_CHECK='TRUE';
      ALLOW_CONNECT='TRUE';
    'IO_L2N_3':
      PIN_NUMBER='(0,0,0,W1,0,0,0,0,0,0,0,0,0,0)';
      PINUSE='UNSPEC';
      NO_LOAD_CHECK='Both';
      NO_IO_CHECK='Both';
      NO_ASSERT_CHECK='TRUE';
      NO_DIR_CHECK='TRUE';
      ALLOW_CONNECT='TRUE';
    'IO_L2P_3':
      PIN_NUMBER='(0,0,0,W3,0,0,0,0,0,0,0,0,0,0)';
      PINUSE='UNSPEC';
      NO_LOAD_CHECK='Both';
      NO_IO_CHECK='Both';
      NO_ASSERT_CHECK='TRUE';
      NO_DIR_CHECK='TRUE';
      ALLOW_CONNECT='TRUE';
    'IO_L1N_VREF_3':
      PIN_NUMBER='(0,0,0,Y1,0,0,0,0,0,0,0,0,0,0)';
      PINUSE='UNSPEC';
      NO_LOAD_CHECK='Both';
      NO_IO_CHECK='Both';
      NO_ASSERT_CHECK='TRUE';
      NO_DIR_CHECK='TRUE';
      ALLOW_CONNECT='TRUE';
    'IO_L1P_3':
      PIN_NUMBER='(0,0,0,Y2,0,0,0,0,0,0,0,0,0,0)';
      PINUSE='UNSPEC';
      NO_LOAD_CHECK='Both';
      NO_IO_CHECK='Both';
      NO_ASSERT_CHECK='TRUE';
      NO_DIR_CHECK='TRUE';
      ALLOW_CONNECT='TRUE';
    'CMPCS_B_2':
      PIN_NUMBER='(0,0,0,0,Y20,0,0,0,0,0,0,0,0,0)';
      INPUT_LOAD='(-0.01,0.01)';
    'DONE_2':
      PIN_NUMBER='(0,0,0,0,Y22,0,0,0,0,0,0,0,0,0)';
      PINUSE='UNSPEC';
      NO_LOAD_CHECK='Both';
      NO_IO_CHECK='Both';
      NO_ASSERT_CHECK='TRUE';
      NO_DIR_CHECK='TRUE';
      ALLOW_CONNECT='TRUE';
    'PROGRAM_B_2':
      PIN_NUMBER='(0,0,0,0,AA1,0,0,0,0,0,0,0,0,0)';
      INPUT_LOAD='(-0.01,0.01)';
    'SUSPEND':
      PIN_NUMBER='(0,0,0,0,N15,0,0,0,0,0,0,0,0,0)';
      INPUT_LOAD='(-0.01,0.01)';
    'TCK':
      PIN_NUMBER='(0,0,0,0,G15,0,0,0,0,0,0,0,0,0)';
      INPUT_LOAD='(-0.01,0.01)';
    'TDI':
      PIN_NUMBER='(0,0,0,0,E18,0,0,0,0,0,0,0,0,0)';
      INPUT_LOAD='(-0.01,0.01)';
    'TDO':
      PIN_NUMBER='(0,0,0,0,A19,0,0,0,0,0,0,0,0,0)';
      OUTPUT_LOAD='(1.0,-1.0)';
    'TMS':
      PIN_NUMBER='(0,0,0,0,C18,0,0,0,0,0,0,0,0,0)';
      INPUT_LOAD='(-0.01,0.01)';
    'VCCO_0_B4':
      PIN_NUMBER='(0,0,0,0,0,B4,0,0,0,0,0,0,0,0)';
      PINUSE='POWER';
      NO_LOAD_CHECK='Both';
      NO_IO_CHECK='Both';
      NO_ASSERT_CHECK='TRUE';
      NO_DIR_CHECK='TRUE';
      ALLOW_CONNECT='TRUE';
    'VCCO_0_B7':
      PIN_NUMBER='(0,0,0,0,0,B7,0,0,0,0,0,0,0,0)';
      PINUSE='POWER';
      NO_LOAD_CHECK='Both';
      NO_IO_CHECK='Both';
      NO_ASSERT_CHECK='TRUE';
      NO_DIR_CHECK='TRUE';
      ALLOW_CONNECT='TRUE';
    'VCCO_0_E13':
      PIN_NUMBER='(0,0,0,0,0,E13,0,0,0,0,0,0,0,0)';
      PINUSE='POWER';
      NO_LOAD_CHECK='Both';
      NO_IO_CHECK='Both';
      NO_ASSERT_CHECK='TRUE';
      NO_DIR_CHECK='TRUE';
      ALLOW_CONNECT='TRUE';
    'VCCO_0_E17':
      PIN_NUMBER='(0,0,0,0,0,E17,0,0,0,0,0,0,0,0)';
      PINUSE='POWER';
      NO_LOAD_CHECK='Both';
      NO_IO_CHECK='Both';
      NO_ASSERT_CHECK='TRUE';
      NO_DIR_CHECK='TRUE';
      ALLOW_CONNECT='TRUE';
    'VCCO_0_G10':
      PIN_NUMBER='(0,0,0,0,0,G10,0,0,0,0,0,0,0,0)';
      PINUSE='POWER';
      NO_LOAD_CHECK='Both';
      NO_IO_CHECK='Both';
      NO_ASSERT_CHECK='TRUE';
      NO_DIR_CHECK='TRUE';
      ALLOW_CONNECT='TRUE';
    'VCCO_0_G14':
      PIN_NUMBER='(0,0,0,0,0,G14,0,0,0,0,0,0,0,0)';
      PINUSE='POWER';
      NO_LOAD_CHECK='Both';
      NO_IO_CHECK='Both';
      NO_ASSERT_CHECK='TRUE';
      NO_DIR_CHECK='TRUE';
      ALLOW_CONNECT='TRUE';
    'VCCO_0_B11':
      PIN_NUMBER='(0,0,0,0,0,B11,0,0,0,0,0,0,0,0)';
      PINUSE='POWER';
      NO_LOAD_CHECK='Both';
      NO_IO_CHECK='Both';
      NO_ASSERT_CHECK='TRUE';
      NO_DIR_CHECK='TRUE';
      ALLOW_CONNECT='TRUE';
    'VCCO_0_B15':
      PIN_NUMBER='(0,0,0,0,0,B15,0,0,0,0,0,0,0,0)';
      PINUSE='POWER';
      NO_LOAD_CHECK='Both';
      NO_IO_CHECK='Both';
      NO_ASSERT_CHECK='TRUE';
      NO_DIR_CHECK='TRUE';
      ALLOW_CONNECT='TRUE';
    'VCCO_0_B19':
      PIN_NUMBER='(0,0,0,0,0,B19,0,0,0,0,0,0,0,0)';
      PINUSE='POWER';
      NO_LOAD_CHECK='Both';
      NO_IO_CHECK='Both';
      NO_ASSERT_CHECK='TRUE';
      NO_DIR_CHECK='TRUE';
      ALLOW_CONNECT='TRUE';
    'VCCO_0_E9':
      PIN_NUMBER='(0,0,0,0,0,E9,0,0,0,0,0,0,0,0)';
      PINUSE='POWER';
      NO_LOAD_CHECK='Both';
      NO_IO_CHECK='Both';
      NO_ASSERT_CHECK='TRUE';
      NO_DIR_CHECK='TRUE';
      ALLOW_CONNECT='TRUE';
    'VCCO_1_W21':
      PIN_NUMBER='(0,0,0,0,0,0,W21,0,0,0,0,0,0,0)';
      PINUSE='POWER';
      NO_LOAD_CHECK='Both';
      NO_IO_CHECK='Both';
      NO_ASSERT_CHECK='TRUE';
      NO_DIR_CHECK='TRUE';
      ALLOW_CONNECT='TRUE';
    'VCCO_1_C21':
      PIN_NUMBER='(0,0,0,0,0,0,C21,0,0,0,0,0,0,0)';
      PINUSE='POWER';
      NO_LOAD_CHECK='Both';
      NO_IO_CHECK='Both';
      NO_ASSERT_CHECK='TRUE';
      NO_DIR_CHECK='TRUE';
      ALLOW_CONNECT='TRUE';
    'VCCO_1_G21':
      PIN_NUMBER='(0,0,0,0,0,0,G21,0,0,0,0,0,0,0)';
      PINUSE='POWER';
      NO_LOAD_CHECK='Both';
      NO_IO_CHECK='Both';
      NO_ASSERT_CHECK='TRUE';
      NO_DIR_CHECK='TRUE';
      ALLOW_CONNECT='TRUE';
    'VCCO_1_J18':
      PIN_NUMBER='(0,0,0,0,0,0,J18,0,0,0,0,0,0,0)';
      PINUSE='POWER';
      NO_LOAD_CHECK='Both';
      NO_IO_CHECK='Both';
      NO_ASSERT_CHECK='TRUE';
      NO_DIR_CHECK='TRUE';
      ALLOW_CONNECT='TRUE';
    'VCCO_1_L16':
      PIN_NUMBER='(0,0,0,0,0,0,L16,0,0,0,0,0,0,0)';
      PINUSE='POWER';
      NO_LOAD_CHECK='Both';
      NO_IO_CHECK='Both';
      NO_ASSERT_CHECK='TRUE';
      NO_DIR_CHECK='TRUE';
      ALLOW_CONNECT='TRUE';
    'VCCO_1_L21':
      PIN_NUMBER='(0,0,0,0,0,0,L21,0,0,0,0,0,0,0)';
      PINUSE='POWER';
      NO_LOAD_CHECK='Both';
      NO_IO_CHECK='Both';
      NO_ASSERT_CHECK='TRUE';
      NO_DIR_CHECK='TRUE';
      ALLOW_CONNECT='TRUE';
    'VCCO_1_N18':
      PIN_NUMBER='(0,0,0,0,0,0,N18,0,0,0,0,0,0,0)';
      PINUSE='POWER';
      NO_LOAD_CHECK='Both';
      NO_IO_CHECK='Both';
      NO_ASSERT_CHECK='TRUE';
      NO_DIR_CHECK='TRUE';
      ALLOW_CONNECT='TRUE';
    'VCCO_1_R21':
      PIN_NUMBER='(0,0,0,0,0,0,R21,0,0,0,0,0,0,0)';
      PINUSE='POWER';
      NO_LOAD_CHECK='Both';
      NO_IO_CHECK='Both';
      NO_ASSERT_CHECK='TRUE';
      NO_DIR_CHECK='TRUE';
      ALLOW_CONNECT='TRUE';
    'VCCO_1_U18':
      PIN_NUMBER='(0,0,0,0,0,0,U18,0,0,0,0,0,0,0)';
      PINUSE='POWER';
      NO_LOAD_CHECK='Both';
      NO_IO_CHECK='Both';
      NO_ASSERT_CHECK='TRUE';
      NO_DIR_CHECK='TRUE';
      ALLOW_CONNECT='TRUE';
    'VCCO_1_E19':
      PIN_NUMBER='(0,0,0,0,0,0,E19,0,0,0,0,0,0,0)';
      PINUSE='POWER';
      NO_LOAD_CHECK='Both';
      NO_IO_CHECK='Both';
      NO_ASSERT_CHECK='TRUE';
      NO_DIR_CHECK='TRUE';
      ALLOW_CONNECT='TRUE';
    'VCCO_2_AA15':
      PIN_NUMBER='(0,0,0,0,0,0,0,AA15,0,0,0,0,0,0)';
      PINUSE='POWER';
      NO_LOAD_CHECK='Both';
      NO_IO_CHECK='Both';
      NO_ASSERT_CHECK='TRUE';
      NO_DIR_CHECK='TRUE';
      ALLOW_CONNECT='TRUE';
    'VCCO_2_V16':
      PIN_NUMBER='(0,0,0,0,0,0,0,V16,0,0,0,0,0,0)';
      PINUSE='POWER';
      NO_LOAD_CHECK='Both';
      NO_IO_CHECK='Both';
      NO_ASSERT_CHECK='TRUE';
      NO_DIR_CHECK='TRUE';
      ALLOW_CONNECT='TRUE';
    'VCCO_2_T13':
      PIN_NUMBER='(0,0,0,0,0,0,0,T13,0,0,0,0,0,0)';
      PINUSE='POWER';
      NO_LOAD_CHECK='Both';
      NO_IO_CHECK='Both';
      NO_ASSERT_CHECK='TRUE';
      NO_DIR_CHECK='TRUE';
      ALLOW_CONNECT='TRUE';
    'VCCO_2_V8':
      PIN_NUMBER='(0,0,0,0,0,0,0,V8,0,0,0,0,0,0)';
      PINUSE='POWER';
      NO_LOAD_CHECK='Both';
      NO_IO_CHECK='Both';
      NO_ASSERT_CHECK='TRUE';
      NO_DIR_CHECK='TRUE';
      ALLOW_CONNECT='TRUE';
    'VCCO_2_V12':
      PIN_NUMBER='(0,0,0,0,0,0,0,V12,0,0,0,0,0,0)';
      PINUSE='POWER';
      NO_LOAD_CHECK='Both';
      NO_IO_CHECK='Both';
      NO_ASSERT_CHECK='TRUE';
      NO_DIR_CHECK='TRUE';
      ALLOW_CONNECT='TRUE';
    'VCCO_2_AA3':
      PIN_NUMBER='(0,0,0,0,0,0,0,AA3,0,0,0,0,0,0)';
      PINUSE='POWER';
      NO_LOAD_CHECK='Both';
      NO_IO_CHECK='Both';
      NO_ASSERT_CHECK='TRUE';
      NO_DIR_CHECK='TRUE';
      ALLOW_CONNECT='TRUE';
    'VCCO_2_T9':
      PIN_NUMBER='(0,0,0,0,0,0,0,T9,0,0,0,0,0,0)';
      PINUSE='POWER';
      NO_LOAD_CHECK='Both';
      NO_IO_CHECK='Both';
      NO_ASSERT_CHECK='TRUE';
      NO_DIR_CHECK='TRUE';
      ALLOW_CONNECT='TRUE';
    'VCCO_2_AA19':
      PIN_NUMBER='(0,0,0,0,0,0,0,AA19,0,0,0,0,0,0)';
      PINUSE='POWER';
      NO_LOAD_CHECK='Both';
      NO_IO_CHECK='Both';
      NO_ASSERT_CHECK='TRUE';
      NO_DIR_CHECK='TRUE';
      ALLOW_CONNECT='TRUE';
    'VCCO_2_AA11':
      PIN_NUMBER='(0,0,0,0,0,0,0,AA11,0,0,0,0,0,0)';
      PINUSE='POWER';
      NO_LOAD_CHECK='Both';
      NO_IO_CHECK='Both';
      NO_ASSERT_CHECK='TRUE';
      NO_DIR_CHECK='TRUE';
      ALLOW_CONNECT='TRUE';
    'VCCO_2_W5':
      PIN_NUMBER='(0,0,0,0,0,0,0,W5,0,0,0,0,0,0)';
      PINUSE='POWER';
      NO_LOAD_CHECK='Both';
      NO_IO_CHECK='Both';
      NO_ASSERT_CHECK='TRUE';
      NO_DIR_CHECK='TRUE';
      ALLOW_CONNECT='TRUE';
    'VCCO_2_AA7':
      PIN_NUMBER='(0,0,0,0,0,0,0,AA7,0,0,0,0,0,0)';
      PINUSE='POWER';
      NO_LOAD_CHECK='Both';
      NO_IO_CHECK='Both';
      NO_ASSERT_CHECK='TRUE';
      NO_DIR_CHECK='TRUE';
      ALLOW_CONNECT='TRUE';
    'VCCO_3_W2':
      PIN_NUMBER='(0,0,0,0,0,0,0,0,W2,0,0,0,0,0)';
      PINUSE='POWER';
      NO_LOAD_CHECK='Both';
      NO_IO_CHECK='Both';
      NO_ASSERT_CHECK='TRUE';
      NO_DIR_CHECK='TRUE';
      ALLOW_CONNECT='TRUE';
    'VCCO_3_L2':
      PIN_NUMBER='(0,0,0,0,0,0,0,0,L2,0,0,0,0,0)';
      PINUSE='POWER';
      NO_LOAD_CHECK='Both';
      NO_IO_CHECK='Both';
      NO_ASSERT_CHECK='TRUE';
      NO_DIR_CHECK='TRUE';
      ALLOW_CONNECT='TRUE';
    'VCCO_3_L7':
      PIN_NUMBER='(0,0,0,0,0,0,0,0,L7,0,0,0,0,0)';
      PINUSE='POWER';
      NO_LOAD_CHECK='Both';
      NO_IO_CHECK='Both';
      NO_ASSERT_CHECK='TRUE';
      NO_DIR_CHECK='TRUE';
      ALLOW_CONNECT='TRUE';
    'VCCO_3_C2':
      PIN_NUMBER='(0,0,0,0,0,0,0,0,C2,0,0,0,0,0)';
      PINUSE='POWER';
      NO_LOAD_CHECK='Both';
      NO_IO_CHECK='Both';
      NO_ASSERT_CHECK='TRUE';
      NO_DIR_CHECK='TRUE';
      ALLOW_CONNECT='TRUE';
    'VCCO_3_N5':
      PIN_NUMBER='(0,0,0,0,0,0,0,0,N5,0,0,0,0,0)';
      PINUSE='POWER';
      NO_LOAD_CHECK='Both';
      NO_IO_CHECK='Both';
      NO_ASSERT_CHECK='TRUE';
      NO_DIR_CHECK='TRUE';
      ALLOW_CONNECT='TRUE';
    'VCCO_3_R2':
      PIN_NUMBER='(0,0,0,0,0,0,0,0,R2,0,0,0,0,0)';
      PINUSE='POWER';
      NO_LOAD_CHECK='Both';
      NO_IO_CHECK='Both';
      NO_ASSERT_CHECK='TRUE';
      NO_DIR_CHECK='TRUE';
      ALLOW_CONNECT='TRUE';
    'VCCO_3_U5':
      PIN_NUMBER='(0,0,0,0,0,0,0,0,U5,0,0,0,0,0)';
      PINUSE='POWER';
      NO_LOAD_CHECK='Both';
      NO_IO_CHECK='Both';
      NO_ASSERT_CHECK='TRUE';
      NO_DIR_CHECK='TRUE';
      ALLOW_CONNECT='TRUE';
    'VCCO_3_G2':
      PIN_NUMBER='(0,0,0,0,0,0,0,0,G2,0,0,0,0,0)';
      PINUSE='POWER';
      NO_LOAD_CHECK='Both';
      NO_IO_CHECK='Both';
      NO_ASSERT_CHECK='TRUE';
      NO_DIR_CHECK='TRUE';
      ALLOW_CONNECT='TRUE';
    'VCCO_3_F4':
      PIN_NUMBER='(0,0,0,0,0,0,0,0,F4,0,0,0,0,0)';
      PINUSE='POWER';
      NO_LOAD_CHECK='Both';
      NO_IO_CHECK='Both';
      NO_ASSERT_CHECK='TRUE';
      NO_DIR_CHECK='TRUE';
      ALLOW_CONNECT='TRUE';
    'VCCO_3_F6':
      PIN_NUMBER='(0,0,0,0,0,0,0,0,F6,0,0,0,0,0)';
      PINUSE='POWER';
      NO_LOAD_CHECK='Both';
      NO_IO_CHECK='Both';
      NO_ASSERT_CHECK='TRUE';
      NO_DIR_CHECK='TRUE';
      ALLOW_CONNECT='TRUE';
    'VCCO_3_J5':
      PIN_NUMBER='(0,0,0,0,0,0,0,0,J5,0,0,0,0,0)';
      PINUSE='POWER';
      NO_LOAD_CHECK='Both';
      NO_IO_CHECK='Both';
      NO_ASSERT_CHECK='TRUE';
      NO_DIR_CHECK='TRUE';
      ALLOW_CONNECT='TRUE';
    'VCCINT_N10':
      PIN_NUMBER='(0,0,0,0,0,0,0,0,0,N10,0,0,0,0)';
      PINUSE='POWER';
      NO_LOAD_CHECK='Both';
      NO_IO_CHECK='Both';
      NO_ASSERT_CHECK='TRUE';
      NO_DIR_CHECK='TRUE';
      ALLOW_CONNECT='TRUE';
    'VCCINT_P11':
      PIN_NUMBER='(0,0,0,0,0,0,0,0,0,P11,0,0,0,0)';
      PINUSE='POWER';
      NO_LOAD_CHECK='Both';
      NO_IO_CHECK='Both';
      NO_ASSERT_CHECK='TRUE';
      NO_DIR_CHECK='TRUE';
      ALLOW_CONNECT='TRUE';
    'VCCINT_P13':
      PIN_NUMBER='(0,0,0,0,0,0,0,0,0,P13,0,0,0,0)';
      PINUSE='POWER';
      NO_LOAD_CHECK='Both';
      NO_IO_CHECK='Both';
      NO_ASSERT_CHECK='TRUE';
      NO_DIR_CHECK='TRUE';
      ALLOW_CONNECT='TRUE';
    'VCCINT_P9':
      PIN_NUMBER='(0,0,0,0,0,0,0,0,0,P9,0,0,0,0)';
      PINUSE='POWER';
      NO_LOAD_CHECK='Both';
      NO_IO_CHECK='Both';
      NO_ASSERT_CHECK='TRUE';
      NO_DIR_CHECK='TRUE';
      ALLOW_CONNECT='TRUE';
    'VCCINT_R14':
      PIN_NUMBER='(0,0,0,0,0,0,0,0,0,R14,0,0,0,0)';
      PINUSE='POWER';
      NO_LOAD_CHECK='Both';
      NO_IO_CHECK='Both';
      NO_ASSERT_CHECK='TRUE';
      NO_DIR_CHECK='TRUE';
      ALLOW_CONNECT='TRUE';
    'VCCINT_N12':
      PIN_NUMBER='(0,0,0,0,0,0,0,0,0,N12,0,0,0,0)';
      PINUSE='POWER';
      NO_LOAD_CHECK='Both';
      NO_IO_CHECK='Both';
      NO_ASSERT_CHECK='TRUE';
      NO_DIR_CHECK='TRUE';
      ALLOW_CONNECT='TRUE';
    'VCCINT_J10':
      PIN_NUMBER='(0,0,0,0,0,0,0,0,0,J10,0,0,0,0)';
      PINUSE='POWER';
      NO_LOAD_CHECK='Both';
      NO_IO_CHECK='Both';
      NO_ASSERT_CHECK='TRUE';
      NO_DIR_CHECK='TRUE';
      ALLOW_CONNECT='TRUE';
    'VCCINT_J12':
      PIN_NUMBER='(0,0,0,0,0,0,0,0,0,J12,0,0,0,0)';
      PINUSE='POWER';
      NO_LOAD_CHECK='Both';
      NO_IO_CHECK='Both';
      NO_ASSERT_CHECK='TRUE';
      NO_DIR_CHECK='TRUE';
      ALLOW_CONNECT='TRUE';
    'VCCINT_J14':
      PIN_NUMBER='(0,0,0,0,0,0,0,0,0,J14,0,0,0,0)';
      PINUSE='POWER';
      NO_LOAD_CHECK='Both';
      NO_IO_CHECK='Both';
      NO_ASSERT_CHECK='TRUE';
      NO_DIR_CHECK='TRUE';
      ALLOW_CONNECT='TRUE';
    'VCCINT_J8':
      PIN_NUMBER='(0,0,0,0,0,0,0,0,0,J8,0,0,0,0)';
      PINUSE='POWER';
      NO_LOAD_CHECK='Both';
      NO_IO_CHECK='Both';
      NO_ASSERT_CHECK='TRUE';
      NO_DIR_CHECK='TRUE';
      ALLOW_CONNECT='TRUE';
    'VCCINT_K11':
      PIN_NUMBER='(0,0,0,0,0,0,0,0,0,K11,0,0,0,0)';
      PINUSE='POWER';
      NO_LOAD_CHECK='Both';
      NO_IO_CHECK='Both';
      NO_ASSERT_CHECK='TRUE';
      NO_DIR_CHECK='TRUE';
      ALLOW_CONNECT='TRUE';
    'VCCINT_K13':
      PIN_NUMBER='(0,0,0,0,0,0,0,0,0,K13,0,0,0,0)';
      PINUSE='POWER';
      NO_LOAD_CHECK='Both';
      NO_IO_CHECK='Both';
      NO_ASSERT_CHECK='TRUE';
      NO_DIR_CHECK='TRUE';
      ALLOW_CONNECT='TRUE';
    'VCCINT_K9':
      PIN_NUMBER='(0,0,0,0,0,0,0,0,0,K9,0,0,0,0)';
      PINUSE='POWER';
      NO_LOAD_CHECK='Both';
      NO_IO_CHECK='Both';
      NO_ASSERT_CHECK='TRUE';
      NO_DIR_CHECK='TRUE';
      ALLOW_CONNECT='TRUE';
    'VCCINT_L10':
      PIN_NUMBER='(0,0,0,0,0,0,0,0,0,L10,0,0,0,0)';
      PINUSE='POWER';
      NO_LOAD_CHECK='Both';
      NO_IO_CHECK='Both';
      NO_ASSERT_CHECK='TRUE';
      NO_DIR_CHECK='TRUE';
      ALLOW_CONNECT='TRUE';
    'VCCINT_L12':
      PIN_NUMBER='(0,0,0,0,0,0,0,0,0,L12,0,0,0,0)';
      PINUSE='POWER';
      NO_LOAD_CHECK='Both';
      NO_IO_CHECK='Both';
      NO_ASSERT_CHECK='TRUE';
      NO_DIR_CHECK='TRUE';
      ALLOW_CONNECT='TRUE';
    'VCCINT_L14':
      PIN_NUMBER='(0,0,0,0,0,0,0,0,0,L14,0,0,0,0)';
      PINUSE='POWER';
      NO_LOAD_CHECK='Both';
      NO_IO_CHECK='Both';
      NO_ASSERT_CHECK='TRUE';
      NO_DIR_CHECK='TRUE';
      ALLOW_CONNECT='TRUE';
    'VCCINT_M11':
      PIN_NUMBER='(0,0,0,0,0,0,0,0,0,M11,0,0,0,0)';
      PINUSE='POWER';
      NO_LOAD_CHECK='Both';
      NO_IO_CHECK='Both';
      NO_ASSERT_CHECK='TRUE';
      NO_DIR_CHECK='TRUE';
      ALLOW_CONNECT='TRUE';
    'VCCINT_M13':
      PIN_NUMBER='(0,0,0,0,0,0,0,0,0,M13,0,0,0,0)';
      PINUSE='POWER';
      NO_LOAD_CHECK='Both';
      NO_IO_CHECK='Both';
      NO_ASSERT_CHECK='TRUE';
      NO_DIR_CHECK='TRUE';
      ALLOW_CONNECT='TRUE';
    'VCCINT_M9':
      PIN_NUMBER='(0,0,0,0,0,0,0,0,0,M9,0,0,0,0)';
      PINUSE='POWER';
      NO_LOAD_CHECK='Both';
      NO_IO_CHECK='Both';
      NO_ASSERT_CHECK='TRUE';
      NO_DIR_CHECK='TRUE';
      ALLOW_CONNECT='TRUE';
    'VCCINT_N14':
      PIN_NUMBER='(0,0,0,0,0,0,0,0,0,N14,0,0,0,0)';
      PINUSE='POWER';
      NO_LOAD_CHECK='Both';
      NO_IO_CHECK='Both';
      NO_ASSERT_CHECK='TRUE';
      NO_DIR_CHECK='TRUE';
      ALLOW_CONNECT='TRUE';
    'VCCAUX_H9':
      PIN_NUMBER='(0,0,0,0,0,0,0,0,0,0,H9,0,0,0)';
      PINUSE='POWER';
      NO_LOAD_CHECK='Both';
      NO_IO_CHECK='Both';
      NO_ASSERT_CHECK='TRUE';
      NO_DIR_CHECK='TRUE';
      ALLOW_CONNECT='TRUE';
    'VCCAUX_U11':
      PIN_NUMBER='(0,0,0,0,0,0,0,0,0,0,U11,0,0,0)';
      PINUSE='POWER';
      NO_LOAD_CHECK='Both';
      NO_IO_CHECK='Both';
      NO_ASSERT_CHECK='TRUE';
      NO_DIR_CHECK='TRUE';
      ALLOW_CONNECT='TRUE';
    'VCCAUX_F11':
      PIN_NUMBER='(0,0,0,0,0,0,0,0,0,0,F11,0,0,0)';
      PINUSE='POWER';
      NO_LOAD_CHECK='Both';
      NO_IO_CHECK='Both';
      NO_ASSERT_CHECK='TRUE';
      NO_DIR_CHECK='TRUE';
      ALLOW_CONNECT='TRUE';
    'VCCAUX_R6':
      PIN_NUMBER='(0,0,0,0,0,0,0,0,0,0,R6,0,0,0)';
      PINUSE='POWER';
      NO_LOAD_CHECK='Both';
      NO_IO_CHECK='Both';
      NO_ASSERT_CHECK='TRUE';
      NO_DIR_CHECK='TRUE';
      ALLOW_CONNECT='TRUE';
    'VCCAUX_M15':
      PIN_NUMBER='(0,0,0,0,0,0,0,0,0,0,M15,0,0,0)';
      PINUSE='POWER';
      NO_LOAD_CHECK='Both';
      NO_IO_CHECK='Both';
      NO_ASSERT_CHECK='TRUE';
      NO_DIR_CHECK='TRUE';
      ALLOW_CONNECT='TRUE';
    'VCCAUX_V6':
      PIN_NUMBER='(0,0,0,0,0,0,0,0,0,0,V6,0,0,0)';
      PINUSE='POWER';
      NO_LOAD_CHECK='Both';
      NO_IO_CHECK='Both';
      NO_ASSERT_CHECK='TRUE';
      NO_DIR_CHECK='TRUE';
      ALLOW_CONNECT='TRUE';
    'VCCAUX_G12':
      PIN_NUMBER='(0,0,0,0,0,0,0,0,0,0,G12,0,0,0)';
      PINUSE='POWER';
      NO_LOAD_CHECK='Both';
      NO_IO_CHECK='Both';
      NO_ASSERT_CHECK='TRUE';
      NO_DIR_CHECK='TRUE';
      ALLOW_CONNECT='TRUE';
    'VCCAUX_H15':
      PIN_NUMBER='(0,0,0,0,0,0,0,0,0,0,H15,0,0,0)';
      PINUSE='POWER';
      NO_LOAD_CHECK='Both';
      NO_IO_CHECK='Both';
      NO_ASSERT_CHECK='TRUE';
      NO_DIR_CHECK='TRUE';
      ALLOW_CONNECT='TRUE';
    'VCCAUX_D16':
      PIN_NUMBER='(0,0,0,0,0,0,0,0,0,0,D16,0,0,0)';
      PINUSE='POWER';
      NO_LOAD_CHECK='Both';
      NO_IO_CHECK='Both';
      NO_ASSERT_CHECK='TRUE';
      NO_DIR_CHECK='TRUE';
      ALLOW_CONNECT='TRUE';
    'VCCAUX_K15':
      PIN_NUMBER='(0,0,0,0,0,0,0,0,0,0,K15,0,0,0)';
      PINUSE='POWER';
      NO_LOAD_CHECK='Both';
      NO_IO_CHECK='Both';
      NO_ASSERT_CHECK='TRUE';
      NO_DIR_CHECK='TRUE';
      ALLOW_CONNECT='TRUE';
    'VCCAUX_R12':
      PIN_NUMBER='(0,0,0,0,0,0,0,0,0,0,R12,0,0,0)';
      PINUSE='POWER';
      NO_LOAD_CHECK='Both';
      NO_IO_CHECK='Both';
      NO_ASSERT_CHECK='TRUE';
      NO_DIR_CHECK='TRUE';
      ALLOW_CONNECT='TRUE';
    'VCCAUX_N8':
      PIN_NUMBER='(0,0,0,0,0,0,0,0,0,0,N8,0,0,0)';
      PINUSE='POWER';
      NO_LOAD_CHECK='Both';
      NO_IO_CHECK='Both';
      NO_ASSERT_CHECK='TRUE';
      NO_DIR_CHECK='TRUE';
      ALLOW_CONNECT='TRUE';
    'VCCAUX_R10':
      PIN_NUMBER='(0,0,0,0,0,0,0,0,0,0,R10,0,0,0)';
      PINUSE='POWER';
      NO_LOAD_CHECK='Both';
      NO_IO_CHECK='Both';
      NO_ASSERT_CHECK='TRUE';
      NO_DIR_CHECK='TRUE';
      ALLOW_CONNECT='TRUE';
    'VCCAUX_L8':
      PIN_NUMBER='(0,0,0,0,0,0,0,0,0,0,L8,0,0,0)';
      PINUSE='POWER';
      NO_LOAD_CHECK='Both';
      NO_IO_CHECK='Both';
      NO_ASSERT_CHECK='TRUE';
      NO_DIR_CHECK='TRUE';
      ALLOW_CONNECT='TRUE';
    'GND_P10':
      PIN_NUMBER='(0,0,0,0,0,0,0,0,0,0,0,P10,0,0)';
      PINUSE='POWER';
      NO_LOAD_CHECK='Both';
      NO_IO_CHECK='Both';
      NO_ASSERT_CHECK='TRUE';
      NO_DIR_CHECK='TRUE';
      ALLOW_CONNECT='TRUE';
    'GND_V10':
      PIN_NUMBER='(0,0,0,0,0,0,0,0,0,0,0,V10,0,0)';
      PINUSE='POWER';
      NO_LOAD_CHECK='Both';
      NO_IO_CHECK='Both';
      NO_ASSERT_CHECK='TRUE';
      NO_DIR_CHECK='TRUE';
      ALLOW_CONNECT='TRUE';
    'GND_M10':
      PIN_NUMBER='(0,0,0,0,0,0,0,0,0,0,0,M10,0,0)';
      PINUSE='POWER';
      NO_LOAD_CHECK='Both';
      NO_IO_CHECK='Both';
      NO_ASSERT_CHECK='TRUE';
      NO_DIR_CHECK='TRUE';
      ALLOW_CONNECT='TRUE';
    'GND_K10':
      PIN_NUMBER='(0,0,0,0,0,0,0,0,0,0,0,K10,0,0)';
      PINUSE='POWER';
      NO_LOAD_CHECK='Both';
      NO_IO_CHECK='Both';
      NO_ASSERT_CHECK='TRUE';
      NO_DIR_CHECK='TRUE';
      ALLOW_CONNECT='TRUE';
    'GND_L13':
      PIN_NUMBER='(0,0,0,0,0,0,0,0,0,0,0,L13,0,0)';
      PINUSE='POWER';
      NO_LOAD_CHECK='Both';
      NO_IO_CHECK='Both';
      NO_ASSERT_CHECK='TRUE';
      NO_DIR_CHECK='TRUE';
      ALLOW_CONNECT='TRUE';
    'GND_A1':
      PIN_NUMBER='(0,0,0,0,0,0,0,0,0,0,0,A1,0,0)';
      PINUSE='POWER';
      NO_LOAD_CHECK='Both';
      NO_IO_CHECK='Both';
      NO_ASSERT_CHECK='TRUE';
      NO_DIR_CHECK='TRUE';
      ALLOW_CONNECT='TRUE';
    'GND_N13':
      PIN_NUMBER='(0,0,0,0,0,0,0,0,0,0,0,N13,0,0)';
      PINUSE='POWER';
      NO_LOAD_CHECK='Both';
      NO_IO_CHECK='Both';
      NO_ASSERT_CHECK='TRUE';
      NO_DIR_CHECK='TRUE';
      ALLOW_CONNECT='TRUE';
    'GND_A22':
      PIN_NUMBER='(0,0,0,0,0,0,0,0,0,0,0,A22,0,0)';
      PINUSE='POWER';
      NO_LOAD_CHECK='Both';
      NO_IO_CHECK='Both';
      NO_ASSERT_CHECK='TRUE';
      NO_DIR_CHECK='TRUE';
      ALLOW_CONNECT='TRUE';
    'GND_R5':
      PIN_NUMBER='(0,0,0,0,0,0,0,0,0,0,0,R5,0,0)';
      PINUSE='POWER';
      NO_LOAD_CHECK='Both';
      NO_IO_CHECK='Both';
      NO_ASSERT_CHECK='TRUE';
      NO_DIR_CHECK='TRUE';
      ALLOW_CONNECT='TRUE';
    'GND_AA13':
      PIN_NUMBER='(0,0,0,0,0,0,0,0,0,0,0,AA13,0,0)';
      PINUSE='POWER';
      NO_LOAD_CHECK='Both';
      NO_IO_CHECK='Both';
      NO_ASSERT_CHECK='TRUE';
      NO_DIR_CHECK='TRUE';
      ALLOW_CONNECT='TRUE';
    'GND_W19':
      PIN_NUMBER='(0,0,0,0,0,0,0,0,0,0,0,W19,0,0)';
      PINUSE='POWER';
      NO_LOAD_CHECK='Both';
      NO_IO_CHECK='Both';
      NO_ASSERT_CHECK='TRUE';
      NO_DIR_CHECK='TRUE';
      ALLOW_CONNECT='TRUE';
    'GND_AA17':
      PIN_NUMBER='(0,0,0,0,0,0,0,0,0,0,0,AA17,0,0)';
      PINUSE='POWER';
      NO_LOAD_CHECK='Both';
      NO_IO_CHECK='Both';
      NO_ASSERT_CHECK='TRUE';
      NO_DIR_CHECK='TRUE';
      ALLOW_CONNECT='TRUE';
    'GND_K14':
      PIN_NUMBER='(0,0,0,0,0,0,0,0,0,0,0,K14,0,0)';
      PINUSE='POWER';
      NO_LOAD_CHECK='Both';
      NO_IO_CHECK='Both';
      NO_ASSERT_CHECK='TRUE';
      NO_DIR_CHECK='TRUE';
      ALLOW_CONNECT='TRUE';
    'GND_AA5':
      PIN_NUMBER='(0,0,0,0,0,0,0,0,0,0,0,AA5,0,0)';
      PINUSE='POWER';
      NO_LOAD_CHECK='Both';
      NO_IO_CHECK='Both';
      NO_ASSERT_CHECK='TRUE';
      NO_DIR_CHECK='TRUE';
      ALLOW_CONNECT='TRUE';
    'GND_L5':
      PIN_NUMBER='(0,0,0,0,0,0,0,0,0,0,0,L5,0,0)';
      PINUSE='POWER';
      NO_LOAD_CHECK='Both';
      NO_IO_CHECK='Both';
      NO_ASSERT_CHECK='TRUE';
      NO_DIR_CHECK='TRUE';
      ALLOW_CONNECT='TRUE';
    'GND_AA9':
      PIN_NUMBER='(0,0,0,0,0,0,0,0,0,0,0,AA9,0,0)';
      PINUSE='POWER';
      NO_LOAD_CHECK='Both';
      NO_IO_CHECK='Both';
      NO_ASSERT_CHECK='TRUE';
      NO_DIR_CHECK='TRUE';
      ALLOW_CONNECT='TRUE';
    'GND_M14':
      PIN_NUMBER='(0,0,0,0,0,0,0,0,0,0,0,M14,0,0)';
      PINUSE='POWER';
      NO_LOAD_CHECK='Both';
      NO_IO_CHECK='Both';
      NO_ASSERT_CHECK='TRUE';
      NO_DIR_CHECK='TRUE';
      ALLOW_CONNECT='TRUE';
    'GND_AB1':
      PIN_NUMBER='(0,0,0,0,0,0,0,0,0,0,0,AB1,0,0)';
      PINUSE='POWER';
      NO_LOAD_CHECK='Both';
      NO_IO_CHECK='Both';
      NO_ASSERT_CHECK='TRUE';
      NO_DIR_CHECK='TRUE';
      ALLOW_CONNECT='TRUE';
    'GND_N2':
      PIN_NUMBER='(0,0,0,0,0,0,0,0,0,0,0,N2,0,0)';
      PINUSE='POWER';
      NO_LOAD_CHECK='Both';
      NO_IO_CHECK='Both';
      NO_ASSERT_CHECK='TRUE';
      NO_DIR_CHECK='TRUE';
      ALLOW_CONNECT='TRUE';
    'GND_AB22':
      PIN_NUMBER='(0,0,0,0,0,0,0,0,0,0,0,AB22,0,0)';
      PINUSE='POWER';
      NO_LOAD_CHECK='Both';
      NO_IO_CHECK='Both';
      NO_ASSERT_CHECK='TRUE';
      NO_DIR_CHECK='TRUE';
      ALLOW_CONNECT='TRUE';
    'GND_P14':
      PIN_NUMBER='(0,0,0,0,0,0,0,0,0,0,0,P14,0,0)';
      PINUSE='POWER';
      NO_LOAD_CHECK='Both';
      NO_IO_CHECK='Both';
      NO_ASSERT_CHECK='TRUE';
      NO_DIR_CHECK='TRUE';
      ALLOW_CONNECT='TRUE';
    'GND_B13':
      PIN_NUMBER='(0,0,0,0,0,0,0,0,0,0,0,B13,0,0)';
      PINUSE='POWER';
      NO_LOAD_CHECK='Both';
      NO_IO_CHECK='Both';
      NO_ASSERT_CHECK='TRUE';
      NO_DIR_CHECK='TRUE';
      ALLOW_CONNECT='TRUE';
    'GND_U21':
      PIN_NUMBER='(0,0,0,0,0,0,0,0,0,0,0,U21,0,0)';
      PINUSE='POWER';
      NO_LOAD_CHECK='Both';
      NO_IO_CHECK='Both';
      NO_ASSERT_CHECK='TRUE';
      NO_DIR_CHECK='TRUE';
      ALLOW_CONNECT='TRUE';
    'GND_B17':
      PIN_NUMBER='(0,0,0,0,0,0,0,0,0,0,0,B17,0,0)';
      PINUSE='POWER';
      NO_LOAD_CHECK='Both';
      NO_IO_CHECK='Both';
      NO_ASSERT_CHECK='TRUE';
      NO_DIR_CHECK='TRUE';
      ALLOW_CONNECT='TRUE';
    'GND_V4':
      PIN_NUMBER='(0,0,0,0,0,0,0,0,0,0,0,V4,0,0)';
      PINUSE='POWER';
      NO_LOAD_CHECK='Both';
      NO_IO_CHECK='Both';
      NO_ASSERT_CHECK='TRUE';
      NO_DIR_CHECK='TRUE';
      ALLOW_CONNECT='TRUE';
    'GND_B5':
      PIN_NUMBER='(0,0,0,0,0,0,0,0,0,0,0,B5,0,0)';
      PINUSE='POWER';
      NO_LOAD_CHECK='Both';
      NO_IO_CHECK='Both';
      NO_ASSERT_CHECK='TRUE';
      NO_DIR_CHECK='TRUE';
      ALLOW_CONNECT='TRUE';
    'GND_J9':
      PIN_NUMBER='(0,0,0,0,0,0,0,0,0,0,0,J9,0,0)';
      PINUSE='POWER';
      NO_LOAD_CHECK='Both';
      NO_IO_CHECK='Both';
      NO_ASSERT_CHECK='TRUE';
      NO_DIR_CHECK='TRUE';
      ALLOW_CONNECT='TRUE';
    'GND_B9':
      PIN_NUMBER='(0,0,0,0,0,0,0,0,0,0,0,B9,0,0)';
      PINUSE='POWER';
      NO_LOAD_CHECK='Both';
      NO_IO_CHECK='Both';
      NO_ASSERT_CHECK='TRUE';
      NO_DIR_CHECK='TRUE';
      ALLOW_CONNECT='TRUE';
    'GND_K12':
      PIN_NUMBER='(0,0,0,0,0,0,0,0,0,0,0,K12,0,0)';
      PINUSE='POWER';
      NO_LOAD_CHECK='Both';
      NO_IO_CHECK='Both';
      NO_ASSERT_CHECK='TRUE';
      NO_DIR_CHECK='TRUE';
      ALLOW_CONNECT='TRUE';
    'GND_D18':
      PIN_NUMBER='(0,0,0,0,0,0,0,0,0,0,0,D18,0,0)';
      PINUSE='POWER';
      NO_LOAD_CHECK='Both';
      NO_IO_CHECK='Both';
      NO_ASSERT_CHECK='TRUE';
      NO_DIR_CHECK='TRUE';
      ALLOW_CONNECT='TRUE';
    'GND_L11':
      PIN_NUMBER='(0,0,0,0,0,0,0,0,0,0,0,L11,0,0)';
      PINUSE='POWER';
      NO_LOAD_CHECK='Both';
      NO_IO_CHECK='Both';
      NO_ASSERT_CHECK='TRUE';
      NO_DIR_CHECK='TRUE';
      ALLOW_CONNECT='TRUE';
    'GND_D4':
      PIN_NUMBER='(0,0,0,0,0,0,0,0,0,0,0,D4,0,0)';
      PINUSE='POWER';
      NO_LOAD_CHECK='Both';
      NO_IO_CHECK='Both';
      NO_ASSERT_CHECK='TRUE';
      NO_DIR_CHECK='TRUE';
      ALLOW_CONNECT='TRUE';
    'GND_L18':
      PIN_NUMBER='(0,0,0,0,0,0,0,0,0,0,0,L18,0,0)';
      PINUSE='POWER';
      NO_LOAD_CHECK='Both';
      NO_IO_CHECK='Both';
      NO_ASSERT_CHECK='TRUE';
      NO_DIR_CHECK='TRUE';
      ALLOW_CONNECT='TRUE';
    'GND_E11':
      PIN_NUMBER='(0,0,0,0,0,0,0,0,0,0,0,E11,0,0)';
      PINUSE='POWER';
      NO_LOAD_CHECK='Both';
      NO_IO_CHECK='Both';
      NO_ASSERT_CHECK='TRUE';
      NO_DIR_CHECK='TRUE';
      ALLOW_CONNECT='TRUE';
    'GND_L9':
      PIN_NUMBER='(0,0,0,0,0,0,0,0,0,0,0,L9,0,0)';
      PINUSE='POWER';
      NO_LOAD_CHECK='Both';
      NO_IO_CHECK='Both';
      NO_ASSERT_CHECK='TRUE';
      NO_DIR_CHECK='TRUE';
      ALLOW_CONNECT='TRUE';
    'GND_E15':
      PIN_NUMBER='(0,0,0,0,0,0,0,0,0,0,0,E15,0,0)';
      PINUSE='POWER';
      NO_LOAD_CHECK='Both';
      NO_IO_CHECK='Both';
      NO_ASSERT_CHECK='TRUE';
      NO_DIR_CHECK='TRUE';
      ALLOW_CONNECT='TRUE';
    'GND_M12':
      PIN_NUMBER='(0,0,0,0,0,0,0,0,0,0,0,M12,0,0)';
      PINUSE='POWER';
      NO_LOAD_CHECK='Both';
      NO_IO_CHECK='Both';
      NO_ASSERT_CHECK='TRUE';
      NO_DIR_CHECK='TRUE';
      ALLOW_CONNECT='TRUE';
    'GND_E2':
      PIN_NUMBER='(0,0,0,0,0,0,0,0,0,0,0,E2,0,0)';
      PINUSE='POWER';
      NO_LOAD_CHECK='Both';
      NO_IO_CHECK='Both';
      NO_ASSERT_CHECK='TRUE';
      NO_DIR_CHECK='TRUE';
      ALLOW_CONNECT='TRUE';
    'GND_N11':
      PIN_NUMBER='(0,0,0,0,0,0,0,0,0,0,0,N11,0,0)';
      PINUSE='POWER';
      NO_LOAD_CHECK='Both';
      NO_IO_CHECK='Both';
      NO_ASSERT_CHECK='TRUE';
      NO_DIR_CHECK='TRUE';
      ALLOW_CONNECT='TRUE';
    'GND_E21':
      PIN_NUMBER='(0,0,0,0,0,0,0,0,0,0,0,E21,0,0)';
      PINUSE='POWER';
      NO_LOAD_CHECK='Both';
      NO_IO_CHECK='Both';
      NO_ASSERT_CHECK='TRUE';
      NO_DIR_CHECK='TRUE';
      ALLOW_CONNECT='TRUE';
    'GND_N17':
      PIN_NUMBER='(0,0,0,0,0,0,0,0,0,0,0,N17,0,0)';
      PINUSE='POWER';
      NO_LOAD_CHECK='Both';
      NO_IO_CHECK='Both';
      NO_ASSERT_CHECK='TRUE';
      NO_DIR_CHECK='TRUE';
      ALLOW_CONNECT='TRUE';
    'GND_E7':
      PIN_NUMBER='(0,0,0,0,0,0,0,0,0,0,0,E7,0,0)';
      PINUSE='POWER';
      NO_LOAD_CHECK='Both';
      NO_IO_CHECK='Both';
      NO_ASSERT_CHECK='TRUE';
      NO_DIR_CHECK='TRUE';
      ALLOW_CONNECT='TRUE';
    'GND_N21':
      PIN_NUMBER='(0,0,0,0,0,0,0,0,0,0,0,N21,0,0)';
      PINUSE='POWER';
      NO_LOAD_CHECK='Both';
      NO_IO_CHECK='Both';
      NO_ASSERT_CHECK='TRUE';
      NO_DIR_CHECK='TRUE';
      ALLOW_CONNECT='TRUE';
    'GND_G18':
      PIN_NUMBER='(0,0,0,0,0,0,0,0,0,0,0,G18,0,0)';
      PINUSE='POWER';
      NO_LOAD_CHECK='Both';
      NO_IO_CHECK='Both';
      NO_ASSERT_CHECK='TRUE';
      NO_DIR_CHECK='TRUE';
      ALLOW_CONNECT='TRUE';
    'GND_P12':
      PIN_NUMBER='(0,0,0,0,0,0,0,0,0,0,0,P12,0,0)';
      PINUSE='POWER';
      NO_LOAD_CHECK='Both';
      NO_IO_CHECK='Both';
      NO_ASSERT_CHECK='TRUE';
      NO_DIR_CHECK='TRUE';
      ALLOW_CONNECT='TRUE';
    'GND_G5':
      PIN_NUMBER='(0,0,0,0,0,0,0,0,0,0,0,G5,0,0)';
      PINUSE='POWER';
      NO_LOAD_CHECK='Both';
      NO_IO_CHECK='Both';
      NO_ASSERT_CHECK='TRUE';
      NO_DIR_CHECK='TRUE';
      ALLOW_CONNECT='TRUE';
    'GND_R18':
      PIN_NUMBER='(0,0,0,0,0,0,0,0,0,0,0,R18,0,0)';
      PINUSE='POWER';
      NO_LOAD_CHECK='Both';
      NO_IO_CHECK='Both';
      NO_ASSERT_CHECK='TRUE';
      NO_DIR_CHECK='TRUE';
      ALLOW_CONNECT='TRUE';
    'GND_H7':
      PIN_NUMBER='(0,0,0,0,0,0,0,0,0,0,0,H7,0,0)';
      PINUSE='POWER';
      NO_LOAD_CHECK='Both';
      NO_IO_CHECK='Both';
      NO_ASSERT_CHECK='TRUE';
      NO_DIR_CHECK='TRUE';
      ALLOW_CONNECT='TRUE';
    'GND_U2':
      PIN_NUMBER='(0,0,0,0,0,0,0,0,0,0,0,U2,0,0)';
      PINUSE='POWER';
      NO_LOAD_CHECK='Both';
      NO_IO_CHECK='Both';
      NO_ASSERT_CHECK='TRUE';
      NO_DIR_CHECK='TRUE';
      ALLOW_CONNECT='TRUE';
    'GND_J11':
      PIN_NUMBER='(0,0,0,0,0,0,0,0,0,0,0,J11,0,0)';
      PINUSE='POWER';
      NO_LOAD_CHECK='Both';
      NO_IO_CHECK='Both';
      NO_ASSERT_CHECK='TRUE';
      NO_DIR_CHECK='TRUE';
      ALLOW_CONNECT='TRUE';
    'GND_U7':
      PIN_NUMBER='(0,0,0,0,0,0,0,0,0,0,0,0,U7,0)';
      PINUSE='POWER';
      NO_LOAD_CHECK='Both';
      NO_IO_CHECK='Both';
      NO_ASSERT_CHECK='TRUE';
      NO_DIR_CHECK='TRUE';
      ALLOW_CONNECT='TRUE';
    'GND_J13':
      PIN_NUMBER='(0,0,0,0,0,0,0,0,0,0,0,0,J13,0)';
      PINUSE='POWER';
      NO_LOAD_CHECK='Both';
      NO_IO_CHECK='Both';
      NO_ASSERT_CHECK='TRUE';
      NO_DIR_CHECK='TRUE';
      ALLOW_CONNECT='TRUE';
    'GND_V14':
      PIN_NUMBER='(0,0,0,0,0,0,0,0,0,0,0,0,V14,0)';
      PINUSE='POWER';
      NO_LOAD_CHECK='Both';
      NO_IO_CHECK='Both';
      NO_ASSERT_CHECK='TRUE';
      NO_DIR_CHECK='TRUE';
      ALLOW_CONNECT='TRUE';
    'GND_J15':
      PIN_NUMBER='(0,0,0,0,0,0,0,0,0,0,0,0,J15,0)';
      PINUSE='POWER';
      NO_LOAD_CHECK='Both';
      NO_IO_CHECK='Both';
      NO_ASSERT_CHECK='TRUE';
      NO_DIR_CHECK='TRUE';
      ALLOW_CONNECT='TRUE';
    'GND_W16':
      PIN_NUMBER='(0,0,0,0,0,0,0,0,0,0,0,0,W16,0)';
      PINUSE='POWER';
      NO_LOAD_CHECK='Both';
      NO_IO_CHECK='Both';
      NO_ASSERT_CHECK='TRUE';
      NO_DIR_CHECK='TRUE';
      ALLOW_CONNECT='TRUE';
    'GND_J2':
      PIN_NUMBER='(0,0,0,0,0,0,0,0,0,0,0,0,J2,0)';
      PINUSE='POWER';
      NO_LOAD_CHECK='Both';
      NO_IO_CHECK='Both';
      NO_ASSERT_CHECK='TRUE';
      NO_DIR_CHECK='TRUE';
      ALLOW_CONNECT='TRUE';
    'GND_W7':
      PIN_NUMBER='(0,0,0,0,0,0,0,0,0,0,0,0,W7,0)';
      PINUSE='POWER';
      NO_LOAD_CHECK='Both';
      NO_IO_CHECK='Both';
      NO_ASSERT_CHECK='TRUE';
      NO_DIR_CHECK='TRUE';
      ALLOW_CONNECT='TRUE';
    'GND_J21':
      PIN_NUMBER='(0,0,0,0,0,0,0,0,0,0,0,0,J21,0)';
      PINUSE='POWER';
      NO_LOAD_CHECK='Both';
      NO_IO_CHECK='Both';
      NO_ASSERT_CHECK='TRUE';
      NO_DIR_CHECK='TRUE';
      ALLOW_CONNECT='TRUE';
    'GND_N9':
      PIN_NUMBER='(0,0,0,0,0,0,0,0,0,0,0,0,N9,0)';
      PINUSE='POWER';
      NO_LOAD_CHECK='Both';
      NO_IO_CHECK='Both';
      NO_ASSERT_CHECK='TRUE';
      NO_DIR_CHECK='TRUE';
      ALLOW_CONNECT='TRUE';
    'NC'<1>:
      PIN_NUMBER='(0,0,0,0,0,0,0,0,0,0,0,0,0,R17)';
      PINUSE='POWER';
      NO_LOAD_CHECK='Both';
      NO_IO_CHECK='Both';
      NO_ASSERT_CHECK='TRUE';
      NO_DIR_CHECK='TRUE';
      ALLOW_CONNECT='TRUE';
    'NC'<2>:
      PIN_NUMBER='(0,0,0,0,0,0,0,0,0,0,0,0,0,P15)';
      PINUSE='POWER';
      NO_LOAD_CHECK='Both';
      NO_IO_CHECK='Both';
      NO_ASSERT_CHECK='TRUE';
      NO_DIR_CHECK='TRUE';
      ALLOW_CONNECT='TRUE';
    'NC'<3>:
      PIN_NUMBER='(0,0,0,0,0,0,0,0,0,0,0,0,0,D12)';
      PINUSE='POWER';
      NO_LOAD_CHECK='Both';
      NO_IO_CHECK='Both';
      NO_ASSERT_CHECK='TRUE';
      NO_DIR_CHECK='TRUE';
      ALLOW_CONNECT='TRUE';
    'NC'<4>:
      PIN_NUMBER='(0,0,0,0,0,0,0,0,0,0,0,0,0,E10)';
      PINUSE='POWER';
      NO_LOAD_CHECK='Both';
      NO_IO_CHECK='Both';
      NO_ASSERT_CHECK='TRUE';
      NO_DIR_CHECK='TRUE';
      ALLOW_CONNECT='TRUE';
    'NC'<5>:
      PIN_NUMBER='(0,0,0,0,0,0,0,0,0,0,0,0,0,E12)';
      PINUSE='POWER';
      NO_LOAD_CHECK='Both';
      NO_IO_CHECK='Both';
      NO_ASSERT_CHECK='TRUE';
      NO_DIR_CHECK='TRUE';
      ALLOW_CONNECT='TRUE';
    'NC'<6>:
      PIN_NUMBER='(0,0,0,0,0,0,0,0,0,0,0,0,0,E14)';
      PINUSE='POWER';
      NO_LOAD_CHECK='Both';
      NO_IO_CHECK='Both';
      NO_ASSERT_CHECK='TRUE';
      NO_DIR_CHECK='TRUE';
      ALLOW_CONNECT='TRUE';
    'NC'<7>:
      PIN_NUMBER='(0,0,0,0,0,0,0,0,0,0,0,0,0,E8)';
      PINUSE='POWER';
      NO_LOAD_CHECK='Both';
      NO_IO_CHECK='Both';
      NO_ASSERT_CHECK='TRUE';
      NO_DIR_CHECK='TRUE';
      ALLOW_CONNECT='TRUE';
    'NC'<8>:
      PIN_NUMBER='(0,0,0,0,0,0,0,0,0,0,0,0,0,F10)';
      PINUSE='POWER';
      NO_LOAD_CHECK='Both';
      NO_IO_CHECK='Both';
      NO_ASSERT_CHECK='TRUE';
      NO_DIR_CHECK='TRUE';
      ALLOW_CONNECT='TRUE';
    'NC'<9>:
      PIN_NUMBER='(0,0,0,0,0,0,0,0,0,0,0,0,0,F12)';
      PINUSE='POWER';
      NO_LOAD_CHECK='Both';
      NO_IO_CHECK='Both';
      NO_ASSERT_CHECK='TRUE';
      NO_DIR_CHECK='TRUE';
      ALLOW_CONNECT='TRUE';
    'NC'<10>:
      PIN_NUMBER='(0,0,0,0,0,0,0,0,0,0,0,0,0,F13)';
      PINUSE='POWER';
      NO_LOAD_CHECK='Both';
      NO_IO_CHECK='Both';
      NO_ASSERT_CHECK='TRUE';
      NO_DIR_CHECK='TRUE';
      ALLOW_CONNECT='TRUE';
    'NC'<11>:
      PIN_NUMBER='(0,0,0,0,0,0,0,0,0,0,0,0,0,F14)';
      PINUSE='POWER';
      NO_LOAD_CHECK='Both';
      NO_IO_CHECK='Both';
      NO_ASSERT_CHECK='TRUE';
      NO_DIR_CHECK='TRUE';
      ALLOW_CONNECT='TRUE';
    'NC'<12>:
      PIN_NUMBER='(0,0,0,0,0,0,0,0,0,0,0,0,0,F15)';
      PINUSE='POWER';
      NO_LOAD_CHECK='Both';
      NO_IO_CHECK='Both';
      NO_ASSERT_CHECK='TRUE';
      NO_DIR_CHECK='TRUE';
      ALLOW_CONNECT='TRUE';
    'NC'<13>:
      PIN_NUMBER='(0,0,0,0,0,0,0,0,0,0,0,0,0,F8)';
      PINUSE='POWER';
      NO_LOAD_CHECK='Both';
      NO_IO_CHECK='Both';
      NO_ASSERT_CHECK='TRUE';
      NO_DIR_CHECK='TRUE';
      ALLOW_CONNECT='TRUE';
    'NC'<14>:
      PIN_NUMBER='(0,0,0,0,0,0,0,0,0,0,0,0,0,F9)';
      PINUSE='POWER';
      NO_LOAD_CHECK='Both';
      NO_IO_CHECK='Both';
      NO_ASSERT_CHECK='TRUE';
      NO_DIR_CHECK='TRUE';
      ALLOW_CONNECT='TRUE';
    'NC'<15>:
      PIN_NUMBER='(0,0,0,0,0,0,0,0,0,0,0,0,0,G11)';
      PINUSE='POWER';
      NO_LOAD_CHECK='Both';
      NO_IO_CHECK='Both';
      NO_ASSERT_CHECK='TRUE';
      NO_DIR_CHECK='TRUE';
      ALLOW_CONNECT='TRUE';
    'NC'<16>:
      PIN_NUMBER='(0,0,0,0,0,0,0,0,0,0,0,0,0,G13)';
      PINUSE='POWER';
      NO_LOAD_CHECK='Both';
      NO_IO_CHECK='Both';
      NO_ASSERT_CHECK='TRUE';
      NO_DIR_CHECK='TRUE';
      ALLOW_CONNECT='TRUE';
    'NC'<17>:
      PIN_NUMBER='(0,0,0,0,0,0,0,0,0,0,0,0,0,G8)';
      PINUSE='POWER';
      NO_LOAD_CHECK='Both';
      NO_IO_CHECK='Both';
      NO_ASSERT_CHECK='TRUE';
      NO_DIR_CHECK='TRUE';
      ALLOW_CONNECT='TRUE';
    'NC'<18>:
      PIN_NUMBER='(0,0,0,0,0,0,0,0,0,0,0,0,0,G9)';
      PINUSE='POWER';
      NO_LOAD_CHECK='Both';
      NO_IO_CHECK='Both';
      NO_ASSERT_CHECK='TRUE';
      NO_DIR_CHECK='TRUE';
      ALLOW_CONNECT='TRUE';
    'NC'<19>:
      PIN_NUMBER='(0,0,0,0,0,0,0,0,0,0,0,0,0,H10)';
      PINUSE='POWER';
      NO_LOAD_CHECK='Both';
      NO_IO_CHECK='Both';
      NO_ASSERT_CHECK='TRUE';
      NO_DIR_CHECK='TRUE';
      ALLOW_CONNECT='TRUE';
    'NC'<20>:
      PIN_NUMBER='(0,0,0,0,0,0,0,0,0,0,0,0,0,H11)';
      PINUSE='POWER';
      NO_LOAD_CHECK='Both';
      NO_IO_CHECK='Both';
      NO_ASSERT_CHECK='TRUE';
      NO_DIR_CHECK='TRUE';
      ALLOW_CONNECT='TRUE';
    'NC'<21>:
      PIN_NUMBER='(0,0,0,0,0,0,0,0,0,0,0,0,0,H12)';
      PINUSE='POWER';
      NO_LOAD_CHECK='Both';
      NO_IO_CHECK='Both';
      NO_ASSERT_CHECK='TRUE';
      NO_DIR_CHECK='TRUE';
      ALLOW_CONNECT='TRUE';
    'NC'<22>:
      PIN_NUMBER='(0,0,0,0,0,0,0,0,0,0,0,0,0,H13)';
      PINUSE='POWER';
      NO_LOAD_CHECK='Both';
      NO_IO_CHECK='Both';
      NO_ASSERT_CHECK='TRUE';
      NO_DIR_CHECK='TRUE';
      ALLOW_CONNECT='TRUE';
    'NC'<23>:
      PIN_NUMBER='(0,0,0,0,0,0,0,0,0,0,0,0,0,H14)';
      PINUSE='POWER';
      NO_LOAD_CHECK='Both';
      NO_IO_CHECK='Both';
      NO_ASSERT_CHECK='TRUE';
      NO_DIR_CHECK='TRUE';
      ALLOW_CONNECT='TRUE';
    'NC'<24>:
      PIN_NUMBER='(0,0,0,0,0,0,0,0,0,0,0,0,0,P16)';
      PINUSE='POWER';
      NO_LOAD_CHECK='Both';
      NO_IO_CHECK='Both';
      NO_ASSERT_CHECK='TRUE';
      NO_DIR_CHECK='TRUE';
      ALLOW_CONNECT='TRUE';
    'NC'<25>:
      PIN_NUMBER='(0,0,0,0,0,0,0,0,0,0,0,0,0,D13)';
      PINUSE='POWER';
      NO_LOAD_CHECK='Both';
      NO_IO_CHECK='Both';
      NO_ASSERT_CHECK='TRUE';
      NO_DIR_CHECK='TRUE';
      ALLOW_CONNECT='TRUE';
  end_pin;
  body
    BODY_NAME='XC6SLX45FGG484';
    PART_NAME='XC6SLX45FGG484';
    PHYS_DES_PREFIX='U';
    CLASS='IC';
  end_body;
end_primitive;

END.
