FILE_TYPE=LIBRARY_PARTS;
primitive 'XC7Z020CLG484';
  pin
    'DONE_0':
      PIN_NUMBER='(T12,0,0,0,0,0,0,0,0,0,0,0,0,0,0)';
      PINUSE='UNSPEC';
      NO_LOAD_CHECK='Both';
      NO_IO_CHECK='Both';
      NO_ASSERT_CHECK='TRUE';
      NO_DIR_CHECK='TRUE';
      ALLOW_CONNECT='TRUE';
    'DXP_0':
      PIN_NUMBER='(N11,0,0,0,0,0,0,0,0,0,0,0,0,0,0)';
      PINUSE='UNSPEC';
      NO_LOAD_CHECK='Both';
      NO_IO_CHECK='Both';
      NO_ASSERT_CHECK='TRUE';
      NO_DIR_CHECK='TRUE';
      ALLOW_CONNECT='TRUE';
    'GNDADC_0':
      PIN_NUMBER='(K12,0,0,0,0,0,0,0,0,0,0,0,0,0,0)';
      PINUSE='UNSPEC';
      NO_LOAD_CHECK='Both';
      NO_IO_CHECK='Both';
      NO_ASSERT_CHECK='TRUE';
      NO_DIR_CHECK='TRUE';
      ALLOW_CONNECT='TRUE';
    'VCCADC_0':
      PIN_NUMBER='(K11,0,0,0,0,0,0,0,0,0,0,0,0,0,0)';
      PINUSE='UNSPEC';
      NO_LOAD_CHECK='Both';
      NO_IO_CHECK='Both';
      NO_ASSERT_CHECK='TRUE';
      NO_DIR_CHECK='TRUE';
      ALLOW_CONNECT='TRUE';
    'VREFP_0':
      PIN_NUMBER='(M11,0,0,0,0,0,0,0,0,0,0,0,0,0,0)';
      PINUSE='UNSPEC';
      NO_LOAD_CHECK='Both';
      NO_IO_CHECK='Both';
      NO_ASSERT_CHECK='TRUE';
      NO_DIR_CHECK='TRUE';
      ALLOW_CONNECT='TRUE';
    'VN_0':
      PIN_NUMBER='(M12,0,0,0,0,0,0,0,0,0,0,0,0,0,0)';
      PINUSE='UNSPEC';
      NO_LOAD_CHECK='Both';
      NO_IO_CHECK='Both';
      NO_ASSERT_CHECK='TRUE';
      NO_DIR_CHECK='TRUE';
      ALLOW_CONNECT='TRUE';
    'VCCBATT_0':
      PIN_NUMBER='(G9,0,0,0,0,0,0,0,0,0,0,0,0,0,0)';
      PINUSE='UNSPEC';
      NO_LOAD_CHECK='Both';
      NO_IO_CHECK='Both';
      NO_ASSERT_CHECK='TRUE';
      NO_DIR_CHECK='TRUE';
      ALLOW_CONNECT='TRUE';
    'TCK_0':
      PIN_NUMBER='(G11,0,0,0,0,0,0,0,0,0,0,0,0,0,0)';
      PINUSE='UNSPEC';
      NO_LOAD_CHECK='Both';
      NO_IO_CHECK='Both';
      NO_ASSERT_CHECK='TRUE';
      NO_DIR_CHECK='TRUE';
      ALLOW_CONNECT='TRUE';
    'DXN_0':
      PIN_NUMBER='(N12,0,0,0,0,0,0,0,0,0,0,0,0,0,0)';
      PINUSE='UNSPEC';
      NO_LOAD_CHECK='Both';
      NO_IO_CHECK='Both';
      NO_ASSERT_CHECK='TRUE';
      NO_DIR_CHECK='TRUE';
      ALLOW_CONNECT='TRUE';
    'VREFN_0':
      PIN_NUMBER='(L12,0,0,0,0,0,0,0,0,0,0,0,0,0,0)';
      PINUSE='UNSPEC';
      NO_LOAD_CHECK='Both';
      NO_IO_CHECK='Both';
      NO_ASSERT_CHECK='TRUE';
      NO_DIR_CHECK='TRUE';
      ALLOW_CONNECT='TRUE';
    'VP_0':
      PIN_NUMBER='(L11,0,0,0,0,0,0,0,0,0,0,0,0,0,0)';
      PINUSE='UNSPEC';
      NO_LOAD_CHECK='Both';
      NO_IO_CHECK='Both';
      NO_ASSERT_CHECK='TRUE';
      NO_DIR_CHECK='TRUE';
      ALLOW_CONNECT='TRUE';
    'RSVDGND':
      PIN_NUMBER='(G10,0,0,0,0,0,0,0,0,0,0,0,0,0,0)';
      PINUSE='UNSPEC';
      NO_LOAD_CHECK='Both';
      NO_IO_CHECK='Both';
      NO_ASSERT_CHECK='TRUE';
      NO_DIR_CHECK='TRUE';
      ALLOW_CONNECT='TRUE';
    'RSVDVCC3':
      PIN_NUMBER='(T10,0,0,0,0,0,0,0,0,0,0,0,0,0,0)';
      PINUSE='UNSPEC';
      NO_LOAD_CHECK='Both';
      NO_IO_CHECK='Both';
      NO_ASSERT_CHECK='TRUE';
      NO_DIR_CHECK='TRUE';
      ALLOW_CONNECT='TRUE';
    'RSVDVCC2':
      PIN_NUMBER='(T8,0,0,0,0,0,0,0,0,0,0,0,0,0,0)';
      PINUSE='UNSPEC';
      NO_LOAD_CHECK='Both';
      NO_IO_CHECK='Both';
      NO_ASSERT_CHECK='TRUE';
      NO_DIR_CHECK='TRUE';
      ALLOW_CONNECT='TRUE';
    'INIT_B_0':
      PIN_NUMBER='(T14,0,0,0,0,0,0,0,0,0,0,0,0,0,0)';
      PINUSE='UNSPEC';
      NO_LOAD_CHECK='Both';
      NO_IO_CHECK='Both';
      NO_ASSERT_CHECK='TRUE';
      NO_DIR_CHECK='TRUE';
      ALLOW_CONNECT='TRUE';
    'TDI_0':
      PIN_NUMBER='(H13,0,0,0,0,0,0,0,0,0,0,0,0,0,0)';
      PINUSE='UNSPEC';
      NO_LOAD_CHECK='Both';
      NO_IO_CHECK='Both';
      NO_ASSERT_CHECK='TRUE';
      NO_DIR_CHECK='TRUE';
      ALLOW_CONNECT='TRUE';
    'TDO_0':
      PIN_NUMBER='(G14,0,0,0,0,0,0,0,0,0,0,0,0,0,0)';
      PINUSE='UNSPEC';
      NO_LOAD_CHECK='Both';
      NO_IO_CHECK='Both';
      NO_ASSERT_CHECK='TRUE';
      NO_DIR_CHECK='TRUE';
      ALLOW_CONNECT='TRUE';
    'RSVDVCC1':
      PIN_NUMBER='(T7,0,0,0,0,0,0,0,0,0,0,0,0,0,0)';
      PINUSE='UNSPEC';
      NO_LOAD_CHECK='Both';
      NO_IO_CHECK='Both';
      NO_ASSERT_CHECK='TRUE';
      NO_DIR_CHECK='TRUE';
      ALLOW_CONNECT='TRUE';
    'CFGBVS_0':
      PIN_NUMBER='(T13,0,0,0,0,0,0,0,0,0,0,0,0,0,0)';
      PINUSE='UNSPEC';
      NO_LOAD_CHECK='Both';
      NO_IO_CHECK='Both';
      NO_ASSERT_CHECK='TRUE';
      NO_DIR_CHECK='TRUE';
      ALLOW_CONNECT='TRUE';
    'PROGRAM_B_0':
      PIN_NUMBER='(T11,0,0,0,0,0,0,0,0,0,0,0,0,0,0)';
      PINUSE='UNSPEC';
      NO_LOAD_CHECK='Both';
      NO_IO_CHECK='Both';
      NO_ASSERT_CHECK='TRUE';
      NO_DIR_CHECK='TRUE';
      ALLOW_CONNECT='TRUE';
    'TMS_0':
      PIN_NUMBER='(G12,0,0,0,0,0,0,0,0,0,0,0,0,0,0)';
      PINUSE='UNSPEC';
      NO_LOAD_CHECK='Both';
      NO_IO_CHECK='Both';
      NO_ASSERT_CHECK='TRUE';
      NO_DIR_CHECK='TRUE';
      ALLOW_CONNECT='TRUE';
    'VCCO_0_R12':
      PIN_NUMBER='(R12,0,0,0,0,0,0,0,0,0,0,0,0,0,0)';
      PINUSE='UNSPEC';
      NO_LOAD_CHECK='Both';
      NO_IO_CHECK='Both';
      NO_ASSERT_CHECK='TRUE';
      NO_DIR_CHECK='TRUE';
      ALLOW_CONNECT='TRUE';
    'IO_0_13':
      PIN_NUMBER='(0,R7,0,0,0,0,0,0,0,0,0,0,0,0,0)';
      PINUSE='UNSPEC';
      NO_LOAD_CHECK='Both';
      NO_IO_CHECK='Both';
      NO_ASSERT_CHECK='TRUE';
      NO_DIR_CHECK='TRUE';
      ALLOW_CONNECT='TRUE';
    'IO_L1P_T0_13':
      PIN_NUMBER='(0,V10,0,0,0,0,0,0,0,0,0,0,0,0,0)';
      PINUSE='UNSPEC';
      NO_LOAD_CHECK='Both';
      NO_IO_CHECK='Both';
      NO_ASSERT_CHECK='TRUE';
      NO_DIR_CHECK='TRUE';
      ALLOW_CONNECT='TRUE';
    'IO_L1N_T0_13':
      PIN_NUMBER='(0,V9,0,0,0,0,0,0,0,0,0,0,0,0,0)';
      PINUSE='UNSPEC';
      NO_LOAD_CHECK='Both';
      NO_IO_CHECK='Both';
      NO_ASSERT_CHECK='TRUE';
      NO_DIR_CHECK='TRUE';
      ALLOW_CONNECT='TRUE';
    'IO_L2P_T0_13':
      PIN_NUMBER='(0,V8,0,0,0,0,0,0,0,0,0,0,0,0,0)';
      PINUSE='UNSPEC';
      NO_LOAD_CHECK='Both';
      NO_IO_CHECK='Both';
      NO_ASSERT_CHECK='TRUE';
      NO_DIR_CHECK='TRUE';
      ALLOW_CONNECT='TRUE';
    'IO_L2N_T0_13':
      PIN_NUMBER='(0,W8,0,0,0,0,0,0,0,0,0,0,0,0,0)';
      PINUSE='UNSPEC';
      NO_LOAD_CHECK='Both';
      NO_IO_CHECK='Both';
      NO_ASSERT_CHECK='TRUE';
      NO_DIR_CHECK='TRUE';
      ALLOW_CONNECT='TRUE';
    'IO_L3P_T0_DQS_13':
      PIN_NUMBER='(0,W11,0,0,0,0,0,0,0,0,0,0,0,0,0)';
      PINUSE='UNSPEC';
      NO_LOAD_CHECK='Both';
      NO_IO_CHECK='Both';
      NO_ASSERT_CHECK='TRUE';
      NO_DIR_CHECK='TRUE';
      ALLOW_CONNECT='TRUE';
    'IO_L3N_T0_DQS_13':
      PIN_NUMBER='(0,W10,0,0,0,0,0,0,0,0,0,0,0,0,0)';
      PINUSE='UNSPEC';
      NO_LOAD_CHECK='Both';
      NO_IO_CHECK='Both';
      NO_ASSERT_CHECK='TRUE';
      NO_DIR_CHECK='TRUE';
      ALLOW_CONNECT='TRUE';
    'IO_L4P_T0_13':
      PIN_NUMBER='(0,V12,0,0,0,0,0,0,0,0,0,0,0,0,0)';
      PINUSE='UNSPEC';
      NO_LOAD_CHECK='Both';
      NO_IO_CHECK='Both';
      NO_ASSERT_CHECK='TRUE';
      NO_DIR_CHECK='TRUE';
      ALLOW_CONNECT='TRUE';
    'IO_L4N_T0_13':
      PIN_NUMBER='(0,W12,0,0,0,0,0,0,0,0,0,0,0,0,0)';
      PINUSE='UNSPEC';
      NO_LOAD_CHECK='Both';
      NO_IO_CHECK='Both';
      NO_ASSERT_CHECK='TRUE';
      NO_DIR_CHECK='TRUE';
      ALLOW_CONNECT='TRUE';
    'IO_L5P_T0_13':
      PIN_NUMBER='(0,U12,0,0,0,0,0,0,0,0,0,0,0,0,0)';
      PINUSE='UNSPEC';
      NO_LOAD_CHECK='Both';
      NO_IO_CHECK='Both';
      NO_ASSERT_CHECK='TRUE';
      NO_DIR_CHECK='TRUE';
      ALLOW_CONNECT='TRUE';
    'IO_L5N_T0_13':
      PIN_NUMBER='(0,U11,0,0,0,0,0,0,0,0,0,0,0,0,0)';
      PINUSE='UNSPEC';
      NO_LOAD_CHECK='Both';
      NO_IO_CHECK='Both';
      NO_ASSERT_CHECK='TRUE';
      NO_DIR_CHECK='TRUE';
      ALLOW_CONNECT='TRUE';
    'IO_L6P_T0_13':
      PIN_NUMBER='(0,U10,0,0,0,0,0,0,0,0,0,0,0,0,0)';
      PINUSE='UNSPEC';
      NO_LOAD_CHECK='Both';
      NO_IO_CHECK='Both';
      NO_ASSERT_CHECK='TRUE';
      NO_DIR_CHECK='TRUE';
      ALLOW_CONNECT='TRUE';
    'IO_L6N_T0_VREF_13':
      PIN_NUMBER='(0,U9,0,0,0,0,0,0,0,0,0,0,0,0,0)';
      PINUSE='UNSPEC';
      NO_LOAD_CHECK='Both';
      NO_IO_CHECK='Both';
      NO_ASSERT_CHECK='TRUE';
      NO_DIR_CHECK='TRUE';
      ALLOW_CONNECT='TRUE';
    'IO_L7P_T1_13':
      PIN_NUMBER='(0,AA12,0,0,0,0,0,0,0,0,0,0,0,0,0)';
      PINUSE='UNSPEC';
      NO_LOAD_CHECK='Both';
      NO_IO_CHECK='Both';
      NO_ASSERT_CHECK='TRUE';
      NO_DIR_CHECK='TRUE';
      ALLOW_CONNECT='TRUE';
    'IO_L7N_T1_13':
      PIN_NUMBER='(0,AB12,0,0,0,0,0,0,0,0,0,0,0,0,0)';
      PINUSE='UNSPEC';
      NO_LOAD_CHECK='Both';
      NO_IO_CHECK='Both';
      NO_ASSERT_CHECK='TRUE';
      NO_DIR_CHECK='TRUE';
      ALLOW_CONNECT='TRUE';
    'IO_L8P_T1_13':
      PIN_NUMBER='(0,AA11,0,0,0,0,0,0,0,0,0,0,0,0,0)';
      PINUSE='UNSPEC';
      NO_LOAD_CHECK='Both';
      NO_IO_CHECK='Both';
      NO_ASSERT_CHECK='TRUE';
      NO_DIR_CHECK='TRUE';
      ALLOW_CONNECT='TRUE';
    'IO_L8N_T1_13':
      PIN_NUMBER='(0,AB11,0,0,0,0,0,0,0,0,0,0,0,0,0)';
      PINUSE='UNSPEC';
      NO_LOAD_CHECK='Both';
      NO_IO_CHECK='Both';
      NO_ASSERT_CHECK='TRUE';
      NO_DIR_CHECK='TRUE';
      ALLOW_CONNECT='TRUE';
    'IO_L9P_T1_DQS_13':
      PIN_NUMBER='(0,AB10,0,0,0,0,0,0,0,0,0,0,0,0,0)';
      PINUSE='UNSPEC';
      NO_LOAD_CHECK='Both';
      NO_IO_CHECK='Both';
      NO_ASSERT_CHECK='TRUE';
      NO_DIR_CHECK='TRUE';
      ALLOW_CONNECT='TRUE';
    'IO_L9N_T1_DQS_13':
      PIN_NUMBER='(0,AB9,0,0,0,0,0,0,0,0,0,0,0,0,0)';
      PINUSE='UNSPEC';
      NO_LOAD_CHECK='Both';
      NO_IO_CHECK='Both';
      NO_ASSERT_CHECK='TRUE';
      NO_DIR_CHECK='TRUE';
      ALLOW_CONNECT='TRUE';
    'IO_L10P_T1_13':
      PIN_NUMBER='(0,Y11,0,0,0,0,0,0,0,0,0,0,0,0,0)';
      PINUSE='UNSPEC';
      NO_LOAD_CHECK='Both';
      NO_IO_CHECK='Both';
      NO_ASSERT_CHECK='TRUE';
      NO_DIR_CHECK='TRUE';
      ALLOW_CONNECT='TRUE';
    'IO_L10N_T1_13':
      PIN_NUMBER='(0,Y10,0,0,0,0,0,0,0,0,0,0,0,0,0)';
      PINUSE='UNSPEC';
      NO_LOAD_CHECK='Both';
      NO_IO_CHECK='Both';
      NO_ASSERT_CHECK='TRUE';
      NO_DIR_CHECK='TRUE';
      ALLOW_CONNECT='TRUE';
    'IO_L11P_T1_SRCC_13':
      PIN_NUMBER='(0,AA9,0,0,0,0,0,0,0,0,0,0,0,0,0)';
      PINUSE='UNSPEC';
      NO_LOAD_CHECK='Both';
      NO_IO_CHECK='Both';
      NO_ASSERT_CHECK='TRUE';
      NO_DIR_CHECK='TRUE';
      ALLOW_CONNECT='TRUE';
    'IO_L11N_T1_SRCC_13':
      PIN_NUMBER='(0,AA8,0,0,0,0,0,0,0,0,0,0,0,0,0)';
      PINUSE='UNSPEC';
      NO_LOAD_CHECK='Both';
      NO_IO_CHECK='Both';
      NO_ASSERT_CHECK='TRUE';
      NO_DIR_CHECK='TRUE';
      ALLOW_CONNECT='TRUE';
    'IO_L12P_T1_MRCC_13':
      PIN_NUMBER='(0,Y9,0,0,0,0,0,0,0,0,0,0,0,0,0)';
      PINUSE='UNSPEC';
      NO_LOAD_CHECK='Both';
      NO_IO_CHECK='Both';
      NO_ASSERT_CHECK='TRUE';
      NO_DIR_CHECK='TRUE';
      ALLOW_CONNECT='TRUE';
    'IO_L12N_T1_MRCC_13':
      PIN_NUMBER='(0,Y8,0,0,0,0,0,0,0,0,0,0,0,0,0)';
      PINUSE='UNSPEC';
      NO_LOAD_CHECK='Both';
      NO_IO_CHECK='Both';
      NO_ASSERT_CHECK='TRUE';
      NO_DIR_CHECK='TRUE';
      ALLOW_CONNECT='TRUE';
    'IO_L13P_T2_MRCC_13':
      PIN_NUMBER='(0,Y6,0,0,0,0,0,0,0,0,0,0,0,0,0)';
      PINUSE='UNSPEC';
      NO_LOAD_CHECK='Both';
      NO_IO_CHECK='Both';
      NO_ASSERT_CHECK='TRUE';
      NO_DIR_CHECK='TRUE';
      ALLOW_CONNECT='TRUE';
    'IO_L13N_T2_MRCC_13':
      PIN_NUMBER='(0,Y5,0,0,0,0,0,0,0,0,0,0,0,0,0)';
      PINUSE='UNSPEC';
      NO_LOAD_CHECK='Both';
      NO_IO_CHECK='Both';
      NO_ASSERT_CHECK='TRUE';
      NO_DIR_CHECK='TRUE';
      ALLOW_CONNECT='TRUE';
    'IO_L14P_T2_SRCC_13':
      PIN_NUMBER='(0,AA7,0,0,0,0,0,0,0,0,0,0,0,0,0)';
      PINUSE='UNSPEC';
      NO_LOAD_CHECK='Both';
      NO_IO_CHECK='Both';
      NO_ASSERT_CHECK='TRUE';
      NO_DIR_CHECK='TRUE';
      ALLOW_CONNECT='TRUE';
    'IO_L14N_T2_SRCC_13':
      PIN_NUMBER='(0,AA6,0,0,0,0,0,0,0,0,0,0,0,0,0)';
      PINUSE='UNSPEC';
      NO_LOAD_CHECK='Both';
      NO_IO_CHECK='Both';
      NO_ASSERT_CHECK='TRUE';
      NO_DIR_CHECK='TRUE';
      ALLOW_CONNECT='TRUE';
    'IO_L15P_T2_DQS_13':
      PIN_NUMBER='(0,AB2,0,0,0,0,0,0,0,0,0,0,0,0,0)';
      PINUSE='UNSPEC';
      NO_LOAD_CHECK='Both';
      NO_IO_CHECK='Both';
      NO_ASSERT_CHECK='TRUE';
      NO_DIR_CHECK='TRUE';
      ALLOW_CONNECT='TRUE';
    'IO_L15N_T2_DQS_13':
      PIN_NUMBER='(0,AB1,0,0,0,0,0,0,0,0,0,0,0,0,0)';
      PINUSE='UNSPEC';
      NO_LOAD_CHECK='Both';
      NO_IO_CHECK='Both';
      NO_ASSERT_CHECK='TRUE';
      NO_DIR_CHECK='TRUE';
      ALLOW_CONNECT='TRUE';
    'IO_L16P_T2_13':
      PIN_NUMBER='(0,AB5,0,0,0,0,0,0,0,0,0,0,0,0,0)';
      PINUSE='UNSPEC';
      NO_LOAD_CHECK='Both';
      NO_IO_CHECK='Both';
      NO_ASSERT_CHECK='TRUE';
      NO_DIR_CHECK='TRUE';
      ALLOW_CONNECT='TRUE';
    'IO_L16N_T2_13':
      PIN_NUMBER='(0,AB4,0,0,0,0,0,0,0,0,0,0,0,0,0)';
      PINUSE='UNSPEC';
      NO_LOAD_CHECK='Both';
      NO_IO_CHECK='Both';
      NO_ASSERT_CHECK='TRUE';
      NO_DIR_CHECK='TRUE';
      ALLOW_CONNECT='TRUE';
    'IO_L17P_T2_13':
      PIN_NUMBER='(0,AB7,0,0,0,0,0,0,0,0,0,0,0,0,0)';
      PINUSE='UNSPEC';
      NO_LOAD_CHECK='Both';
      NO_IO_CHECK='Both';
      NO_ASSERT_CHECK='TRUE';
      NO_DIR_CHECK='TRUE';
      ALLOW_CONNECT='TRUE';
    'IO_L17N_T2_13':
      PIN_NUMBER='(0,AB6,0,0,0,0,0,0,0,0,0,0,0,0,0)';
      PINUSE='UNSPEC';
      NO_LOAD_CHECK='Both';
      NO_IO_CHECK='Both';
      NO_ASSERT_CHECK='TRUE';
      NO_DIR_CHECK='TRUE';
      ALLOW_CONNECT='TRUE';
    'IO_L18P_T2_13':
      PIN_NUMBER='(0,Y4,0,0,0,0,0,0,0,0,0,0,0,0,0)';
      PINUSE='UNSPEC';
      NO_LOAD_CHECK='Both';
      NO_IO_CHECK='Both';
      NO_ASSERT_CHECK='TRUE';
      NO_DIR_CHECK='TRUE';
      ALLOW_CONNECT='TRUE';
    'IO_L18N_T2_13':
      PIN_NUMBER='(0,AA4,0,0,0,0,0,0,0,0,0,0,0,0,0)';
      PINUSE='UNSPEC';
      NO_LOAD_CHECK='Both';
      NO_IO_CHECK='Both';
      NO_ASSERT_CHECK='TRUE';
      NO_DIR_CHECK='TRUE';
      ALLOW_CONNECT='TRUE';
    'IO_L19P_T3_13':
      PIN_NUMBER='(0,R6,0,0,0,0,0,0,0,0,0,0,0,0,0)';
      PINUSE='UNSPEC';
      NO_LOAD_CHECK='Both';
      NO_IO_CHECK='Both';
      NO_ASSERT_CHECK='TRUE';
      NO_DIR_CHECK='TRUE';
      ALLOW_CONNECT='TRUE';
    'IO_L19N_T3_VREF_13':
      PIN_NUMBER='(0,T6,0,0,0,0,0,0,0,0,0,0,0,0,0)';
      PINUSE='UNSPEC';
      NO_LOAD_CHECK='Both';
      NO_IO_CHECK='Both';
      NO_ASSERT_CHECK='TRUE';
      NO_DIR_CHECK='TRUE';
      ALLOW_CONNECT='TRUE';
    'IO_L20P_T3_13':
      PIN_NUMBER='(0,T4,0,0,0,0,0,0,0,0,0,0,0,0,0)';
      PINUSE='UNSPEC';
      NO_LOAD_CHECK='Both';
      NO_IO_CHECK='Both';
      NO_ASSERT_CHECK='TRUE';
      NO_DIR_CHECK='TRUE';
      ALLOW_CONNECT='TRUE';
    'IO_L20N_T3_13':
      PIN_NUMBER='(0,U4,0,0,0,0,0,0,0,0,0,0,0,0,0)';
      PINUSE='UNSPEC';
      NO_LOAD_CHECK='Both';
      NO_IO_CHECK='Both';
      NO_ASSERT_CHECK='TRUE';
      NO_DIR_CHECK='TRUE';
      ALLOW_CONNECT='TRUE';
    'IO_L21P_T3_DQS_13':
      PIN_NUMBER='(0,V5,0,0,0,0,0,0,0,0,0,0,0,0,0)';
      PINUSE='UNSPEC';
      NO_LOAD_CHECK='Both';
      NO_IO_CHECK='Both';
      NO_ASSERT_CHECK='TRUE';
      NO_DIR_CHECK='TRUE';
      ALLOW_CONNECT='TRUE';
    'IO_L21N_T3_DQS_13':
      PIN_NUMBER='(0,V4,0,0,0,0,0,0,0,0,0,0,0,0,0)';
      PINUSE='UNSPEC';
      NO_LOAD_CHECK='Both';
      NO_IO_CHECK='Both';
      NO_ASSERT_CHECK='TRUE';
      NO_DIR_CHECK='TRUE';
      ALLOW_CONNECT='TRUE';
    'IO_L22P_T3_13':
      PIN_NUMBER='(0,U6,0,0,0,0,0,0,0,0,0,0,0,0,0)';
      PINUSE='UNSPEC';
      NO_LOAD_CHECK='Both';
      NO_IO_CHECK='Both';
      NO_ASSERT_CHECK='TRUE';
      NO_DIR_CHECK='TRUE';
      ALLOW_CONNECT='TRUE';
    'IO_L22N_T3_13':
      PIN_NUMBER='(0,U5,0,0,0,0,0,0,0,0,0,0,0,0,0)';
      PINUSE='UNSPEC';
      NO_LOAD_CHECK='Both';
      NO_IO_CHECK='Both';
      NO_ASSERT_CHECK='TRUE';
      NO_DIR_CHECK='TRUE';
      ALLOW_CONNECT='TRUE';
    'IO_L23P_T3_13':
      PIN_NUMBER='(0,V7,0,0,0,0,0,0,0,0,0,0,0,0,0)';
      PINUSE='UNSPEC';
      NO_LOAD_CHECK='Both';
      NO_IO_CHECK='Both';
      NO_ASSERT_CHECK='TRUE';
      NO_DIR_CHECK='TRUE';
      ALLOW_CONNECT='TRUE';
    'IO_L23N_T3_13':
      PIN_NUMBER='(0,W7,0,0,0,0,0,0,0,0,0,0,0,0,0)';
      PINUSE='UNSPEC';
      NO_LOAD_CHECK='Both';
      NO_IO_CHECK='Both';
      NO_ASSERT_CHECK='TRUE';
      NO_DIR_CHECK='TRUE';
      ALLOW_CONNECT='TRUE';
    'IO_L24P_T3_13':
      PIN_NUMBER='(0,W6,0,0,0,0,0,0,0,0,0,0,0,0,0)';
      PINUSE='UNSPEC';
      NO_LOAD_CHECK='Both';
      NO_IO_CHECK='Both';
      NO_ASSERT_CHECK='TRUE';
      NO_DIR_CHECK='TRUE';
      ALLOW_CONNECT='TRUE';
    'IO_L24N_T3_13':
      PIN_NUMBER='(0,W5,0,0,0,0,0,0,0,0,0,0,0,0,0)';
      PINUSE='UNSPEC';
      NO_LOAD_CHECK='Both';
      NO_IO_CHECK='Both';
      NO_ASSERT_CHECK='TRUE';
      NO_DIR_CHECK='TRUE';
      ALLOW_CONNECT='TRUE';
    'IO_25_13':
      PIN_NUMBER='(0,U7,0,0,0,0,0,0,0,0,0,0,0,0,0)';
      PINUSE='UNSPEC';
      NO_LOAD_CHECK='Both';
      NO_IO_CHECK='Both';
      NO_ASSERT_CHECK='TRUE';
      NO_DIR_CHECK='TRUE';
      ALLOW_CONNECT='TRUE';
    'VCCO_13_AA10':
      PIN_NUMBER='(0,AA10,0,0,0,0,0,0,0,0,0,0,0,0,0)';
      PINUSE='UNSPEC';
      NO_LOAD_CHECK='Both';
      NO_IO_CHECK='Both';
      NO_ASSERT_CHECK='TRUE';
      NO_DIR_CHECK='TRUE';
      ALLOW_CONNECT='TRUE';
    'VCCO_13_AB3':
      PIN_NUMBER='(0,AB3,0,0,0,0,0,0,0,0,0,0,0,0,0)';
      PINUSE='UNSPEC';
      NO_LOAD_CHECK='Both';
      NO_IO_CHECK='Both';
      NO_ASSERT_CHECK='TRUE';
      NO_DIR_CHECK='TRUE';
      ALLOW_CONNECT='TRUE';
    'VCCO_13_T5':
      PIN_NUMBER='(0,T5,0,0,0,0,0,0,0,0,0,0,0,0,0)';
      PINUSE='UNSPEC';
      NO_LOAD_CHECK='Both';
      NO_IO_CHECK='Both';
      NO_ASSERT_CHECK='TRUE';
      NO_DIR_CHECK='TRUE';
      ALLOW_CONNECT='TRUE';
    'VCCO_13_U8':
      PIN_NUMBER='(0,U8,0,0,0,0,0,0,0,0,0,0,0,0,0)';
      PINUSE='UNSPEC';
      NO_LOAD_CHECK='Both';
      NO_IO_CHECK='Both';
      NO_ASSERT_CHECK='TRUE';
      NO_DIR_CHECK='TRUE';
      ALLOW_CONNECT='TRUE';
    'VCCO_13_V11':
      PIN_NUMBER='(0,V11,0,0,0,0,0,0,0,0,0,0,0,0,0)';
      PINUSE='UNSPEC';
      NO_LOAD_CHECK='Both';
      NO_IO_CHECK='Both';
      NO_ASSERT_CHECK='TRUE';
      NO_DIR_CHECK='TRUE';
      ALLOW_CONNECT='TRUE';
    'VCCO_13_W4':
      PIN_NUMBER='(0,W4,0,0,0,0,0,0,0,0,0,0,0,0,0)';
      PINUSE='UNSPEC';
      NO_LOAD_CHECK='Both';
      NO_IO_CHECK='Both';
      NO_ASSERT_CHECK='TRUE';
      NO_DIR_CHECK='TRUE';
      ALLOW_CONNECT='TRUE';
    'VCCO_13_Y7':
      PIN_NUMBER='(0,Y7,0,0,0,0,0,0,0,0,0,0,0,0,0)';
      PINUSE='UNSPEC';
      NO_LOAD_CHECK='Both';
      NO_IO_CHECK='Both';
      NO_ASSERT_CHECK='TRUE';
      NO_DIR_CHECK='TRUE';
      ALLOW_CONNECT='TRUE';
    'IO_0_33':
      PIN_NUMBER='(0,0,U19,0,0,0,0,0,0,0,0,0,0,0,0)';
      PINUSE='UNSPEC';
      NO_LOAD_CHECK='Both';
      NO_IO_CHECK='Both';
      NO_ASSERT_CHECK='TRUE';
      NO_DIR_CHECK='TRUE';
      ALLOW_CONNECT='TRUE';
    'IO_L1P_T0_33':
      PIN_NUMBER='(0,0,T21,0,0,0,0,0,0,0,0,0,0,0,0)';
      PINUSE='UNSPEC';
      NO_LOAD_CHECK='Both';
      NO_IO_CHECK='Both';
      NO_ASSERT_CHECK='TRUE';
      NO_DIR_CHECK='TRUE';
      ALLOW_CONNECT='TRUE';
    'IO_L1N_T0_33':
      PIN_NUMBER='(0,0,U21,0,0,0,0,0,0,0,0,0,0,0,0)';
      PINUSE='UNSPEC';
      NO_LOAD_CHECK='Both';
      NO_IO_CHECK='Both';
      NO_ASSERT_CHECK='TRUE';
      NO_DIR_CHECK='TRUE';
      ALLOW_CONNECT='TRUE';
    'IO_L2P_T0_33':
      PIN_NUMBER='(0,0,T22,0,0,0,0,0,0,0,0,0,0,0,0)';
      PINUSE='UNSPEC';
      NO_LOAD_CHECK='Both';
      NO_IO_CHECK='Both';
      NO_ASSERT_CHECK='TRUE';
      NO_DIR_CHECK='TRUE';
      ALLOW_CONNECT='TRUE';
    'IO_L2N_T0_33':
      PIN_NUMBER='(0,0,U22,0,0,0,0,0,0,0,0,0,0,0,0)';
      PINUSE='UNSPEC';
      NO_LOAD_CHECK='Both';
      NO_IO_CHECK='Both';
      NO_ASSERT_CHECK='TRUE';
      NO_DIR_CHECK='TRUE';
      ALLOW_CONNECT='TRUE';
    'IO_L3P_T0_DQS_33':
      PIN_NUMBER='(0,0,V22,0,0,0,0,0,0,0,0,0,0,0,0)';
      PINUSE='UNSPEC';
      NO_LOAD_CHECK='Both';
      NO_IO_CHECK='Both';
      NO_ASSERT_CHECK='TRUE';
      NO_DIR_CHECK='TRUE';
      ALLOW_CONNECT='TRUE';
    'IO_L3N_T0_DQS_33':
      PIN_NUMBER='(0,0,W22,0,0,0,0,0,0,0,0,0,0,0,0)';
      PINUSE='UNSPEC';
      NO_LOAD_CHECK='Both';
      NO_IO_CHECK='Both';
      NO_ASSERT_CHECK='TRUE';
      NO_DIR_CHECK='TRUE';
      ALLOW_CONNECT='TRUE';
    'IO_L4P_T0_33':
      PIN_NUMBER='(0,0,W20,0,0,0,0,0,0,0,0,0,0,0,0)';
      PINUSE='UNSPEC';
      NO_LOAD_CHECK='Both';
      NO_IO_CHECK='Both';
      NO_ASSERT_CHECK='TRUE';
      NO_DIR_CHECK='TRUE';
      ALLOW_CONNECT='TRUE';
    'IO_L4N_T0_33':
      PIN_NUMBER='(0,0,W21,0,0,0,0,0,0,0,0,0,0,0,0)';
      PINUSE='UNSPEC';
      NO_LOAD_CHECK='Both';
      NO_IO_CHECK='Both';
      NO_ASSERT_CHECK='TRUE';
      NO_DIR_CHECK='TRUE';
      ALLOW_CONNECT='TRUE';
    'IO_L5P_T0_33':
      PIN_NUMBER='(0,0,U20,0,0,0,0,0,0,0,0,0,0,0,0)';
      PINUSE='UNSPEC';
      NO_LOAD_CHECK='Both';
      NO_IO_CHECK='Both';
      NO_ASSERT_CHECK='TRUE';
      NO_DIR_CHECK='TRUE';
      ALLOW_CONNECT='TRUE';
    'IO_L5N_T0_33':
      PIN_NUMBER='(0,0,V20,0,0,0,0,0,0,0,0,0,0,0,0)';
      PINUSE='UNSPEC';
      NO_LOAD_CHECK='Both';
      NO_IO_CHECK='Both';
      NO_ASSERT_CHECK='TRUE';
      NO_DIR_CHECK='TRUE';
      ALLOW_CONNECT='TRUE';
    'IO_L6P_T0_33':
      PIN_NUMBER='(0,0,V18,0,0,0,0,0,0,0,0,0,0,0,0)';
      PINUSE='UNSPEC';
      NO_LOAD_CHECK='Both';
      NO_IO_CHECK='Both';
      NO_ASSERT_CHECK='TRUE';
      NO_DIR_CHECK='TRUE';
      ALLOW_CONNECT='TRUE';
    'IO_L6N_T0_VREF_33':
      PIN_NUMBER='(0,0,V19,0,0,0,0,0,0,0,0,0,0,0,0)';
      PINUSE='UNSPEC';
      NO_LOAD_CHECK='Both';
      NO_IO_CHECK='Both';
      NO_ASSERT_CHECK='TRUE';
      NO_DIR_CHECK='TRUE';
      ALLOW_CONNECT='TRUE';
    'IO_L7P_T1_33':
      PIN_NUMBER='(0,0,AA22,0,0,0,0,0,0,0,0,0,0,0,0)';
      PINUSE='UNSPEC';
      NO_LOAD_CHECK='Both';
      NO_IO_CHECK='Both';
      NO_ASSERT_CHECK='TRUE';
      NO_DIR_CHECK='TRUE';
      ALLOW_CONNECT='TRUE';
    'IO_L7N_T1_33':
      PIN_NUMBER='(0,0,AB22,0,0,0,0,0,0,0,0,0,0,0,0)';
      PINUSE='UNSPEC';
      NO_LOAD_CHECK='Both';
      NO_IO_CHECK='Both';
      NO_ASSERT_CHECK='TRUE';
      NO_DIR_CHECK='TRUE';
      ALLOW_CONNECT='TRUE';
    'IO_L8P_T1_33':
      PIN_NUMBER='(0,0,AA21,0,0,0,0,0,0,0,0,0,0,0,0)';
      PINUSE='UNSPEC';
      NO_LOAD_CHECK='Both';
      NO_IO_CHECK='Both';
      NO_ASSERT_CHECK='TRUE';
      NO_DIR_CHECK='TRUE';
      ALLOW_CONNECT='TRUE';
    'IO_L8N_T1_33':
      PIN_NUMBER='(0,0,AB21,0,0,0,0,0,0,0,0,0,0,0,0)';
      PINUSE='UNSPEC';
      NO_LOAD_CHECK='Both';
      NO_IO_CHECK='Both';
      NO_ASSERT_CHECK='TRUE';
      NO_DIR_CHECK='TRUE';
      ALLOW_CONNECT='TRUE';
    'IO_L9P_T1_DQS_33':
      PIN_NUMBER='(0,0,Y20,0,0,0,0,0,0,0,0,0,0,0,0)';
      PINUSE='UNSPEC';
      NO_LOAD_CHECK='Both';
      NO_IO_CHECK='Both';
      NO_ASSERT_CHECK='TRUE';
      NO_DIR_CHECK='TRUE';
      ALLOW_CONNECT='TRUE';
    'IO_L9N_T1_DQS_33':
      PIN_NUMBER='(0,0,Y21,0,0,0,0,0,0,0,0,0,0,0,0)';
      PINUSE='UNSPEC';
      NO_LOAD_CHECK='Both';
      NO_IO_CHECK='Both';
      NO_ASSERT_CHECK='TRUE';
      NO_DIR_CHECK='TRUE';
      ALLOW_CONNECT='TRUE';
    'IO_L10P_T1_33':
      PIN_NUMBER='(0,0,AB19,0,0,0,0,0,0,0,0,0,0,0,0)';
      PINUSE='UNSPEC';
      NO_LOAD_CHECK='Both';
      NO_IO_CHECK='Both';
      NO_ASSERT_CHECK='TRUE';
      NO_DIR_CHECK='TRUE';
      ALLOW_CONNECT='TRUE';
    'IO_L10N_T1_33':
      PIN_NUMBER='(0,0,AB20,0,0,0,0,0,0,0,0,0,0,0,0)';
      PINUSE='UNSPEC';
      NO_LOAD_CHECK='Both';
      NO_IO_CHECK='Both';
      NO_ASSERT_CHECK='TRUE';
      NO_DIR_CHECK='TRUE';
      ALLOW_CONNECT='TRUE';
    'IO_L11P_T1_SRCC_33':
      PIN_NUMBER='(0,0,Y19,0,0,0,0,0,0,0,0,0,0,0,0)';
      PINUSE='UNSPEC';
      NO_LOAD_CHECK='Both';
      NO_IO_CHECK='Both';
      NO_ASSERT_CHECK='TRUE';
      NO_DIR_CHECK='TRUE';
      ALLOW_CONNECT='TRUE';
    'IO_L11N_T1_SRCC_33':
      PIN_NUMBER='(0,0,AA19,0,0,0,0,0,0,0,0,0,0,0,0)';
      PINUSE='UNSPEC';
      NO_LOAD_CHECK='Both';
      NO_IO_CHECK='Both';
      NO_ASSERT_CHECK='TRUE';
      NO_DIR_CHECK='TRUE';
      ALLOW_CONNECT='TRUE';
    'IO_L12P_T1_MRCC_33':
      PIN_NUMBER='(0,0,Y18,0,0,0,0,0,0,0,0,0,0,0,0)';
      PINUSE='UNSPEC';
      NO_LOAD_CHECK='Both';
      NO_IO_CHECK='Both';
      NO_ASSERT_CHECK='TRUE';
      NO_DIR_CHECK='TRUE';
      ALLOW_CONNECT='TRUE';
    'IO_L12N_T1_MRCC_33':
      PIN_NUMBER='(0,0,AA18,0,0,0,0,0,0,0,0,0,0,0,0)';
      PINUSE='UNSPEC';
      NO_LOAD_CHECK='Both';
      NO_IO_CHECK='Both';
      NO_ASSERT_CHECK='TRUE';
      NO_DIR_CHECK='TRUE';
      ALLOW_CONNECT='TRUE';
    'IO_L13P_T2_MRCC_33':
      PIN_NUMBER='(0,0,W17,0,0,0,0,0,0,0,0,0,0,0,0)';
      PINUSE='UNSPEC';
      NO_LOAD_CHECK='Both';
      NO_IO_CHECK='Both';
      NO_ASSERT_CHECK='TRUE';
      NO_DIR_CHECK='TRUE';
      ALLOW_CONNECT='TRUE';
    'IO_L13N_T2_MRCC_33':
      PIN_NUMBER='(0,0,W18,0,0,0,0,0,0,0,0,0,0,0,0)';
      PINUSE='UNSPEC';
      NO_LOAD_CHECK='Both';
      NO_IO_CHECK='Both';
      NO_ASSERT_CHECK='TRUE';
      NO_DIR_CHECK='TRUE';
      ALLOW_CONNECT='TRUE';
    'IO_L14P_T2_SRCC_33':
      PIN_NUMBER='(0,0,W16,0,0,0,0,0,0,0,0,0,0,0,0)';
      PINUSE='UNSPEC';
      NO_LOAD_CHECK='Both';
      NO_IO_CHECK='Both';
      NO_ASSERT_CHECK='TRUE';
      NO_DIR_CHECK='TRUE';
      ALLOW_CONNECT='TRUE';
    'IO_L14N_T2_SRCC_33':
      PIN_NUMBER='(0,0,Y16,0,0,0,0,0,0,0,0,0,0,0,0)';
      PINUSE='UNSPEC';
      NO_LOAD_CHECK='Both';
      NO_IO_CHECK='Both';
      NO_ASSERT_CHECK='TRUE';
      NO_DIR_CHECK='TRUE';
      ALLOW_CONNECT='TRUE';
    'IO_L15P_T2_DQS_33':
      PIN_NUMBER='(0,0,U15,0,0,0,0,0,0,0,0,0,0,0,0)';
      PINUSE='UNSPEC';
      NO_LOAD_CHECK='Both';
      NO_IO_CHECK='Both';
      NO_ASSERT_CHECK='TRUE';
      NO_DIR_CHECK='TRUE';
      ALLOW_CONNECT='TRUE';
    'IO_L15N_T2_DQS_33':
      PIN_NUMBER='(0,0,U16,0,0,0,0,0,0,0,0,0,0,0,0)';
      PINUSE='UNSPEC';
      NO_LOAD_CHECK='Both';
      NO_IO_CHECK='Both';
      NO_ASSERT_CHECK='TRUE';
      NO_DIR_CHECK='TRUE';
      ALLOW_CONNECT='TRUE';
    'IO_L16P_T2_33':
      PIN_NUMBER='(0,0,U17,0,0,0,0,0,0,0,0,0,0,0,0)';
      PINUSE='UNSPEC';
      NO_LOAD_CHECK='Both';
      NO_IO_CHECK='Both';
      NO_ASSERT_CHECK='TRUE';
      NO_DIR_CHECK='TRUE';
      ALLOW_CONNECT='TRUE';
    'IO_L16N_T2_33':
      PIN_NUMBER='(0,0,V17,0,0,0,0,0,0,0,0,0,0,0,0)';
      PINUSE='UNSPEC';
      NO_LOAD_CHECK='Both';
      NO_IO_CHECK='Both';
      NO_ASSERT_CHECK='TRUE';
      NO_DIR_CHECK='TRUE';
      ALLOW_CONNECT='TRUE';
    'IO_L17P_T2_33':
      PIN_NUMBER='(0,0,AA17,0,0,0,0,0,0,0,0,0,0,0,0)';
      PINUSE='UNSPEC';
      NO_LOAD_CHECK='Both';
      NO_IO_CHECK='Both';
      NO_ASSERT_CHECK='TRUE';
      NO_DIR_CHECK='TRUE';
      ALLOW_CONNECT='TRUE';
    'IO_L17N_T2_33':
      PIN_NUMBER='(0,0,AB17,0,0,0,0,0,0,0,0,0,0,0,0)';
      PINUSE='UNSPEC';
      NO_LOAD_CHECK='Both';
      NO_IO_CHECK='Both';
      NO_ASSERT_CHECK='TRUE';
      NO_DIR_CHECK='TRUE';
      ALLOW_CONNECT='TRUE';
    'IO_L18P_T2_33':
      PIN_NUMBER='(0,0,AA16,0,0,0,0,0,0,0,0,0,0,0,0)';
      PINUSE='UNSPEC';
      NO_LOAD_CHECK='Both';
      NO_IO_CHECK='Both';
      NO_ASSERT_CHECK='TRUE';
      NO_DIR_CHECK='TRUE';
      ALLOW_CONNECT='TRUE';
    'IO_L18N_T2_33':
      PIN_NUMBER='(0,0,AB16,0,0,0,0,0,0,0,0,0,0,0,0)';
      PINUSE='UNSPEC';
      NO_LOAD_CHECK='Both';
      NO_IO_CHECK='Both';
      NO_ASSERT_CHECK='TRUE';
      NO_DIR_CHECK='TRUE';
      ALLOW_CONNECT='TRUE';
    'IO_L19P_T3_33':
      PIN_NUMBER='(0,0,V14,0,0,0,0,0,0,0,0,0,0,0,0)';
      PINUSE='UNSPEC';
      NO_LOAD_CHECK='Both';
      NO_IO_CHECK='Both';
      NO_ASSERT_CHECK='TRUE';
      NO_DIR_CHECK='TRUE';
      ALLOW_CONNECT='TRUE';
    'IO_L19N_T3_VREF_33':
      PIN_NUMBER='(0,0,V15,0,0,0,0,0,0,0,0,0,0,0,0)';
      PINUSE='UNSPEC';
      NO_LOAD_CHECK='Both';
      NO_IO_CHECK='Both';
      NO_ASSERT_CHECK='TRUE';
      NO_DIR_CHECK='TRUE';
      ALLOW_CONNECT='TRUE';
    'IO_L20P_T3_33':
      PIN_NUMBER='(0,0,V13,0,0,0,0,0,0,0,0,0,0,0,0)';
      PINUSE='UNSPEC';
      NO_LOAD_CHECK='Both';
      NO_IO_CHECK='Both';
      NO_ASSERT_CHECK='TRUE';
      NO_DIR_CHECK='TRUE';
      ALLOW_CONNECT='TRUE';
    'IO_L20N_T3_33':
      PIN_NUMBER='(0,0,W13,0,0,0,0,0,0,0,0,0,0,0,0)';
      PINUSE='UNSPEC';
      NO_LOAD_CHECK='Both';
      NO_IO_CHECK='Both';
      NO_ASSERT_CHECK='TRUE';
      NO_DIR_CHECK='TRUE';
      ALLOW_CONNECT='TRUE';
    'IO_L21P_T3_DQS_33':
      PIN_NUMBER='(0,0,W15,0,0,0,0,0,0,0,0,0,0,0,0)';
      PINUSE='UNSPEC';
      NO_LOAD_CHECK='Both';
      NO_IO_CHECK='Both';
      NO_ASSERT_CHECK='TRUE';
      NO_DIR_CHECK='TRUE';
      ALLOW_CONNECT='TRUE';
    'IO_L21N_T3_DQS_33':
      PIN_NUMBER='(0,0,Y15,0,0,0,0,0,0,0,0,0,0,0,0)';
      PINUSE='UNSPEC';
      NO_LOAD_CHECK='Both';
      NO_IO_CHECK='Both';
      NO_ASSERT_CHECK='TRUE';
      NO_DIR_CHECK='TRUE';
      ALLOW_CONNECT='TRUE';
    'IO_L22P_T3_33':
      PIN_NUMBER='(0,0,Y14,0,0,0,0,0,0,0,0,0,0,0,0)';
      PINUSE='UNSPEC';
      NO_LOAD_CHECK='Both';
      NO_IO_CHECK='Both';
      NO_ASSERT_CHECK='TRUE';
      NO_DIR_CHECK='TRUE';
      ALLOW_CONNECT='TRUE';
    'IO_L22N_T3_33':
      PIN_NUMBER='(0,0,AA14,0,0,0,0,0,0,0,0,0,0,0,0)';
      PINUSE='UNSPEC';
      NO_LOAD_CHECK='Both';
      NO_IO_CHECK='Both';
      NO_ASSERT_CHECK='TRUE';
      NO_DIR_CHECK='TRUE';
      ALLOW_CONNECT='TRUE';
    'IO_L23P_T3_33':
      PIN_NUMBER='(0,0,Y13,0,0,0,0,0,0,0,0,0,0,0,0)';
      PINUSE='UNSPEC';
      NO_LOAD_CHECK='Both';
      NO_IO_CHECK='Both';
      NO_ASSERT_CHECK='TRUE';
      NO_DIR_CHECK='TRUE';
      ALLOW_CONNECT='TRUE';
    'IO_L23N_T3_33':
      PIN_NUMBER='(0,0,AA13,0,0,0,0,0,0,0,0,0,0,0,0)';
      PINUSE='UNSPEC';
      NO_LOAD_CHECK='Both';
      NO_IO_CHECK='Both';
      NO_ASSERT_CHECK='TRUE';
      NO_DIR_CHECK='TRUE';
      ALLOW_CONNECT='TRUE';
    'IO_L24P_T3_33':
      PIN_NUMBER='(0,0,AB14,0,0,0,0,0,0,0,0,0,0,0,0)';
      PINUSE='UNSPEC';
      NO_LOAD_CHECK='Both';
      NO_IO_CHECK='Both';
      NO_ASSERT_CHECK='TRUE';
      NO_DIR_CHECK='TRUE';
      ALLOW_CONNECT='TRUE';
    'IO_L24N_T3_33':
      PIN_NUMBER='(0,0,AB15,0,0,0,0,0,0,0,0,0,0,0,0)';
      PINUSE='UNSPEC';
      NO_LOAD_CHECK='Both';
      NO_IO_CHECK='Both';
      NO_ASSERT_CHECK='TRUE';
      NO_DIR_CHECK='TRUE';
      ALLOW_CONNECT='TRUE';
    'IO_25_33':
      PIN_NUMBER='(0,0,U14,0,0,0,0,0,0,0,0,0,0,0,0)';
      PINUSE='UNSPEC';
      NO_LOAD_CHECK='Both';
      NO_IO_CHECK='Both';
      NO_ASSERT_CHECK='TRUE';
      NO_DIR_CHECK='TRUE';
      ALLOW_CONNECT='TRUE';
    'VCCO_33_AA20':
      PIN_NUMBER='(0,0,AA20,0,0,0,0,0,0,0,0,0,0,0,0)';
      PINUSE='UNSPEC';
      NO_LOAD_CHECK='Both';
      NO_IO_CHECK='Both';
      NO_ASSERT_CHECK='TRUE';
      NO_DIR_CHECK='TRUE';
      ALLOW_CONNECT='TRUE';
    'VCCO_33_AB13':
      PIN_NUMBER='(0,0,AB13,0,0,0,0,0,0,0,0,0,0,0,0)';
      PINUSE='UNSPEC';
      NO_LOAD_CHECK='Both';
      NO_IO_CHECK='Both';
      NO_ASSERT_CHECK='TRUE';
      NO_DIR_CHECK='TRUE';
      ALLOW_CONNECT='TRUE';
    'VCCO_33_U18':
      PIN_NUMBER='(0,0,U18,0,0,0,0,0,0,0,0,0,0,0,0)';
      PINUSE='UNSPEC';
      NO_LOAD_CHECK='Both';
      NO_IO_CHECK='Both';
      NO_ASSERT_CHECK='TRUE';
      NO_DIR_CHECK='TRUE';
      ALLOW_CONNECT='TRUE';
    'VCCO_33_V21':
      PIN_NUMBER='(0,0,V21,0,0,0,0,0,0,0,0,0,0,0,0)';
      PINUSE='UNSPEC';
      NO_LOAD_CHECK='Both';
      NO_IO_CHECK='Both';
      NO_ASSERT_CHECK='TRUE';
      NO_DIR_CHECK='TRUE';
      ALLOW_CONNECT='TRUE';
    'VCCO_33_W14':
      PIN_NUMBER='(0,0,W14,0,0,0,0,0,0,0,0,0,0,0,0)';
      PINUSE='UNSPEC';
      NO_LOAD_CHECK='Both';
      NO_IO_CHECK='Both';
      NO_ASSERT_CHECK='TRUE';
      NO_DIR_CHECK='TRUE';
      ALLOW_CONNECT='TRUE';
    'VCCO_33_Y17':
      PIN_NUMBER='(0,0,Y17,0,0,0,0,0,0,0,0,0,0,0,0)';
      PINUSE='UNSPEC';
      NO_LOAD_CHECK='Both';
      NO_IO_CHECK='Both';
      NO_ASSERT_CHECK='TRUE';
      NO_DIR_CHECK='TRUE';
      ALLOW_CONNECT='TRUE';
    'IO_0_34':
      PIN_NUMBER='(0,0,0,H15,0,0,0,0,0,0,0,0,0,0,0)';
      PINUSE='UNSPEC';
      NO_LOAD_CHECK='Both';
      NO_IO_CHECK='Both';
      NO_ASSERT_CHECK='TRUE';
      NO_DIR_CHECK='TRUE';
      ALLOW_CONNECT='TRUE';
    'IO_L1P_T0_34':
      PIN_NUMBER='(0,0,0,J15,0,0,0,0,0,0,0,0,0,0,0)';
      PINUSE='UNSPEC';
      NO_LOAD_CHECK='Both';
      NO_IO_CHECK='Both';
      NO_ASSERT_CHECK='TRUE';
      NO_DIR_CHECK='TRUE';
      ALLOW_CONNECT='TRUE';
    'IO_L1N_T0_34':
      PIN_NUMBER='(0,0,0,K15,0,0,0,0,0,0,0,0,0,0,0)';
      PINUSE='UNSPEC';
      NO_LOAD_CHECK='Both';
      NO_IO_CHECK='Both';
      NO_ASSERT_CHECK='TRUE';
      NO_DIR_CHECK='TRUE';
      ALLOW_CONNECT='TRUE';
    'IO_L2P_T0_34':
      PIN_NUMBER='(0,0,0,J16,0,0,0,0,0,0,0,0,0,0,0)';
      PINUSE='UNSPEC';
      NO_LOAD_CHECK='Both';
      NO_IO_CHECK='Both';
      NO_ASSERT_CHECK='TRUE';
      NO_DIR_CHECK='TRUE';
      ALLOW_CONNECT='TRUE';
    'IO_L2N_T0_34':
      PIN_NUMBER='(0,0,0,J17,0,0,0,0,0,0,0,0,0,0,0)';
      PINUSE='UNSPEC';
      NO_LOAD_CHECK='Both';
      NO_IO_CHECK='Both';
      NO_ASSERT_CHECK='TRUE';
      NO_DIR_CHECK='TRUE';
      ALLOW_CONNECT='TRUE';
    'IO_L3P_T0_DQS_PUDC_B_34':
      PIN_NUMBER='(0,0,0,K16,0,0,0,0,0,0,0,0,0,0,0)';
      PINUSE='UNSPEC';
      NO_LOAD_CHECK='Both';
      NO_IO_CHECK='Both';
      NO_ASSERT_CHECK='TRUE';
      NO_DIR_CHECK='TRUE';
      ALLOW_CONNECT='TRUE';
    'IO_L3N_T0_DQS_34':
      PIN_NUMBER='(0,0,0,L16,0,0,0,0,0,0,0,0,0,0,0)';
      PINUSE='UNSPEC';
      NO_LOAD_CHECK='Both';
      NO_IO_CHECK='Both';
      NO_ASSERT_CHECK='TRUE';
      NO_DIR_CHECK='TRUE';
      ALLOW_CONNECT='TRUE';
    'IO_L4P_T0_34':
      PIN_NUMBER='(0,0,0,L17,0,0,0,0,0,0,0,0,0,0,0)';
      PINUSE='UNSPEC';
      NO_LOAD_CHECK='Both';
      NO_IO_CHECK='Both';
      NO_ASSERT_CHECK='TRUE';
      NO_DIR_CHECK='TRUE';
      ALLOW_CONNECT='TRUE';
    'IO_L4N_T0_34':
      PIN_NUMBER='(0,0,0,M17,0,0,0,0,0,0,0,0,0,0,0)';
      PINUSE='UNSPEC';
      NO_LOAD_CHECK='Both';
      NO_IO_CHECK='Both';
      NO_ASSERT_CHECK='TRUE';
      NO_DIR_CHECK='TRUE';
      ALLOW_CONNECT='TRUE';
    'IO_L5P_T0_34':
      PIN_NUMBER='(0,0,0,N17,0,0,0,0,0,0,0,0,0,0,0)';
      PINUSE='UNSPEC';
      NO_LOAD_CHECK='Both';
      NO_IO_CHECK='Both';
      NO_ASSERT_CHECK='TRUE';
      NO_DIR_CHECK='TRUE';
      ALLOW_CONNECT='TRUE';
    'IO_L5N_T0_34':
      PIN_NUMBER='(0,0,0,N18,0,0,0,0,0,0,0,0,0,0,0)';
      PINUSE='UNSPEC';
      NO_LOAD_CHECK='Both';
      NO_IO_CHECK='Both';
      NO_ASSERT_CHECK='TRUE';
      NO_DIR_CHECK='TRUE';
      ALLOW_CONNECT='TRUE';
    'IO_L6P_T0_34':
      PIN_NUMBER='(0,0,0,M15,0,0,0,0,0,0,0,0,0,0,0)';
      PINUSE='UNSPEC';
      NO_LOAD_CHECK='Both';
      NO_IO_CHECK='Both';
      NO_ASSERT_CHECK='TRUE';
      NO_DIR_CHECK='TRUE';
      ALLOW_CONNECT='TRUE';
    'IO_L6N_T0_VREF_34':
      PIN_NUMBER='(0,0,0,M16,0,0,0,0,0,0,0,0,0,0,0)';
      PINUSE='UNSPEC';
      NO_LOAD_CHECK='Both';
      NO_IO_CHECK='Both';
      NO_ASSERT_CHECK='TRUE';
      NO_DIR_CHECK='TRUE';
      ALLOW_CONNECT='TRUE';
    'IO_L7P_T1_34':
      PIN_NUMBER='(0,0,0,J18,0,0,0,0,0,0,0,0,0,0,0)';
      PINUSE='UNSPEC';
      NO_LOAD_CHECK='Both';
      NO_IO_CHECK='Both';
      NO_ASSERT_CHECK='TRUE';
      NO_DIR_CHECK='TRUE';
      ALLOW_CONNECT='TRUE';
    'IO_L7N_T1_34':
      PIN_NUMBER='(0,0,0,K18,0,0,0,0,0,0,0,0,0,0,0)';
      PINUSE='UNSPEC';
      NO_LOAD_CHECK='Both';
      NO_IO_CHECK='Both';
      NO_ASSERT_CHECK='TRUE';
      NO_DIR_CHECK='TRUE';
      ALLOW_CONNECT='TRUE';
    'IO_L8P_T1_34':
      PIN_NUMBER='(0,0,0,J21,0,0,0,0,0,0,0,0,0,0,0)';
      PINUSE='UNSPEC';
      NO_LOAD_CHECK='Both';
      NO_IO_CHECK='Both';
      NO_ASSERT_CHECK='TRUE';
      NO_DIR_CHECK='TRUE';
      ALLOW_CONNECT='TRUE';
    'IO_L8N_T1_34':
      PIN_NUMBER='(0,0,0,J22,0,0,0,0,0,0,0,0,0,0,0)';
      PINUSE='UNSPEC';
      NO_LOAD_CHECK='Both';
      NO_IO_CHECK='Both';
      NO_ASSERT_CHECK='TRUE';
      NO_DIR_CHECK='TRUE';
      ALLOW_CONNECT='TRUE';
    'IO_L9P_T1_DQS_34':
      PIN_NUMBER='(0,0,0,J20,0,0,0,0,0,0,0,0,0,0,0)';
      PINUSE='UNSPEC';
      NO_LOAD_CHECK='Both';
      NO_IO_CHECK='Both';
      NO_ASSERT_CHECK='TRUE';
      NO_DIR_CHECK='TRUE';
      ALLOW_CONNECT='TRUE';
    'IO_L9N_T1_DQS_34':
      PIN_NUMBER='(0,0,0,K21,0,0,0,0,0,0,0,0,0,0,0)';
      PINUSE='UNSPEC';
      NO_LOAD_CHECK='Both';
      NO_IO_CHECK='Both';
      NO_ASSERT_CHECK='TRUE';
      NO_DIR_CHECK='TRUE';
      ALLOW_CONNECT='TRUE';
    'IO_L10P_T1_34':
      PIN_NUMBER='(0,0,0,L21,0,0,0,0,0,0,0,0,0,0,0)';
      PINUSE='UNSPEC';
      NO_LOAD_CHECK='Both';
      NO_IO_CHECK='Both';
      NO_ASSERT_CHECK='TRUE';
      NO_DIR_CHECK='TRUE';
      ALLOW_CONNECT='TRUE';
    'IO_L10N_T1_34':
      PIN_NUMBER='(0,0,0,L22,0,0,0,0,0,0,0,0,0,0,0)';
      PINUSE='UNSPEC';
      NO_LOAD_CHECK='Both';
      NO_IO_CHECK='Both';
      NO_ASSERT_CHECK='TRUE';
      NO_DIR_CHECK='TRUE';
      ALLOW_CONNECT='TRUE';
    'IO_L11P_T1_SRCC_34':
      PIN_NUMBER='(0,0,0,K19,0,0,0,0,0,0,0,0,0,0,0)';
      PINUSE='UNSPEC';
      NO_LOAD_CHECK='Both';
      NO_IO_CHECK='Both';
      NO_ASSERT_CHECK='TRUE';
      NO_DIR_CHECK='TRUE';
      ALLOW_CONNECT='TRUE';
    'IO_L11N_T1_SRCC_34':
      PIN_NUMBER='(0,0,0,K20,0,0,0,0,0,0,0,0,0,0,0)';
      PINUSE='UNSPEC';
      NO_LOAD_CHECK='Both';
      NO_IO_CHECK='Both';
      NO_ASSERT_CHECK='TRUE';
      NO_DIR_CHECK='TRUE';
      ALLOW_CONNECT='TRUE';
    'IO_L12P_T1_MRCC_34':
      PIN_NUMBER='(0,0,0,L18,0,0,0,0,0,0,0,0,0,0,0)';
      PINUSE='UNSPEC';
      NO_LOAD_CHECK='Both';
      NO_IO_CHECK='Both';
      NO_ASSERT_CHECK='TRUE';
      NO_DIR_CHECK='TRUE';
      ALLOW_CONNECT='TRUE';
    'IO_L12N_T1_MRCC_34':
      PIN_NUMBER='(0,0,0,L19,0,0,0,0,0,0,0,0,0,0,0)';
      PINUSE='UNSPEC';
      NO_LOAD_CHECK='Both';
      NO_IO_CHECK='Both';
      NO_ASSERT_CHECK='TRUE';
      NO_DIR_CHECK='TRUE';
      ALLOW_CONNECT='TRUE';
    'IO_L13P_T2_MRCC_34':
      PIN_NUMBER='(0,0,0,M19,0,0,0,0,0,0,0,0,0,0,0)';
      PINUSE='UNSPEC';
      NO_LOAD_CHECK='Both';
      NO_IO_CHECK='Both';
      NO_ASSERT_CHECK='TRUE';
      NO_DIR_CHECK='TRUE';
      ALLOW_CONNECT='TRUE';
    'IO_L13N_T2_MRCC_34':
      PIN_NUMBER='(0,0,0,M20,0,0,0,0,0,0,0,0,0,0,0)';
      PINUSE='UNSPEC';
      NO_LOAD_CHECK='Both';
      NO_IO_CHECK='Both';
      NO_ASSERT_CHECK='TRUE';
      NO_DIR_CHECK='TRUE';
      ALLOW_CONNECT='TRUE';
    'IO_L14P_T2_SRCC_34':
      PIN_NUMBER='(0,0,0,N19,0,0,0,0,0,0,0,0,0,0,0)';
      PINUSE='UNSPEC';
      NO_LOAD_CHECK='Both';
      NO_IO_CHECK='Both';
      NO_ASSERT_CHECK='TRUE';
      NO_DIR_CHECK='TRUE';
      ALLOW_CONNECT='TRUE';
    'IO_L14N_T2_SRCC_34':
      PIN_NUMBER='(0,0,0,N20,0,0,0,0,0,0,0,0,0,0,0)';
      PINUSE='UNSPEC';
      NO_LOAD_CHECK='Both';
      NO_IO_CHECK='Both';
      NO_ASSERT_CHECK='TRUE';
      NO_DIR_CHECK='TRUE';
      ALLOW_CONNECT='TRUE';
    'IO_L15P_T2_DQS_34':
      PIN_NUMBER='(0,0,0,M21,0,0,0,0,0,0,0,0,0,0,0)';
      PINUSE='UNSPEC';
      NO_LOAD_CHECK='Both';
      NO_IO_CHECK='Both';
      NO_ASSERT_CHECK='TRUE';
      NO_DIR_CHECK='TRUE';
      ALLOW_CONNECT='TRUE';
    'IO_L15N_T2_DQS_34':
      PIN_NUMBER='(0,0,0,M22,0,0,0,0,0,0,0,0,0,0,0)';
      PINUSE='UNSPEC';
      NO_LOAD_CHECK='Both';
      NO_IO_CHECK='Both';
      NO_ASSERT_CHECK='TRUE';
      NO_DIR_CHECK='TRUE';
      ALLOW_CONNECT='TRUE';
    'IO_L16P_T2_34':
      PIN_NUMBER='(0,0,0,N22,0,0,0,0,0,0,0,0,0,0,0)';
      PINUSE='UNSPEC';
      NO_LOAD_CHECK='Both';
      NO_IO_CHECK='Both';
      NO_ASSERT_CHECK='TRUE';
      NO_DIR_CHECK='TRUE';
      ALLOW_CONNECT='TRUE';
    'IO_L16N_T2_34':
      PIN_NUMBER='(0,0,0,P22,0,0,0,0,0,0,0,0,0,0,0)';
      PINUSE='UNSPEC';
      NO_LOAD_CHECK='Both';
      NO_IO_CHECK='Both';
      NO_ASSERT_CHECK='TRUE';
      NO_DIR_CHECK='TRUE';
      ALLOW_CONNECT='TRUE';
    'IO_L17P_T2_34':
      PIN_NUMBER='(0,0,0,R20,0,0,0,0,0,0,0,0,0,0,0)';
      PINUSE='UNSPEC';
      NO_LOAD_CHECK='Both';
      NO_IO_CHECK='Both';
      NO_ASSERT_CHECK='TRUE';
      NO_DIR_CHECK='TRUE';
      ALLOW_CONNECT='TRUE';
    'IO_L17N_T2_34':
      PIN_NUMBER='(0,0,0,R21,0,0,0,0,0,0,0,0,0,0,0)';
      PINUSE='UNSPEC';
      NO_LOAD_CHECK='Both';
      NO_IO_CHECK='Both';
      NO_ASSERT_CHECK='TRUE';
      NO_DIR_CHECK='TRUE';
      ALLOW_CONNECT='TRUE';
    'IO_L18P_T2_34':
      PIN_NUMBER='(0,0,0,P20,0,0,0,0,0,0,0,0,0,0,0)';
      PINUSE='UNSPEC';
      NO_LOAD_CHECK='Both';
      NO_IO_CHECK='Both';
      NO_ASSERT_CHECK='TRUE';
      NO_DIR_CHECK='TRUE';
      ALLOW_CONNECT='TRUE';
    'IO_L18N_T2_34':
      PIN_NUMBER='(0,0,0,P21,0,0,0,0,0,0,0,0,0,0,0)';
      PINUSE='UNSPEC';
      NO_LOAD_CHECK='Both';
      NO_IO_CHECK='Both';
      NO_ASSERT_CHECK='TRUE';
      NO_DIR_CHECK='TRUE';
      ALLOW_CONNECT='TRUE';
    'IO_L19P_T3_34':
      PIN_NUMBER='(0,0,0,N15,0,0,0,0,0,0,0,0,0,0,0)';
      PINUSE='UNSPEC';
      NO_LOAD_CHECK='Both';
      NO_IO_CHECK='Both';
      NO_ASSERT_CHECK='TRUE';
      NO_DIR_CHECK='TRUE';
      ALLOW_CONNECT='TRUE';
    'IO_L19N_T3_VREF_34':
      PIN_NUMBER='(0,0,0,P15,0,0,0,0,0,0,0,0,0,0,0)';
      PINUSE='UNSPEC';
      NO_LOAD_CHECK='Both';
      NO_IO_CHECK='Both';
      NO_ASSERT_CHECK='TRUE';
      NO_DIR_CHECK='TRUE';
      ALLOW_CONNECT='TRUE';
    'IO_L20P_T3_34':
      PIN_NUMBER='(0,0,0,P17,0,0,0,0,0,0,0,0,0,0,0)';
      PINUSE='UNSPEC';
      NO_LOAD_CHECK='Both';
      NO_IO_CHECK='Both';
      NO_ASSERT_CHECK='TRUE';
      NO_DIR_CHECK='TRUE';
      ALLOW_CONNECT='TRUE';
    'IO_L20N_T3_34':
      PIN_NUMBER='(0,0,0,P18,0,0,0,0,0,0,0,0,0,0,0)';
      PINUSE='UNSPEC';
      NO_LOAD_CHECK='Both';
      NO_IO_CHECK='Both';
      NO_ASSERT_CHECK='TRUE';
      NO_DIR_CHECK='TRUE';
      ALLOW_CONNECT='TRUE';
    'IO_L21P_T3_DQS_34':
      PIN_NUMBER='(0,0,0,T16,0,0,0,0,0,0,0,0,0,0,0)';
      PINUSE='UNSPEC';
      NO_LOAD_CHECK='Both';
      NO_IO_CHECK='Both';
      NO_ASSERT_CHECK='TRUE';
      NO_DIR_CHECK='TRUE';
      ALLOW_CONNECT='TRUE';
    'IO_L21N_T3_DQS_34':
      PIN_NUMBER='(0,0,0,T17,0,0,0,0,0,0,0,0,0,0,0)';
      PINUSE='UNSPEC';
      NO_LOAD_CHECK='Both';
      NO_IO_CHECK='Both';
      NO_ASSERT_CHECK='TRUE';
      NO_DIR_CHECK='TRUE';
      ALLOW_CONNECT='TRUE';
    'IO_L22P_T3_34':
      PIN_NUMBER='(0,0,0,R19,0,0,0,0,0,0,0,0,0,0,0)';
      PINUSE='UNSPEC';
      NO_LOAD_CHECK='Both';
      NO_IO_CHECK='Both';
      NO_ASSERT_CHECK='TRUE';
      NO_DIR_CHECK='TRUE';
      ALLOW_CONNECT='TRUE';
    'IO_L22N_T3_34':
      PIN_NUMBER='(0,0,0,T19,0,0,0,0,0,0,0,0,0,0,0)';
      PINUSE='UNSPEC';
      NO_LOAD_CHECK='Both';
      NO_IO_CHECK='Both';
      NO_ASSERT_CHECK='TRUE';
      NO_DIR_CHECK='TRUE';
      ALLOW_CONNECT='TRUE';
    'IO_L23P_T3_34':
      PIN_NUMBER='(0,0,0,R18,0,0,0,0,0,0,0,0,0,0,0)';
      PINUSE='UNSPEC';
      NO_LOAD_CHECK='Both';
      NO_IO_CHECK='Both';
      NO_ASSERT_CHECK='TRUE';
      NO_DIR_CHECK='TRUE';
      ALLOW_CONNECT='TRUE';
    'IO_L23N_T3_34':
      PIN_NUMBER='(0,0,0,T18,0,0,0,0,0,0,0,0,0,0,0)';
      PINUSE='UNSPEC';
      NO_LOAD_CHECK='Both';
      NO_IO_CHECK='Both';
      NO_ASSERT_CHECK='TRUE';
      NO_DIR_CHECK='TRUE';
      ALLOW_CONNECT='TRUE';
    'IO_L24P_T3_34':
      PIN_NUMBER='(0,0,0,P16,0,0,0,0,0,0,0,0,0,0,0)';
      PINUSE='UNSPEC';
      NO_LOAD_CHECK='Both';
      NO_IO_CHECK='Both';
      NO_ASSERT_CHECK='TRUE';
      NO_DIR_CHECK='TRUE';
      ALLOW_CONNECT='TRUE';
    'IO_L24N_T3_34':
      PIN_NUMBER='(0,0,0,R16,0,0,0,0,0,0,0,0,0,0,0)';
      PINUSE='UNSPEC';
      NO_LOAD_CHECK='Both';
      NO_IO_CHECK='Both';
      NO_ASSERT_CHECK='TRUE';
      NO_DIR_CHECK='TRUE';
      ALLOW_CONNECT='TRUE';
    'IO_25_34':
      PIN_NUMBER='(0,0,0,R15,0,0,0,0,0,0,0,0,0,0,0)';
      PINUSE='UNSPEC';
      NO_LOAD_CHECK='Both';
      NO_IO_CHECK='Both';
      NO_ASSERT_CHECK='TRUE';
      NO_DIR_CHECK='TRUE';
      ALLOW_CONNECT='TRUE';
    'VCCO_34_K17':
      PIN_NUMBER='(0,0,0,K17,0,0,0,0,0,0,0,0,0,0,0)';
      PINUSE='UNSPEC';
      NO_LOAD_CHECK='Both';
      NO_IO_CHECK='Both';
      NO_ASSERT_CHECK='TRUE';
      NO_DIR_CHECK='TRUE';
      ALLOW_CONNECT='TRUE';
    'VCCO_34_L20':
      PIN_NUMBER='(0,0,0,L20,0,0,0,0,0,0,0,0,0,0,0)';
      PINUSE='UNSPEC';
      NO_LOAD_CHECK='Both';
      NO_IO_CHECK='Both';
      NO_ASSERT_CHECK='TRUE';
      NO_DIR_CHECK='TRUE';
      ALLOW_CONNECT='TRUE';
    'VCCO_34_N16':
      PIN_NUMBER='(0,0,0,N16,0,0,0,0,0,0,0,0,0,0,0)';
      PINUSE='UNSPEC';
      NO_LOAD_CHECK='Both';
      NO_IO_CHECK='Both';
      NO_ASSERT_CHECK='TRUE';
      NO_DIR_CHECK='TRUE';
      ALLOW_CONNECT='TRUE';
    'VCCO_34_P19':
      PIN_NUMBER='(0,0,0,P19,0,0,0,0,0,0,0,0,0,0,0)';
      PINUSE='UNSPEC';
      NO_LOAD_CHECK='Both';
      NO_IO_CHECK='Both';
      NO_ASSERT_CHECK='TRUE';
      NO_DIR_CHECK='TRUE';
      ALLOW_CONNECT='TRUE';
    'VCCO_34_R22':
      PIN_NUMBER='(0,0,0,R22,0,0,0,0,0,0,0,0,0,0,0)';
      PINUSE='UNSPEC';
      NO_LOAD_CHECK='Both';
      NO_IO_CHECK='Both';
      NO_ASSERT_CHECK='TRUE';
      NO_DIR_CHECK='TRUE';
      ALLOW_CONNECT='TRUE';
    'VCCO_34_T15':
      PIN_NUMBER='(0,0,0,T15,0,0,0,0,0,0,0,0,0,0,0)';
      PINUSE='UNSPEC';
      NO_LOAD_CHECK='Both';
      NO_IO_CHECK='Both';
      NO_ASSERT_CHECK='TRUE';
      NO_DIR_CHECK='TRUE';
      ALLOW_CONNECT='TRUE';
    'IO_0_35':
      PIN_NUMBER='(0,0,0,0,H17,0,0,0,0,0,0,0,0,0,0)';
      PINUSE='UNSPEC';
      NO_LOAD_CHECK='Both';
      NO_IO_CHECK='Both';
      NO_ASSERT_CHECK='TRUE';
      NO_DIR_CHECK='TRUE';
      ALLOW_CONNECT='TRUE';
    'IO_L1P_T0_AD0P_35':
      PIN_NUMBER='(0,0,0,0,F16,0,0,0,0,0,0,0,0,0,0)';
      PINUSE='UNSPEC';
      NO_LOAD_CHECK='Both';
      NO_IO_CHECK='Both';
      NO_ASSERT_CHECK='TRUE';
      NO_DIR_CHECK='TRUE';
      ALLOW_CONNECT='TRUE';
    'IO_L1N_T0_AD0N_35':
      PIN_NUMBER='(0,0,0,0,E16,0,0,0,0,0,0,0,0,0,0)';
      PINUSE='UNSPEC';
      NO_LOAD_CHECK='Both';
      NO_IO_CHECK='Both';
      NO_ASSERT_CHECK='TRUE';
      NO_DIR_CHECK='TRUE';
      ALLOW_CONNECT='TRUE';
    'IO_L2P_T0_AD8P_35':
      PIN_NUMBER='(0,0,0,0,D16,0,0,0,0,0,0,0,0,0,0)';
      PINUSE='UNSPEC';
      NO_LOAD_CHECK='Both';
      NO_IO_CHECK='Both';
      NO_ASSERT_CHECK='TRUE';
      NO_DIR_CHECK='TRUE';
      ALLOW_CONNECT='TRUE';
    'IO_L2N_T0_AD8N_35':
      PIN_NUMBER='(0,0,0,0,D17,0,0,0,0,0,0,0,0,0,0)';
      PINUSE='UNSPEC';
      NO_LOAD_CHECK='Both';
      NO_IO_CHECK='Both';
      NO_ASSERT_CHECK='TRUE';
      NO_DIR_CHECK='TRUE';
      ALLOW_CONNECT='TRUE';
    'IO_L3P_T0_DQS_AD1P_35':
      PIN_NUMBER='(0,0,0,0,E15,0,0,0,0,0,0,0,0,0,0)';
      PINUSE='UNSPEC';
      NO_LOAD_CHECK='Both';
      NO_IO_CHECK='Both';
      NO_ASSERT_CHECK='TRUE';
      NO_DIR_CHECK='TRUE';
      ALLOW_CONNECT='TRUE';
    'IO_L3N_T0_DQS_AD1N_35':
      PIN_NUMBER='(0,0,0,0,D15,0,0,0,0,0,0,0,0,0,0)';
      PINUSE='UNSPEC';
      NO_LOAD_CHECK='Both';
      NO_IO_CHECK='Both';
      NO_ASSERT_CHECK='TRUE';
      NO_DIR_CHECK='TRUE';
      ALLOW_CONNECT='TRUE';
    'IO_L4P_T0_35':
      PIN_NUMBER='(0,0,0,0,G15,0,0,0,0,0,0,0,0,0,0)';
      PINUSE='UNSPEC';
      NO_LOAD_CHECK='Both';
      NO_IO_CHECK='Both';
      NO_ASSERT_CHECK='TRUE';
      NO_DIR_CHECK='TRUE';
      ALLOW_CONNECT='TRUE';
    'IO_L4N_T0_35':
      PIN_NUMBER='(0,0,0,0,G16,0,0,0,0,0,0,0,0,0,0)';
      PINUSE='UNSPEC';
      NO_LOAD_CHECK='Both';
      NO_IO_CHECK='Both';
      NO_ASSERT_CHECK='TRUE';
      NO_DIR_CHECK='TRUE';
      ALLOW_CONNECT='TRUE';
    'IO_L5P_T0_AD9P_35':
      PIN_NUMBER='(0,0,0,0,F18,0,0,0,0,0,0,0,0,0,0)';
      PINUSE='UNSPEC';
      NO_LOAD_CHECK='Both';
      NO_IO_CHECK='Both';
      NO_ASSERT_CHECK='TRUE';
      NO_DIR_CHECK='TRUE';
      ALLOW_CONNECT='TRUE';
    'IO_L5N_T0_AD9N_35':
      PIN_NUMBER='(0,0,0,0,E18,0,0,0,0,0,0,0,0,0,0)';
      PINUSE='UNSPEC';
      NO_LOAD_CHECK='Both';
      NO_IO_CHECK='Both';
      NO_ASSERT_CHECK='TRUE';
      NO_DIR_CHECK='TRUE';
      ALLOW_CONNECT='TRUE';
    'IO_L6P_T0_35':
      PIN_NUMBER='(0,0,0,0,G17,0,0,0,0,0,0,0,0,0,0)';
      PINUSE='UNSPEC';
      NO_LOAD_CHECK='Both';
      NO_IO_CHECK='Both';
      NO_ASSERT_CHECK='TRUE';
      NO_DIR_CHECK='TRUE';
      ALLOW_CONNECT='TRUE';
    'IO_L6N_T0_VREF_35':
      PIN_NUMBER='(0,0,0,0,F17,0,0,0,0,0,0,0,0,0,0)';
      PINUSE='UNSPEC';
      NO_LOAD_CHECK='Both';
      NO_IO_CHECK='Both';
      NO_ASSERT_CHECK='TRUE';
      NO_DIR_CHECK='TRUE';
      ALLOW_CONNECT='TRUE';
    'IO_L7P_T1_AD2P_35':
      PIN_NUMBER='(0,0,0,0,C15,0,0,0,0,0,0,0,0,0,0)';
      PINUSE='UNSPEC';
      NO_LOAD_CHECK='Both';
      NO_IO_CHECK='Both';
      NO_ASSERT_CHECK='TRUE';
      NO_DIR_CHECK='TRUE';
      ALLOW_CONNECT='TRUE';
    'IO_L7N_T1_AD2N_35':
      PIN_NUMBER='(0,0,0,0,B15,0,0,0,0,0,0,0,0,0,0)';
      PINUSE='UNSPEC';
      NO_LOAD_CHECK='Both';
      NO_IO_CHECK='Both';
      NO_ASSERT_CHECK='TRUE';
      NO_DIR_CHECK='TRUE';
      ALLOW_CONNECT='TRUE';
    'IO_L8P_T1_AD10P_35':
      PIN_NUMBER='(0,0,0,0,B16,0,0,0,0,0,0,0,0,0,0)';
      PINUSE='UNSPEC';
      NO_LOAD_CHECK='Both';
      NO_IO_CHECK='Both';
      NO_ASSERT_CHECK='TRUE';
      NO_DIR_CHECK='TRUE';
      ALLOW_CONNECT='TRUE';
    'IO_L8N_T1_AD10N_35':
      PIN_NUMBER='(0,0,0,0,B17,0,0,0,0,0,0,0,0,0,0)';
      PINUSE='UNSPEC';
      NO_LOAD_CHECK='Both';
      NO_IO_CHECK='Both';
      NO_ASSERT_CHECK='TRUE';
      NO_DIR_CHECK='TRUE';
      ALLOW_CONNECT='TRUE';
    'IO_L9P_T1_DQS_AD3P_35':
      PIN_NUMBER='(0,0,0,0,A16,0,0,0,0,0,0,0,0,0,0)';
      PINUSE='UNSPEC';
      NO_LOAD_CHECK='Both';
      NO_IO_CHECK='Both';
      NO_ASSERT_CHECK='TRUE';
      NO_DIR_CHECK='TRUE';
      ALLOW_CONNECT='TRUE';
    'IO_L9N_T1_DQS_AD3N_35':
      PIN_NUMBER='(0,0,0,0,A17,0,0,0,0,0,0,0,0,0,0)';
      PINUSE='UNSPEC';
      NO_LOAD_CHECK='Both';
      NO_IO_CHECK='Both';
      NO_ASSERT_CHECK='TRUE';
      NO_DIR_CHECK='TRUE';
      ALLOW_CONNECT='TRUE';
    'IO_L10P_T1_AD11P_35':
      PIN_NUMBER='(0,0,0,0,A18,0,0,0,0,0,0,0,0,0,0)';
      PINUSE='UNSPEC';
      NO_LOAD_CHECK='Both';
      NO_IO_CHECK='Both';
      NO_ASSERT_CHECK='TRUE';
      NO_DIR_CHECK='TRUE';
      ALLOW_CONNECT='TRUE';
    'IO_L10N_T1_AD11N_35':
      PIN_NUMBER='(0,0,0,0,A19,0,0,0,0,0,0,0,0,0,0)';
      PINUSE='UNSPEC';
      NO_LOAD_CHECK='Both';
      NO_IO_CHECK='Both';
      NO_ASSERT_CHECK='TRUE';
      NO_DIR_CHECK='TRUE';
      ALLOW_CONNECT='TRUE';
    'IO_L11P_T1_SRCC_35':
      PIN_NUMBER='(0,0,0,0,C17,0,0,0,0,0,0,0,0,0,0)';
      PINUSE='UNSPEC';
      NO_LOAD_CHECK='Both';
      NO_IO_CHECK='Both';
      NO_ASSERT_CHECK='TRUE';
      NO_DIR_CHECK='TRUE';
      ALLOW_CONNECT='TRUE';
    'IO_L11N_T1_SRCC_35':
      PIN_NUMBER='(0,0,0,0,C18,0,0,0,0,0,0,0,0,0,0)';
      PINUSE='UNSPEC';
      NO_LOAD_CHECK='Both';
      NO_IO_CHECK='Both';
      NO_ASSERT_CHECK='TRUE';
      NO_DIR_CHECK='TRUE';
      ALLOW_CONNECT='TRUE';
    'IO_L12P_T1_MRCC_35':
      PIN_NUMBER='(0,0,0,0,D18,0,0,0,0,0,0,0,0,0,0)';
      PINUSE='UNSPEC';
      NO_LOAD_CHECK='Both';
      NO_IO_CHECK='Both';
      NO_ASSERT_CHECK='TRUE';
      NO_DIR_CHECK='TRUE';
      ALLOW_CONNECT='TRUE';
    'IO_L12N_T1_MRCC_35':
      PIN_NUMBER='(0,0,0,0,C19,0,0,0,0,0,0,0,0,0,0)';
      PINUSE='UNSPEC';
      NO_LOAD_CHECK='Both';
      NO_IO_CHECK='Both';
      NO_ASSERT_CHECK='TRUE';
      NO_DIR_CHECK='TRUE';
      ALLOW_CONNECT='TRUE';
    'IO_L13P_T2_MRCC_35':
      PIN_NUMBER='(0,0,0,0,B19,0,0,0,0,0,0,0,0,0,0)';
      PINUSE='UNSPEC';
      NO_LOAD_CHECK='Both';
      NO_IO_CHECK='Both';
      NO_ASSERT_CHECK='TRUE';
      NO_DIR_CHECK='TRUE';
      ALLOW_CONNECT='TRUE';
    'IO_L13N_T2_MRCC_35':
      PIN_NUMBER='(0,0,0,0,B20,0,0,0,0,0,0,0,0,0,0)';
      PINUSE='UNSPEC';
      NO_LOAD_CHECK='Both';
      NO_IO_CHECK='Both';
      NO_ASSERT_CHECK='TRUE';
      NO_DIR_CHECK='TRUE';
      ALLOW_CONNECT='TRUE';
    'IO_L14P_T2_AD4P_SRCC_35':
      PIN_NUMBER='(0,0,0,0,D20,0,0,0,0,0,0,0,0,0,0)';
      PINUSE='UNSPEC';
      NO_LOAD_CHECK='Both';
      NO_IO_CHECK='Both';
      NO_ASSERT_CHECK='TRUE';
      NO_DIR_CHECK='TRUE';
      ALLOW_CONNECT='TRUE';
    'IO_L14N_T2_AD4N_SRCC_35':
      PIN_NUMBER='(0,0,0,0,C20,0,0,0,0,0,0,0,0,0,0)';
      PINUSE='UNSPEC';
      NO_LOAD_CHECK='Both';
      NO_IO_CHECK='Both';
      NO_ASSERT_CHECK='TRUE';
      NO_DIR_CHECK='TRUE';
      ALLOW_CONNECT='TRUE';
    'IO_L15P_T2_DQS_AD12P_35':
      PIN_NUMBER='(0,0,0,0,A21,0,0,0,0,0,0,0,0,0,0)';
      PINUSE='UNSPEC';
      NO_LOAD_CHECK='Both';
      NO_IO_CHECK='Both';
      NO_ASSERT_CHECK='TRUE';
      NO_DIR_CHECK='TRUE';
      ALLOW_CONNECT='TRUE';
    'IO_L15N_T2_DQS_AD12N_35':
      PIN_NUMBER='(0,0,0,0,A22,0,0,0,0,0,0,0,0,0,0)';
      PINUSE='UNSPEC';
      NO_LOAD_CHECK='Both';
      NO_IO_CHECK='Both';
      NO_ASSERT_CHECK='TRUE';
      NO_DIR_CHECK='TRUE';
      ALLOW_CONNECT='TRUE';
    'IO_L16P_T2_35':
      PIN_NUMBER='(0,0,0,0,D22,0,0,0,0,0,0,0,0,0,0)';
      PINUSE='UNSPEC';
      NO_LOAD_CHECK='Both';
      NO_IO_CHECK='Both';
      NO_ASSERT_CHECK='TRUE';
      NO_DIR_CHECK='TRUE';
      ALLOW_CONNECT='TRUE';
    'IO_L16N_T2_35':
      PIN_NUMBER='(0,0,0,0,C22,0,0,0,0,0,0,0,0,0,0)';
      PINUSE='UNSPEC';
      NO_LOAD_CHECK='Both';
      NO_IO_CHECK='Both';
      NO_ASSERT_CHECK='TRUE';
      NO_DIR_CHECK='TRUE';
      ALLOW_CONNECT='TRUE';
    'IO_L17P_T2_AD5P_35':
      PIN_NUMBER='(0,0,0,0,E21,0,0,0,0,0,0,0,0,0,0)';
      PINUSE='UNSPEC';
      NO_LOAD_CHECK='Both';
      NO_IO_CHECK='Both';
      NO_ASSERT_CHECK='TRUE';
      NO_DIR_CHECK='TRUE';
      ALLOW_CONNECT='TRUE';
    'IO_L17N_T2_AD5N_35':
      PIN_NUMBER='(0,0,0,0,D21,0,0,0,0,0,0,0,0,0,0)';
      PINUSE='UNSPEC';
      NO_LOAD_CHECK='Both';
      NO_IO_CHECK='Both';
      NO_ASSERT_CHECK='TRUE';
      NO_DIR_CHECK='TRUE';
      ALLOW_CONNECT='TRUE';
    'IO_L18P_T2_AD13P_35':
      PIN_NUMBER='(0,0,0,0,B21,0,0,0,0,0,0,0,0,0,0)';
      PINUSE='UNSPEC';
      NO_LOAD_CHECK='Both';
      NO_IO_CHECK='Both';
      NO_ASSERT_CHECK='TRUE';
      NO_DIR_CHECK='TRUE';
      ALLOW_CONNECT='TRUE';
    'IO_L18N_T2_AD13N_35':
      PIN_NUMBER='(0,0,0,0,B22,0,0,0,0,0,0,0,0,0,0)';
      PINUSE='UNSPEC';
      NO_LOAD_CHECK='Both';
      NO_IO_CHECK='Both';
      NO_ASSERT_CHECK='TRUE';
      NO_DIR_CHECK='TRUE';
      ALLOW_CONNECT='TRUE';
    'IO_L19P_T3_35':
      PIN_NUMBER='(0,0,0,0,H19,0,0,0,0,0,0,0,0,0,0)';
      PINUSE='UNSPEC';
      NO_LOAD_CHECK='Both';
      NO_IO_CHECK='Both';
      NO_ASSERT_CHECK='TRUE';
      NO_DIR_CHECK='TRUE';
      ALLOW_CONNECT='TRUE';
    'IO_L19N_T3_VREF_35':
      PIN_NUMBER='(0,0,0,0,H20,0,0,0,0,0,0,0,0,0,0)';
      PINUSE='UNSPEC';
      NO_LOAD_CHECK='Both';
      NO_IO_CHECK='Both';
      NO_ASSERT_CHECK='TRUE';
      NO_DIR_CHECK='TRUE';
      ALLOW_CONNECT='TRUE';
    'IO_L20P_T3_AD6P_35':
      PIN_NUMBER='(0,0,0,0,G19,0,0,0,0,0,0,0,0,0,0)';
      PINUSE='UNSPEC';
      NO_LOAD_CHECK='Both';
      NO_IO_CHECK='Both';
      NO_ASSERT_CHECK='TRUE';
      NO_DIR_CHECK='TRUE';
      ALLOW_CONNECT='TRUE';
    'IO_L20N_T3_AD6N_35':
      PIN_NUMBER='(0,0,0,0,F19,0,0,0,0,0,0,0,0,0,0)';
      PINUSE='UNSPEC';
      NO_LOAD_CHECK='Both';
      NO_IO_CHECK='Both';
      NO_ASSERT_CHECK='TRUE';
      NO_DIR_CHECK='TRUE';
      ALLOW_CONNECT='TRUE';
    'IO_L21P_T3_DQS_AD14P_35':
      PIN_NUMBER='(0,0,0,0,E19,0,0,0,0,0,0,0,0,0,0)';
      PINUSE='UNSPEC';
      NO_LOAD_CHECK='Both';
      NO_IO_CHECK='Both';
      NO_ASSERT_CHECK='TRUE';
      NO_DIR_CHECK='TRUE';
      ALLOW_CONNECT='TRUE';
    'IO_L21N_T3_DQS_AD14N_35':
      PIN_NUMBER='(0,0,0,0,E20,0,0,0,0,0,0,0,0,0,0)';
      PINUSE='UNSPEC';
      NO_LOAD_CHECK='Both';
      NO_IO_CHECK='Both';
      NO_ASSERT_CHECK='TRUE';
      NO_DIR_CHECK='TRUE';
      ALLOW_CONNECT='TRUE';
    'IO_L22P_T3_AD7P_35':
      PIN_NUMBER='(0,0,0,0,G20,0,0,0,0,0,0,0,0,0,0)';
      PINUSE='UNSPEC';
      NO_LOAD_CHECK='Both';
      NO_IO_CHECK='Both';
      NO_ASSERT_CHECK='TRUE';
      NO_DIR_CHECK='TRUE';
      ALLOW_CONNECT='TRUE';
    'IO_L22N_T3_AD7N_35':
      PIN_NUMBER='(0,0,0,0,G21,0,0,0,0,0,0,0,0,0,0)';
      PINUSE='UNSPEC';
      NO_LOAD_CHECK='Both';
      NO_IO_CHECK='Both';
      NO_ASSERT_CHECK='TRUE';
      NO_DIR_CHECK='TRUE';
      ALLOW_CONNECT='TRUE';
    'IO_L23P_T3_35':
      PIN_NUMBER='(0,0,0,0,F21,0,0,0,0,0,0,0,0,0,0)';
      PINUSE='UNSPEC';
      NO_LOAD_CHECK='Both';
      NO_IO_CHECK='Both';
      NO_ASSERT_CHECK='TRUE';
      NO_DIR_CHECK='TRUE';
      ALLOW_CONNECT='TRUE';
    'IO_L23N_T3_35':
      PIN_NUMBER='(0,0,0,0,F22,0,0,0,0,0,0,0,0,0,0)';
      PINUSE='UNSPEC';
      NO_LOAD_CHECK='Both';
      NO_IO_CHECK='Both';
      NO_ASSERT_CHECK='TRUE';
      NO_DIR_CHECK='TRUE';
      ALLOW_CONNECT='TRUE';
    'IO_L24P_T3_AD15P_35':
      PIN_NUMBER='(0,0,0,0,H22,0,0,0,0,0,0,0,0,0,0)';
      PINUSE='UNSPEC';
      NO_LOAD_CHECK='Both';
      NO_IO_CHECK='Both';
      NO_ASSERT_CHECK='TRUE';
      NO_DIR_CHECK='TRUE';
      ALLOW_CONNECT='TRUE';
    'IO_L24N_T3_AD15N_35':
      PIN_NUMBER='(0,0,0,0,G22,0,0,0,0,0,0,0,0,0,0)';
      PINUSE='UNSPEC';
      NO_LOAD_CHECK='Both';
      NO_IO_CHECK='Both';
      NO_ASSERT_CHECK='TRUE';
      NO_DIR_CHECK='TRUE';
      ALLOW_CONNECT='TRUE';
    'IO_25_35':
      PIN_NUMBER='(0,0,0,0,H18,0,0,0,0,0,0,0,0,0,0)';
      PINUSE='UNSPEC';
      NO_LOAD_CHECK='Both';
      NO_IO_CHECK='Both';
      NO_ASSERT_CHECK='TRUE';
      NO_DIR_CHECK='TRUE';
      ALLOW_CONNECT='TRUE';
    'VCCO_35_A20':
      PIN_NUMBER='(0,0,0,0,A20,0,0,0,0,0,0,0,0,0,0)';
      PINUSE='UNSPEC';
      NO_LOAD_CHECK='Both';
      NO_IO_CHECK='Both';
      NO_ASSERT_CHECK='TRUE';
      NO_DIR_CHECK='TRUE';
      ALLOW_CONNECT='TRUE';
    'VCCO_35_C16':
      PIN_NUMBER='(0,0,0,0,C16,0,0,0,0,0,0,0,0,0,0)';
      PINUSE='UNSPEC';
      NO_LOAD_CHECK='Both';
      NO_IO_CHECK='Both';
      NO_ASSERT_CHECK='TRUE';
      NO_DIR_CHECK='TRUE';
      ALLOW_CONNECT='TRUE';
    'VCCO_35_D19':
      PIN_NUMBER='(0,0,0,0,D19,0,0,0,0,0,0,0,0,0,0)';
      PINUSE='UNSPEC';
      NO_LOAD_CHECK='Both';
      NO_IO_CHECK='Both';
      NO_ASSERT_CHECK='TRUE';
      NO_DIR_CHECK='TRUE';
      ALLOW_CONNECT='TRUE';
    'VCCO_35_E22':
      PIN_NUMBER='(0,0,0,0,E22,0,0,0,0,0,0,0,0,0,0)';
      PINUSE='UNSPEC';
      NO_LOAD_CHECK='Both';
      NO_IO_CHECK='Both';
      NO_ASSERT_CHECK='TRUE';
      NO_DIR_CHECK='TRUE';
      ALLOW_CONNECT='TRUE';
    'VCCO_35_F15':
      PIN_NUMBER='(0,0,0,0,F15,0,0,0,0,0,0,0,0,0,0)';
      PINUSE='UNSPEC';
      NO_LOAD_CHECK='Both';
      NO_IO_CHECK='Both';
      NO_ASSERT_CHECK='TRUE';
      NO_DIR_CHECK='TRUE';
      ALLOW_CONNECT='TRUE';
    'VCCO_35_G18':
      PIN_NUMBER='(0,0,0,0,G18,0,0,0,0,0,0,0,0,0,0)';
      PINUSE='UNSPEC';
      NO_LOAD_CHECK='Both';
      NO_IO_CHECK='Both';
      NO_ASSERT_CHECK='TRUE';
      NO_DIR_CHECK='TRUE';
      ALLOW_CONNECT='TRUE';
    'VCCO_35_H21':
      PIN_NUMBER='(0,0,0,0,H21,0,0,0,0,0,0,0,0,0,0)';
      PINUSE='UNSPEC';
      NO_LOAD_CHECK='Both';
      NO_IO_CHECK='Both';
      NO_ASSERT_CHECK='TRUE';
      NO_DIR_CHECK='TRUE';
      ALLOW_CONNECT='TRUE';
    'PS_CLK_500':
      PIN_NUMBER='(0,0,0,0,0,F7,0,0,0,0,0,0,0,0,0)';
      PINUSE='UNSPEC';
      NO_LOAD_CHECK='Both';
      NO_IO_CHECK='Both';
      NO_ASSERT_CHECK='TRUE';
      NO_DIR_CHECK='TRUE';
      ALLOW_CONNECT='TRUE';
    'PS_POR_B_500':
      PIN_NUMBER='(0,0,0,0,0,B5,0,0,0,0,0,0,0,0,0)';
      PINUSE='UNSPEC';
      NO_LOAD_CHECK='Both';
      NO_IO_CHECK='Both';
      NO_ASSERT_CHECK='TRUE';
      NO_DIR_CHECK='TRUE';
      ALLOW_CONNECT='TRUE';
    'PS_MIO15_500':
      PIN_NUMBER='(0,0,0,0,0,E6,0,0,0,0,0,0,0,0,0)';
      PINUSE='UNSPEC';
      NO_LOAD_CHECK='Both';
      NO_IO_CHECK='Both';
      NO_ASSERT_CHECK='TRUE';
      NO_DIR_CHECK='TRUE';
      ALLOW_CONNECT='TRUE';
    'PS_MIO14_500':
      PIN_NUMBER='(0,0,0,0,0,B6,0,0,0,0,0,0,0,0,0)';
      PINUSE='UNSPEC';
      NO_LOAD_CHECK='Both';
      NO_IO_CHECK='Both';
      NO_ASSERT_CHECK='TRUE';
      NO_DIR_CHECK='TRUE';
      ALLOW_CONNECT='TRUE';
    'PS_MIO13_500':
      PIN_NUMBER='(0,0,0,0,0,A6,0,0,0,0,0,0,0,0,0)';
      PINUSE='UNSPEC';
      NO_LOAD_CHECK='Both';
      NO_IO_CHECK='Both';
      NO_ASSERT_CHECK='TRUE';
      NO_DIR_CHECK='TRUE';
      ALLOW_CONNECT='TRUE';
    'PS_MIO12_500':
      PIN_NUMBER='(0,0,0,0,0,C5,0,0,0,0,0,0,0,0,0)';
      PINUSE='UNSPEC';
      NO_LOAD_CHECK='Both';
      NO_IO_CHECK='Both';
      NO_ASSERT_CHECK='TRUE';
      NO_DIR_CHECK='TRUE';
      ALLOW_CONNECT='TRUE';
    'PS_MIO11_500':
      PIN_NUMBER='(0,0,0,0,0,B4,0,0,0,0,0,0,0,0,0)';
      PINUSE='UNSPEC';
      NO_LOAD_CHECK='Both';
      NO_IO_CHECK='Both';
      NO_ASSERT_CHECK='TRUE';
      NO_DIR_CHECK='TRUE';
      ALLOW_CONNECT='TRUE';
    'PS_MIO10_500':
      PIN_NUMBER='(0,0,0,0,0,G7,0,0,0,0,0,0,0,0,0)';
      PINUSE='UNSPEC';
      NO_LOAD_CHECK='Both';
      NO_IO_CHECK='Both';
      NO_ASSERT_CHECK='TRUE';
      NO_DIR_CHECK='TRUE';
      ALLOW_CONNECT='TRUE';
    'PS_MIO9_500':
      PIN_NUMBER='(0,0,0,0,0,C4,0,0,0,0,0,0,0,0,0)';
      PINUSE='UNSPEC';
      NO_LOAD_CHECK='Both';
      NO_IO_CHECK='Both';
      NO_ASSERT_CHECK='TRUE';
      NO_DIR_CHECK='TRUE';
      ALLOW_CONNECT='TRUE';
    'PS_MIO8_500':
      PIN_NUMBER='(0,0,0,0,0,E5,0,0,0,0,0,0,0,0,0)';
      PINUSE='UNSPEC';
      NO_LOAD_CHECK='Both';
      NO_IO_CHECK='Both';
      NO_ASSERT_CHECK='TRUE';
      NO_DIR_CHECK='TRUE';
      ALLOW_CONNECT='TRUE';
    'PS_MIO7_500':
      PIN_NUMBER='(0,0,0,0,0,D5,0,0,0,0,0,0,0,0,0)';
      PINUSE='UNSPEC';
      NO_LOAD_CHECK='Both';
      NO_IO_CHECK='Both';
      NO_ASSERT_CHECK='TRUE';
      NO_DIR_CHECK='TRUE';
      ALLOW_CONNECT='TRUE';
    'PS_MIO6_500':
      PIN_NUMBER='(0,0,0,0,0,A4,0,0,0,0,0,0,0,0,0)';
      PINUSE='UNSPEC';
      NO_LOAD_CHECK='Both';
      NO_IO_CHECK='Both';
      NO_ASSERT_CHECK='TRUE';
      NO_DIR_CHECK='TRUE';
      ALLOW_CONNECT='TRUE';
    'PS_MIO5_500':
      PIN_NUMBER='(0,0,0,0,0,A3,0,0,0,0,0,0,0,0,0)';
      PINUSE='UNSPEC';
      NO_LOAD_CHECK='Both';
      NO_IO_CHECK='Both';
      NO_ASSERT_CHECK='TRUE';
      NO_DIR_CHECK='TRUE';
      ALLOW_CONNECT='TRUE';
    'PS_MIO4_500':
      PIN_NUMBER='(0,0,0,0,0,E4,0,0,0,0,0,0,0,0,0)';
      PINUSE='UNSPEC';
      NO_LOAD_CHECK='Both';
      NO_IO_CHECK='Both';
      NO_ASSERT_CHECK='TRUE';
      NO_DIR_CHECK='TRUE';
      ALLOW_CONNECT='TRUE';
    'PS_MIO3_500':
      PIN_NUMBER='(0,0,0,0,0,F6,0,0,0,0,0,0,0,0,0)';
      PINUSE='UNSPEC';
      NO_LOAD_CHECK='Both';
      NO_IO_CHECK='Both';
      NO_ASSERT_CHECK='TRUE';
      NO_DIR_CHECK='TRUE';
      ALLOW_CONNECT='TRUE';
    'PS_MIO2_500':
      PIN_NUMBER='(0,0,0,0,0,A2,0,0,0,0,0,0,0,0,0)';
      PINUSE='UNSPEC';
      NO_LOAD_CHECK='Both';
      NO_IO_CHECK='Both';
      NO_ASSERT_CHECK='TRUE';
      NO_DIR_CHECK='TRUE';
      ALLOW_CONNECT='TRUE';
    'PS_MIO1_500':
      PIN_NUMBER='(0,0,0,0,0,A1,0,0,0,0,0,0,0,0,0)';
      PINUSE='UNSPEC';
      NO_LOAD_CHECK='Both';
      NO_IO_CHECK='Both';
      NO_ASSERT_CHECK='TRUE';
      NO_DIR_CHECK='TRUE';
      ALLOW_CONNECT='TRUE';
    'PS_MIO0_500':
      PIN_NUMBER='(0,0,0,0,0,G6,0,0,0,0,0,0,0,0,0)';
      PINUSE='UNSPEC';
      NO_LOAD_CHECK='Both';
      NO_IO_CHECK='Both';
      NO_ASSERT_CHECK='TRUE';
      NO_DIR_CHECK='TRUE';
      ALLOW_CONNECT='TRUE';
    'VCCO_MIO0_500_B3':
      PIN_NUMBER='(0,0,0,0,0,B3,0,0,0,0,0,0,0,0,0)';
      PINUSE='UNSPEC';
      NO_LOAD_CHECK='Both';
      NO_IO_CHECK='Both';
      NO_ASSERT_CHECK='TRUE';
      NO_DIR_CHECK='TRUE';
      ALLOW_CONNECT='TRUE';
    'VCCO_MIO0_500_C6':
      PIN_NUMBER='(0,0,0,0,0,C6,0,0,0,0,0,0,0,0,0)';
      PINUSE='UNSPEC';
      NO_LOAD_CHECK='Both';
      NO_IO_CHECK='Both';
      NO_ASSERT_CHECK='TRUE';
      NO_DIR_CHECK='TRUE';
      ALLOW_CONNECT='TRUE';
    'PS_MIO_VREF_501':
      PIN_NUMBER='(0,0,0,0,0,0,F8,0,0,0,0,0,0,0,0)';
      PINUSE='UNSPEC';
      NO_LOAD_CHECK='Both';
      NO_IO_CHECK='Both';
      NO_ASSERT_CHECK='TRUE';
      NO_DIR_CHECK='TRUE';
      ALLOW_CONNECT='TRUE';
    'PS_MIO17_501':
      PIN_NUMBER='(0,0,0,0,0,0,E9,0,0,0,0,0,0,0,0)';
      PINUSE='UNSPEC';
      NO_LOAD_CHECK='Both';
      NO_IO_CHECK='Both';
      NO_ASSERT_CHECK='TRUE';
      NO_DIR_CHECK='TRUE';
      ALLOW_CONNECT='TRUE';
    'PS_MIO19_501':
      PIN_NUMBER='(0,0,0,0,0,0,E10,0,0,0,0,0,0,0,0)';
      PINUSE='UNSPEC';
      NO_LOAD_CHECK='Both';
      NO_IO_CHECK='Both';
      NO_ASSERT_CHECK='TRUE';
      NO_DIR_CHECK='TRUE';
      ALLOW_CONNECT='TRUE';
    'PS_MIO21_501':
      PIN_NUMBER='(0,0,0,0,0,0,F11,0,0,0,0,0,0,0,0)';
      PINUSE='UNSPEC';
      NO_LOAD_CHECK='Both';
      NO_IO_CHECK='Both';
      NO_ASSERT_CHECK='TRUE';
      NO_DIR_CHECK='TRUE';
      ALLOW_CONNECT='TRUE';
    'PS_MIO23_501':
      PIN_NUMBER='(0,0,0,0,0,0,E11,0,0,0,0,0,0,0,0)';
      PINUSE='UNSPEC';
      NO_LOAD_CHECK='Both';
      NO_IO_CHECK='Both';
      NO_ASSERT_CHECK='TRUE';
      NO_DIR_CHECK='TRUE';
      ALLOW_CONNECT='TRUE';
    'PS_MIO25_501':
      PIN_NUMBER='(0,0,0,0,0,0,F12,0,0,0,0,0,0,0,0)';
      PINUSE='UNSPEC';
      NO_LOAD_CHECK='Both';
      NO_IO_CHECK='Both';
      NO_ASSERT_CHECK='TRUE';
      NO_DIR_CHECK='TRUE';
      ALLOW_CONNECT='TRUE';
    'PS_MIO27_501':
      PIN_NUMBER='(0,0,0,0,0,0,D7,0,0,0,0,0,0,0,0)';
      PINUSE='UNSPEC';
      NO_LOAD_CHECK='Both';
      NO_IO_CHECK='Both';
      NO_ASSERT_CHECK='TRUE';
      NO_DIR_CHECK='TRUE';
      ALLOW_CONNECT='TRUE';
    'PS_MIO29_501':
      PIN_NUMBER='(0,0,0,0,0,0,E8,0,0,0,0,0,0,0,0)';
      PINUSE='UNSPEC';
      NO_LOAD_CHECK='Both';
      NO_IO_CHECK='Both';
      NO_ASSERT_CHECK='TRUE';
      NO_DIR_CHECK='TRUE';
      ALLOW_CONNECT='TRUE';
    'PS_MIO31_501':
      PIN_NUMBER='(0,0,0,0,0,0,F9,0,0,0,0,0,0,0,0)';
      PINUSE='UNSPEC';
      NO_LOAD_CHECK='Both';
      NO_IO_CHECK='Both';
      NO_ASSERT_CHECK='TRUE';
      NO_DIR_CHECK='TRUE';
      ALLOW_CONNECT='TRUE';
    'PS_MIO33_501':
      PIN_NUMBER='(0,0,0,0,0,0,G13,0,0,0,0,0,0,0,0)';
      PINUSE='UNSPEC';
      NO_LOAD_CHECK='Both';
      NO_IO_CHECK='Both';
      NO_ASSERT_CHECK='TRUE';
      NO_DIR_CHECK='TRUE';
      ALLOW_CONNECT='TRUE';
    'PS_MIO35_501':
      PIN_NUMBER='(0,0,0,0,0,0,F14,0,0,0,0,0,0,0,0)';
      PINUSE='UNSPEC';
      NO_LOAD_CHECK='Both';
      NO_IO_CHECK='Both';
      NO_ASSERT_CHECK='TRUE';
      NO_DIR_CHECK='TRUE';
      ALLOW_CONNECT='TRUE';
    'PS_MIO38_501':
      PIN_NUMBER='(0,0,0,0,0,0,F13,0,0,0,0,0,0,0,0)';
      PINUSE='UNSPEC';
      NO_LOAD_CHECK='Both';
      NO_IO_CHECK='Both';
      NO_ASSERT_CHECK='TRUE';
      NO_DIR_CHECK='TRUE';
      ALLOW_CONNECT='TRUE';
    'PS_MIO40_501':
      PIN_NUMBER='(0,0,0,0,0,0,E14,0,0,0,0,0,0,0,0)';
      PINUSE='UNSPEC';
      NO_LOAD_CHECK='Both';
      NO_IO_CHECK='Both';
      NO_ASSERT_CHECK='TRUE';
      NO_DIR_CHECK='TRUE';
      ALLOW_CONNECT='TRUE';
    'PS_MIO42_501':
      PIN_NUMBER='(0,0,0,0,0,0,D8,0,0,0,0,0,0,0,0)';
      PINUSE='UNSPEC';
      NO_LOAD_CHECK='Both';
      NO_IO_CHECK='Both';
      NO_ASSERT_CHECK='TRUE';
      NO_DIR_CHECK='TRUE';
      ALLOW_CONNECT='TRUE';
    'PS_MIO44_501':
      PIN_NUMBER='(0,0,0,0,0,0,E13,0,0,0,0,0,0,0,0)';
      PINUSE='UNSPEC';
      NO_LOAD_CHECK='Both';
      NO_IO_CHECK='Both';
      NO_ASSERT_CHECK='TRUE';
      NO_DIR_CHECK='TRUE';
      ALLOW_CONNECT='TRUE';
    'PS_MIO46_501':
      PIN_NUMBER='(0,0,0,0,0,0,D12,0,0,0,0,0,0,0,0)';
      PINUSE='UNSPEC';
      NO_LOAD_CHECK='Both';
      NO_IO_CHECK='Both';
      NO_ASSERT_CHECK='TRUE';
      NO_DIR_CHECK='TRUE';
      ALLOW_CONNECT='TRUE';
    'PS_MIO48_501':
      PIN_NUMBER='(0,0,0,0,0,0,D11,0,0,0,0,0,0,0,0)';
      PINUSE='UNSPEC';
      NO_LOAD_CHECK='Both';
      NO_IO_CHECK='Both';
      NO_ASSERT_CHECK='TRUE';
      NO_DIR_CHECK='TRUE';
      ALLOW_CONNECT='TRUE';
    'PS_MIO50_501':
      PIN_NUMBER='(0,0,0,0,0,0,D13,0,0,0,0,0,0,0,0)';
      PINUSE='UNSPEC';
      NO_LOAD_CHECK='Both';
      NO_IO_CHECK='Both';
      NO_ASSERT_CHECK='TRUE';
      NO_DIR_CHECK='TRUE';
      ALLOW_CONNECT='TRUE';
    'PS_MIO52_501':
      PIN_NUMBER='(0,0,0,0,0,0,D10,0,0,0,0,0,0,0,0)';
      PINUSE='UNSPEC';
      NO_LOAD_CHECK='Both';
      NO_IO_CHECK='Both';
      NO_ASSERT_CHECK='TRUE';
      NO_DIR_CHECK='TRUE';
      ALLOW_CONNECT='TRUE';
    'PS_SRST_B_501':
      PIN_NUMBER='(0,0,0,0,0,0,C9,0,0,0,0,0,0,0,0)';
      PINUSE='UNSPEC';
      NO_LOAD_CHECK='Both';
      NO_IO_CHECK='Both';
      NO_ASSERT_CHECK='TRUE';
      NO_DIR_CHECK='TRUE';
      ALLOW_CONNECT='TRUE';
    'PS_MIO16_501':
      PIN_NUMBER='(0,0,0,0,0,0,D6,0,0,0,0,0,0,0,0)';
      PINUSE='UNSPEC';
      NO_LOAD_CHECK='Both';
      NO_IO_CHECK='Both';
      NO_ASSERT_CHECK='TRUE';
      NO_DIR_CHECK='TRUE';
      ALLOW_CONNECT='TRUE';
    'PS_MIO18_501':
      PIN_NUMBER='(0,0,0,0,0,0,A7,0,0,0,0,0,0,0,0)';
      PINUSE='UNSPEC';
      NO_LOAD_CHECK='Both';
      NO_IO_CHECK='Both';
      NO_ASSERT_CHECK='TRUE';
      NO_DIR_CHECK='TRUE';
      ALLOW_CONNECT='TRUE';
    'PS_MIO20_501':
      PIN_NUMBER='(0,0,0,0,0,0,A8,0,0,0,0,0,0,0,0)';
      PINUSE='UNSPEC';
      NO_LOAD_CHECK='Both';
      NO_IO_CHECK='Both';
      NO_ASSERT_CHECK='TRUE';
      NO_DIR_CHECK='TRUE';
      ALLOW_CONNECT='TRUE';
    'PS_MIO22_501':
      PIN_NUMBER='(0,0,0,0,0,0,A14,0,0,0,0,0,0,0,0)';
      PINUSE='UNSPEC';
      NO_LOAD_CHECK='Both';
      NO_IO_CHECK='Both';
      NO_ASSERT_CHECK='TRUE';
      NO_DIR_CHECK='TRUE';
      ALLOW_CONNECT='TRUE';
    'PS_MIO24_501':
      PIN_NUMBER='(0,0,0,0,0,0,B7,0,0,0,0,0,0,0,0)';
      PINUSE='UNSPEC';
      NO_LOAD_CHECK='Both';
      NO_IO_CHECK='Both';
      NO_ASSERT_CHECK='TRUE';
      NO_DIR_CHECK='TRUE';
      ALLOW_CONNECT='TRUE';
    'PS_MIO26_501':
      PIN_NUMBER='(0,0,0,0,0,0,A13,0,0,0,0,0,0,0,0)';
      PINUSE='UNSPEC';
      NO_LOAD_CHECK='Both';
      NO_IO_CHECK='Both';
      NO_ASSERT_CHECK='TRUE';
      NO_DIR_CHECK='TRUE';
      ALLOW_CONNECT='TRUE';
    'PS_MIO28_501':
      PIN_NUMBER='(0,0,0,0,0,0,A12,0,0,0,0,0,0,0,0)';
      PINUSE='UNSPEC';
      NO_LOAD_CHECK='Both';
      NO_IO_CHECK='Both';
      NO_ASSERT_CHECK='TRUE';
      NO_DIR_CHECK='TRUE';
      ALLOW_CONNECT='TRUE';
    'PS_MIO30_501':
      PIN_NUMBER='(0,0,0,0,0,0,A11,0,0,0,0,0,0,0,0)';
      PINUSE='UNSPEC';
      NO_LOAD_CHECK='Both';
      NO_IO_CHECK='Both';
      NO_ASSERT_CHECK='TRUE';
      NO_DIR_CHECK='TRUE';
      ALLOW_CONNECT='TRUE';
    'PS_MIO32_501':
      PIN_NUMBER='(0,0,0,0,0,0,C7,0,0,0,0,0,0,0,0)';
      PINUSE='UNSPEC';
      NO_LOAD_CHECK='Both';
      NO_IO_CHECK='Both';
      NO_ASSERT_CHECK='TRUE';
      NO_DIR_CHECK='TRUE';
      ALLOW_CONNECT='TRUE';
    'PS_MIO34_501':
      PIN_NUMBER='(0,0,0,0,0,0,B12,0,0,0,0,0,0,0,0)';
      PINUSE='UNSPEC';
      NO_LOAD_CHECK='Both';
      NO_IO_CHECK='Both';
      NO_ASSERT_CHECK='TRUE';
      NO_DIR_CHECK='TRUE';
      ALLOW_CONNECT='TRUE';
    'PS_MIO36_501':
      PIN_NUMBER='(0,0,0,0,0,0,A9,0,0,0,0,0,0,0,0)';
      PINUSE='UNSPEC';
      NO_LOAD_CHECK='Both';
      NO_IO_CHECK='Both';
      NO_ASSERT_CHECK='TRUE';
      NO_DIR_CHECK='TRUE';
      ALLOW_CONNECT='TRUE';
    'PS_MIO37_501':
      PIN_NUMBER='(0,0,0,0,0,0,B14,0,0,0,0,0,0,0,0)';
      PINUSE='UNSPEC';
      NO_LOAD_CHECK='Both';
      NO_IO_CHECK='Both';
      NO_ASSERT_CHECK='TRUE';
      NO_DIR_CHECK='TRUE';
      ALLOW_CONNECT='TRUE';
    'PS_MIO39_501':
      PIN_NUMBER='(0,0,0,0,0,0,C13,0,0,0,0,0,0,0,0)';
      PINUSE='UNSPEC';
      NO_LOAD_CHECK='Both';
      NO_IO_CHECK='Both';
      NO_ASSERT_CHECK='TRUE';
      NO_DIR_CHECK='TRUE';
      ALLOW_CONNECT='TRUE';
    'PS_MIO41_501':
      PIN_NUMBER='(0,0,0,0,0,0,C8,0,0,0,0,0,0,0,0)';
      PINUSE='UNSPEC';
      NO_LOAD_CHECK='Both';
      NO_IO_CHECK='Both';
      NO_ASSERT_CHECK='TRUE';
      NO_DIR_CHECK='TRUE';
      ALLOW_CONNECT='TRUE';
    'PS_MIO43_501':
      PIN_NUMBER='(0,0,0,0,0,0,B11,0,0,0,0,0,0,0,0)';
      PINUSE='UNSPEC';
      NO_LOAD_CHECK='Both';
      NO_IO_CHECK='Both';
      NO_ASSERT_CHECK='TRUE';
      NO_DIR_CHECK='TRUE';
      ALLOW_CONNECT='TRUE';
    'PS_MIO45_501':
      PIN_NUMBER='(0,0,0,0,0,0,B9,0,0,0,0,0,0,0,0)';
      PINUSE='UNSPEC';
      NO_LOAD_CHECK='Both';
      NO_IO_CHECK='Both';
      NO_ASSERT_CHECK='TRUE';
      NO_DIR_CHECK='TRUE';
      ALLOW_CONNECT='TRUE';
    'PS_MIO47_501':
      PIN_NUMBER='(0,0,0,0,0,0,B10,0,0,0,0,0,0,0,0)';
      PINUSE='UNSPEC';
      NO_LOAD_CHECK='Both';
      NO_IO_CHECK='Both';
      NO_ASSERT_CHECK='TRUE';
      NO_DIR_CHECK='TRUE';
      ALLOW_CONNECT='TRUE';
    'PS_MIO49_501':
      PIN_NUMBER='(0,0,0,0,0,0,C14,0,0,0,0,0,0,0,0)';
      PINUSE='UNSPEC';
      NO_LOAD_CHECK='Both';
      NO_IO_CHECK='Both';
      NO_ASSERT_CHECK='TRUE';
      NO_DIR_CHECK='TRUE';
      ALLOW_CONNECT='TRUE';
    'PS_MIO51_501':
      PIN_NUMBER='(0,0,0,0,0,0,C10,0,0,0,0,0,0,0,0)';
      PINUSE='UNSPEC';
      NO_LOAD_CHECK='Both';
      NO_IO_CHECK='Both';
      NO_ASSERT_CHECK='TRUE';
      NO_DIR_CHECK='TRUE';
      ALLOW_CONNECT='TRUE';
    'PS_MIO53_501':
      PIN_NUMBER='(0,0,0,0,0,0,C12,0,0,0,0,0,0,0,0)';
      PINUSE='UNSPEC';
      NO_LOAD_CHECK='Both';
      NO_IO_CHECK='Both';
      NO_ASSERT_CHECK='TRUE';
      NO_DIR_CHECK='TRUE';
      ALLOW_CONNECT='TRUE';
    'VCCO_MIO1_501_A10':
      PIN_NUMBER='(0,0,0,0,0,0,A10,0,0,0,0,0,0,0,0)';
      PINUSE='UNSPEC';
      NO_LOAD_CHECK='Both';
      NO_IO_CHECK='Both';
      NO_ASSERT_CHECK='TRUE';
      NO_DIR_CHECK='TRUE';
      ALLOW_CONNECT='TRUE';
    'VCCO_MIO1_501_B13':
      PIN_NUMBER='(0,0,0,0,0,0,B13,0,0,0,0,0,0,0,0)';
      PINUSE='UNSPEC';
      NO_LOAD_CHECK='Both';
      NO_IO_CHECK='Both';
      NO_ASSERT_CHECK='TRUE';
      NO_DIR_CHECK='TRUE';
      ALLOW_CONNECT='TRUE';
    'VCCO_MIO1_501_D9':
      PIN_NUMBER='(0,0,0,0,0,0,D9,0,0,0,0,0,0,0,0)';
      PINUSE='UNSPEC';
      NO_LOAD_CHECK='Both';
      NO_IO_CHECK='Both';
      NO_ASSERT_CHECK='TRUE';
      NO_DIR_CHECK='TRUE';
      ALLOW_CONNECT='TRUE';
    'VCCO_MIO1_501_E12':
      PIN_NUMBER='(0,0,0,0,0,0,E12,0,0,0,0,0,0,0,0)';
      PINUSE='UNSPEC';
      NO_LOAD_CHECK='Both';
      NO_IO_CHECK='Both';
      NO_ASSERT_CHECK='TRUE';
      NO_DIR_CHECK='TRUE';
      ALLOW_CONNECT='TRUE';
    'PS_DDR_DRST_B_502':
      PIN_NUMBER='(0,0,0,0,0,0,0,F3,0,0,0,0,0,0,0)';
      PINUSE='UNSPEC';
      NO_LOAD_CHECK='Both';
      NO_IO_CHECK='Both';
      NO_ASSERT_CHECK='TRUE';
      NO_DIR_CHECK='TRUE';
      ALLOW_CONNECT='TRUE';
    'PS_DDR_DQ0_502':
      PIN_NUMBER='(0,0,0,0,0,0,0,D1,0,0,0,0,0,0,0)';
      PINUSE='UNSPEC';
      NO_LOAD_CHECK='Both';
      NO_IO_CHECK='Both';
      NO_ASSERT_CHECK='TRUE';
      NO_DIR_CHECK='TRUE';
      ALLOW_CONNECT='TRUE';
    'PS_DDR_DQ1_502':
      PIN_NUMBER='(0,0,0,0,0,0,0,C3,0,0,0,0,0,0,0)';
      PINUSE='UNSPEC';
      NO_LOAD_CHECK='Both';
      NO_IO_CHECK='Both';
      NO_ASSERT_CHECK='TRUE';
      NO_DIR_CHECK='TRUE';
      ALLOW_CONNECT='TRUE';
    'PS_DDR_DQ2_502':
      PIN_NUMBER='(0,0,0,0,0,0,0,B2,0,0,0,0,0,0,0)';
      PINUSE='UNSPEC';
      NO_LOAD_CHECK='Both';
      NO_IO_CHECK='Both';
      NO_ASSERT_CHECK='TRUE';
      NO_DIR_CHECK='TRUE';
      ALLOW_CONNECT='TRUE';
    'PS_DDR_DQ3_502':
      PIN_NUMBER='(0,0,0,0,0,0,0,D3,0,0,0,0,0,0,0)';
      PINUSE='UNSPEC';
      NO_LOAD_CHECK='Both';
      NO_IO_CHECK='Both';
      NO_ASSERT_CHECK='TRUE';
      NO_DIR_CHECK='TRUE';
      ALLOW_CONNECT='TRUE';
    'PS_DDR_DM0_502':
      PIN_NUMBER='(0,0,0,0,0,0,0,B1,0,0,0,0,0,0,0)';
      PINUSE='UNSPEC';
      NO_LOAD_CHECK='Both';
      NO_IO_CHECK='Both';
      NO_ASSERT_CHECK='TRUE';
      NO_DIR_CHECK='TRUE';
      ALLOW_CONNECT='TRUE';
    'PS_DDR_DQS_P0_502':
      PIN_NUMBER='(0,0,0,0,0,0,0,C2,0,0,0,0,0,0,0)';
      PINUSE='UNSPEC';
      NO_LOAD_CHECK='Both';
      NO_IO_CHECK='Both';
      NO_ASSERT_CHECK='TRUE';
      NO_DIR_CHECK='TRUE';
      ALLOW_CONNECT='TRUE';
    'PS_DDR_DQS_N0_502':
      PIN_NUMBER='(0,0,0,0,0,0,0,D2,0,0,0,0,0,0,0)';
      PINUSE='UNSPEC';
      NO_LOAD_CHECK='Both';
      NO_IO_CHECK='Both';
      NO_ASSERT_CHECK='TRUE';
      NO_DIR_CHECK='TRUE';
      ALLOW_CONNECT='TRUE';
    'PS_DDR_DQ4_502':
      PIN_NUMBER='(0,0,0,0,0,0,0,E3,0,0,0,0,0,0,0)';
      PINUSE='UNSPEC';
      NO_LOAD_CHECK='Both';
      NO_IO_CHECK='Both';
      NO_ASSERT_CHECK='TRUE';
      NO_DIR_CHECK='TRUE';
      ALLOW_CONNECT='TRUE';
    'PS_DDR_DQ5_502':
      PIN_NUMBER='(0,0,0,0,0,0,0,E1,0,0,0,0,0,0,0)';
      PINUSE='UNSPEC';
      NO_LOAD_CHECK='Both';
      NO_IO_CHECK='Both';
      NO_ASSERT_CHECK='TRUE';
      NO_DIR_CHECK='TRUE';
      ALLOW_CONNECT='TRUE';
    'PS_DDR_DQ6_502':
      PIN_NUMBER='(0,0,0,0,0,0,0,F2,0,0,0,0,0,0,0)';
      PINUSE='UNSPEC';
      NO_LOAD_CHECK='Both';
      NO_IO_CHECK='Both';
      NO_ASSERT_CHECK='TRUE';
      NO_DIR_CHECK='TRUE';
      ALLOW_CONNECT='TRUE';
    'PS_DDR_DQ7_502':
      PIN_NUMBER='(0,0,0,0,0,0,0,F1,0,0,0,0,0,0,0)';
      PINUSE='UNSPEC';
      NO_LOAD_CHECK='Both';
      NO_IO_CHECK='Both';
      NO_ASSERT_CHECK='TRUE';
      NO_DIR_CHECK='TRUE';
      ALLOW_CONNECT='TRUE';
    'PS_DDR_DQ8_502':
      PIN_NUMBER='(0,0,0,0,0,0,0,G2,0,0,0,0,0,0,0)';
      PINUSE='UNSPEC';
      NO_LOAD_CHECK='Both';
      NO_IO_CHECK='Both';
      NO_ASSERT_CHECK='TRUE';
      NO_DIR_CHECK='TRUE';
      ALLOW_CONNECT='TRUE';
    'PS_DDR_DQ9_502':
      PIN_NUMBER='(0,0,0,0,0,0,0,G1,0,0,0,0,0,0,0)';
      PINUSE='UNSPEC';
      NO_LOAD_CHECK='Both';
      NO_IO_CHECK='Both';
      NO_ASSERT_CHECK='TRUE';
      NO_DIR_CHECK='TRUE';
      ALLOW_CONNECT='TRUE';
    'PS_DDR_DQ10_502':
      PIN_NUMBER='(0,0,0,0,0,0,0,L1,0,0,0,0,0,0,0)';
      PINUSE='UNSPEC';
      NO_LOAD_CHECK='Both';
      NO_IO_CHECK='Both';
      NO_ASSERT_CHECK='TRUE';
      NO_DIR_CHECK='TRUE';
      ALLOW_CONNECT='TRUE';
    'PS_DDR_DQ11_502':
      PIN_NUMBER='(0,0,0,0,0,0,0,L2,0,0,0,0,0,0,0)';
      PINUSE='UNSPEC';
      NO_LOAD_CHECK='Both';
      NO_IO_CHECK='Both';
      NO_ASSERT_CHECK='TRUE';
      NO_DIR_CHECK='TRUE';
      ALLOW_CONNECT='TRUE';
    'PS_DDR_DM1_502':
      PIN_NUMBER='(0,0,0,0,0,0,0,H3,0,0,0,0,0,0,0)';
      PINUSE='UNSPEC';
      NO_LOAD_CHECK='Both';
      NO_IO_CHECK='Both';
      NO_ASSERT_CHECK='TRUE';
      NO_DIR_CHECK='TRUE';
      ALLOW_CONNECT='TRUE';
    'PS_DDR_DQS_P1_502':
      PIN_NUMBER='(0,0,0,0,0,0,0,H2,0,0,0,0,0,0,0)';
      PINUSE='UNSPEC';
      NO_LOAD_CHECK='Both';
      NO_IO_CHECK='Both';
      NO_ASSERT_CHECK='TRUE';
      NO_DIR_CHECK='TRUE';
      ALLOW_CONNECT='TRUE';
    'PS_DDR_DQS_N1_502':
      PIN_NUMBER='(0,0,0,0,0,0,0,J2,0,0,0,0,0,0,0)';
      PINUSE='UNSPEC';
      NO_LOAD_CHECK='Both';
      NO_IO_CHECK='Both';
      NO_ASSERT_CHECK='TRUE';
      NO_DIR_CHECK='TRUE';
      ALLOW_CONNECT='TRUE';
    'PS_DDR_DQ12_502':
      PIN_NUMBER='(0,0,0,0,0,0,0,L3,0,0,0,0,0,0,0)';
      PINUSE='UNSPEC';
      NO_LOAD_CHECK='Both';
      NO_IO_CHECK='Both';
      NO_ASSERT_CHECK='TRUE';
      NO_DIR_CHECK='TRUE';
      ALLOW_CONNECT='TRUE';
    'PS_DDR_DQ13_502':
      PIN_NUMBER='(0,0,0,0,0,0,0,K1,0,0,0,0,0,0,0)';
      PINUSE='UNSPEC';
      NO_LOAD_CHECK='Both';
      NO_IO_CHECK='Both';
      NO_ASSERT_CHECK='TRUE';
      NO_DIR_CHECK='TRUE';
      ALLOW_CONNECT='TRUE';
    'PS_DDR_DQ14_502':
      PIN_NUMBER='(0,0,0,0,0,0,0,J1,0,0,0,0,0,0,0)';
      PINUSE='UNSPEC';
      NO_LOAD_CHECK='Both';
      NO_IO_CHECK='Both';
      NO_ASSERT_CHECK='TRUE';
      NO_DIR_CHECK='TRUE';
      ALLOW_CONNECT='TRUE';
    'PS_DDR_DQ15_502':
      PIN_NUMBER='(0,0,0,0,0,0,0,K3,0,0,0,0,0,0,0)';
      PINUSE='UNSPEC';
      NO_LOAD_CHECK='Both';
      NO_IO_CHECK='Both';
      NO_ASSERT_CHECK='TRUE';
      NO_DIR_CHECK='TRUE';
      ALLOW_CONNECT='TRUE';
    'PS_DDR_A14_502':
      PIN_NUMBER='(0,0,0,0,0,0,0,G4,0,0,0,0,0,0,0)';
      PINUSE='UNSPEC';
      NO_LOAD_CHECK='Both';
      NO_IO_CHECK='Both';
      NO_ASSERT_CHECK='TRUE';
      NO_DIR_CHECK='TRUE';
      ALLOW_CONNECT='TRUE';
    'PS_DDR_A13_502':
      PIN_NUMBER='(0,0,0,0,0,0,0,F4,0,0,0,0,0,0,0)';
      PINUSE='UNSPEC';
      NO_LOAD_CHECK='Both';
      NO_IO_CHECK='Both';
      NO_ASSERT_CHECK='TRUE';
      NO_DIR_CHECK='TRUE';
      ALLOW_CONNECT='TRUE';
    'PS_DDR_A12_502':
      PIN_NUMBER='(0,0,0,0,0,0,0,H4,0,0,0,0,0,0,0)';
      PINUSE='UNSPEC';
      NO_LOAD_CHECK='Both';
      NO_IO_CHECK='Both';
      NO_ASSERT_CHECK='TRUE';
      NO_DIR_CHECK='TRUE';
      ALLOW_CONNECT='TRUE';
    'PS_DDR_A11_502':
      PIN_NUMBER='(0,0,0,0,0,0,0,G5,0,0,0,0,0,0,0)';
      PINUSE='UNSPEC';
      NO_LOAD_CHECK='Both';
      NO_IO_CHECK='Both';
      NO_ASSERT_CHECK='TRUE';
      NO_DIR_CHECK='TRUE';
      ALLOW_CONNECT='TRUE';
    'PS_DDR_A10_502':
      PIN_NUMBER='(0,0,0,0,0,0,0,J3,0,0,0,0,0,0,0)';
      PINUSE='UNSPEC';
      NO_LOAD_CHECK='Both';
      NO_IO_CHECK='Both';
      NO_ASSERT_CHECK='TRUE';
      NO_DIR_CHECK='TRUE';
      ALLOW_CONNECT='TRUE';
    'PS_DDR_A9_502':
      PIN_NUMBER='(0,0,0,0,0,0,0,H5,0,0,0,0,0,0,0)';
      PINUSE='UNSPEC';
      NO_LOAD_CHECK='Both';
      NO_IO_CHECK='Both';
      NO_ASSERT_CHECK='TRUE';
      NO_DIR_CHECK='TRUE';
      ALLOW_CONNECT='TRUE';
    'PS_DDR_A8_502':
      PIN_NUMBER='(0,0,0,0,0,0,0,J5,0,0,0,0,0,0,0)';
      PINUSE='UNSPEC';
      NO_LOAD_CHECK='Both';
      NO_IO_CHECK='Both';
      NO_ASSERT_CHECK='TRUE';
      NO_DIR_CHECK='TRUE';
      ALLOW_CONNECT='TRUE';
    'PS_DDR_A7_502':
      PIN_NUMBER='(0,0,0,0,0,0,0,J6,0,0,0,0,0,0,0)';
      PINUSE='UNSPEC';
      NO_LOAD_CHECK='Both';
      NO_IO_CHECK='Both';
      NO_ASSERT_CHECK='TRUE';
      NO_DIR_CHECK='TRUE';
      ALLOW_CONNECT='TRUE';
    'PS_DDR_A6_502':
      PIN_NUMBER='(0,0,0,0,0,0,0,J7,0,0,0,0,0,0,0)';
      PINUSE='UNSPEC';
      NO_LOAD_CHECK='Both';
      NO_IO_CHECK='Both';
      NO_ASSERT_CHECK='TRUE';
      NO_DIR_CHECK='TRUE';
      ALLOW_CONNECT='TRUE';
    'PS_DDR_A5_502':
      PIN_NUMBER='(0,0,0,0,0,0,0,K5,0,0,0,0,0,0,0)';
      PINUSE='UNSPEC';
      NO_LOAD_CHECK='Both';
      NO_IO_CHECK='Both';
      NO_ASSERT_CHECK='TRUE';
      NO_DIR_CHECK='TRUE';
      ALLOW_CONNECT='TRUE';
    'PS_DDR_A4_502':
      PIN_NUMBER='(0,0,0,0,0,0,0,K6,0,0,0,0,0,0,0)';
      PINUSE='UNSPEC';
      NO_LOAD_CHECK='Both';
      NO_IO_CHECK='Both';
      NO_ASSERT_CHECK='TRUE';
      NO_DIR_CHECK='TRUE';
      ALLOW_CONNECT='TRUE';
    'PS_DDR_A3_502':
      PIN_NUMBER='(0,0,0,0,0,0,0,L4,0,0,0,0,0,0,0)';
      PINUSE='UNSPEC';
      NO_LOAD_CHECK='Both';
      NO_IO_CHECK='Both';
      NO_ASSERT_CHECK='TRUE';
      NO_DIR_CHECK='TRUE';
      ALLOW_CONNECT='TRUE';
    'PS_DDR_VRN_502':
      PIN_NUMBER='(0,0,0,0,0,0,0,M7,0,0,0,0,0,0,0)';
      PINUSE='UNSPEC';
      NO_LOAD_CHECK='Both';
      NO_IO_CHECK='Both';
      NO_ASSERT_CHECK='TRUE';
      NO_DIR_CHECK='TRUE';
      ALLOW_CONNECT='TRUE';
    'PS_DDR_VRP_502':
      PIN_NUMBER='(0,0,0,0,0,0,0,N7,0,0,0,0,0,0,0)';
      PINUSE='UNSPEC';
      NO_LOAD_CHECK='Both';
      NO_IO_CHECK='Both';
      NO_ASSERT_CHECK='TRUE';
      NO_DIR_CHECK='TRUE';
      ALLOW_CONNECT='TRUE';
    'PS_DDR_CKP_502':
      PIN_NUMBER='(0,0,0,0,0,0,0,N4,0,0,0,0,0,0,0)';
      PINUSE='UNSPEC';
      NO_LOAD_CHECK='Both';
      NO_IO_CHECK='Both';
      NO_ASSERT_CHECK='TRUE';
      NO_DIR_CHECK='TRUE';
      ALLOW_CONNECT='TRUE';
    'PS_DDR_CKN_502':
      PIN_NUMBER='(0,0,0,0,0,0,0,N5,0,0,0,0,0,0,0)';
      PINUSE='UNSPEC';
      NO_LOAD_CHECK='Both';
      NO_IO_CHECK='Both';
      NO_ASSERT_CHECK='TRUE';
      NO_DIR_CHECK='TRUE';
      ALLOW_CONNECT='TRUE';
    'PS_DDR_A2_502':
      PIN_NUMBER='(0,0,0,0,0,0,0,K4,0,0,0,0,0,0,0)';
      PINUSE='UNSPEC';
      NO_LOAD_CHECK='Both';
      NO_IO_CHECK='Both';
      NO_ASSERT_CHECK='TRUE';
      NO_DIR_CHECK='TRUE';
      ALLOW_CONNECT='TRUE';
    'PS_DDR_A1_502':
      PIN_NUMBER='(0,0,0,0,0,0,0,M5,0,0,0,0,0,0,0)';
      PINUSE='UNSPEC';
      NO_LOAD_CHECK='Both';
      NO_IO_CHECK='Both';
      NO_ASSERT_CHECK='TRUE';
      NO_DIR_CHECK='TRUE';
      ALLOW_CONNECT='TRUE';
    'PS_DDR_A0_502':
      PIN_NUMBER='(0,0,0,0,0,0,0,M4,0,0,0,0,0,0,0)';
      PINUSE='UNSPEC';
      NO_LOAD_CHECK='Both';
      NO_IO_CHECK='Both';
      NO_ASSERT_CHECK='TRUE';
      NO_DIR_CHECK='TRUE';
      ALLOW_CONNECT='TRUE';
    'PS_DDR_BA2_502':
      PIN_NUMBER='(0,0,0,0,0,0,0,M6,0,0,0,0,0,0,0)';
      PINUSE='UNSPEC';
      NO_LOAD_CHECK='Both';
      NO_IO_CHECK='Both';
      NO_ASSERT_CHECK='TRUE';
      NO_DIR_CHECK='TRUE';
      ALLOW_CONNECT='TRUE';
    'PS_DDR_BA1_502':
      PIN_NUMBER='(0,0,0,0,0,0,0,L6,0,0,0,0,0,0,0)';
      PINUSE='UNSPEC';
      NO_LOAD_CHECK='Both';
      NO_IO_CHECK='Both';
      NO_ASSERT_CHECK='TRUE';
      NO_DIR_CHECK='TRUE';
      ALLOW_CONNECT='TRUE';
    'PS_DDR_BA0_502':
      PIN_NUMBER='(0,0,0,0,0,0,0,L7,0,0,0,0,0,0,0)';
      PINUSE='UNSPEC';
      NO_LOAD_CHECK='Both';
      NO_IO_CHECK='Both';
      NO_ASSERT_CHECK='TRUE';
      NO_DIR_CHECK='TRUE';
      ALLOW_CONNECT='TRUE';
    'PS_DDR_ODT_502':
      PIN_NUMBER='(0,0,0,0,0,0,0,P5,0,0,0,0,0,0,0)';
      PINUSE='UNSPEC';
      NO_LOAD_CHECK='Both';
      NO_IO_CHECK='Both';
      NO_ASSERT_CHECK='TRUE';
      NO_DIR_CHECK='TRUE';
      ALLOW_CONNECT='TRUE';
    'PS_DDR_CS_B_502':
      PIN_NUMBER='(0,0,0,0,0,0,0,P6,0,0,0,0,0,0,0)';
      PINUSE='UNSPEC';
      NO_LOAD_CHECK='Both';
      NO_IO_CHECK='Both';
      NO_ASSERT_CHECK='TRUE';
      NO_DIR_CHECK='TRUE';
      ALLOW_CONNECT='TRUE';
    'PS_DDR_CKE_502':
      PIN_NUMBER='(0,0,0,0,0,0,0,V3,0,0,0,0,0,0,0)';
      PINUSE='UNSPEC';
      NO_LOAD_CHECK='Both';
      NO_IO_CHECK='Both';
      NO_ASSERT_CHECK='TRUE';
      NO_DIR_CHECK='TRUE';
      ALLOW_CONNECT='TRUE';
    'PS_DDR_WE_B_502':
      PIN_NUMBER='(0,0,0,0,0,0,0,R4,0,0,0,0,0,0,0)';
      PINUSE='UNSPEC';
      NO_LOAD_CHECK='Both';
      NO_IO_CHECK='Both';
      NO_ASSERT_CHECK='TRUE';
      NO_DIR_CHECK='TRUE';
      ALLOW_CONNECT='TRUE';
    'PS_DDR_CAS_B_502':
      PIN_NUMBER='(0,0,0,0,0,0,0,P3,0,0,0,0,0,0,0)';
      PINUSE='UNSPEC';
      NO_LOAD_CHECK='Both';
      NO_IO_CHECK='Both';
      NO_ASSERT_CHECK='TRUE';
      NO_DIR_CHECK='TRUE';
      ALLOW_CONNECT='TRUE';
    'PS_DDR_RAS_B_502':
      PIN_NUMBER='(0,0,0,0,0,0,0,R5,0,0,0,0,0,0,0)';
      PINUSE='UNSPEC';
      NO_LOAD_CHECK='Both';
      NO_IO_CHECK='Both';
      NO_ASSERT_CHECK='TRUE';
      NO_DIR_CHECK='TRUE';
      ALLOW_CONNECT='TRUE';
    'PS_DDR_DQ16_502':
      PIN_NUMBER='(0,0,0,0,0,0,0,M1,0,0,0,0,0,0,0)';
      PINUSE='UNSPEC';
      NO_LOAD_CHECK='Both';
      NO_IO_CHECK='Both';
      NO_ASSERT_CHECK='TRUE';
      NO_DIR_CHECK='TRUE';
      ALLOW_CONNECT='TRUE';
    'PS_DDR_DQ17_502':
      PIN_NUMBER='(0,0,0,0,0,0,0,T3,0,0,0,0,0,0,0)';
      PINUSE='UNSPEC';
      NO_LOAD_CHECK='Both';
      NO_IO_CHECK='Both';
      NO_ASSERT_CHECK='TRUE';
      NO_DIR_CHECK='TRUE';
      ALLOW_CONNECT='TRUE';
    'PS_DDR_DQ18_502':
      PIN_NUMBER='(0,0,0,0,0,0,0,N3,0,0,0,0,0,0,0)';
      PINUSE='UNSPEC';
      NO_LOAD_CHECK='Both';
      NO_IO_CHECK='Both';
      NO_ASSERT_CHECK='TRUE';
      NO_DIR_CHECK='TRUE';
      ALLOW_CONNECT='TRUE';
    'PS_DDR_DQ19_502':
      PIN_NUMBER='(0,0,0,0,0,0,0,T1,0,0,0,0,0,0,0)';
      PINUSE='UNSPEC';
      NO_LOAD_CHECK='Both';
      NO_IO_CHECK='Both';
      NO_ASSERT_CHECK='TRUE';
      NO_DIR_CHECK='TRUE';
      ALLOW_CONNECT='TRUE';
    'PS_DDR_DM2_502':
      PIN_NUMBER='(0,0,0,0,0,0,0,P1,0,0,0,0,0,0,0)';
      PINUSE='UNSPEC';
      NO_LOAD_CHECK='Both';
      NO_IO_CHECK='Both';
      NO_ASSERT_CHECK='TRUE';
      NO_DIR_CHECK='TRUE';
      ALLOW_CONNECT='TRUE';
    'PS_DDR_DQS_P2_502':
      PIN_NUMBER='(0,0,0,0,0,0,0,N2,0,0,0,0,0,0,0)';
      PINUSE='UNSPEC';
      NO_LOAD_CHECK='Both';
      NO_IO_CHECK='Both';
      NO_ASSERT_CHECK='TRUE';
      NO_DIR_CHECK='TRUE';
      ALLOW_CONNECT='TRUE';
    'PS_DDR_DQS_N2_502':
      PIN_NUMBER='(0,0,0,0,0,0,0,P2,0,0,0,0,0,0,0)';
      PINUSE='UNSPEC';
      NO_LOAD_CHECK='Both';
      NO_IO_CHECK='Both';
      NO_ASSERT_CHECK='TRUE';
      NO_DIR_CHECK='TRUE';
      ALLOW_CONNECT='TRUE';
    'PS_DDR_DQ20_502':
      PIN_NUMBER='(0,0,0,0,0,0,0,R3,0,0,0,0,0,0,0)';
      PINUSE='UNSPEC';
      NO_LOAD_CHECK='Both';
      NO_IO_CHECK='Both';
      NO_ASSERT_CHECK='TRUE';
      NO_DIR_CHECK='TRUE';
      ALLOW_CONNECT='TRUE';
    'PS_DDR_DQ21_502':
      PIN_NUMBER='(0,0,0,0,0,0,0,T2,0,0,0,0,0,0,0)';
      PINUSE='UNSPEC';
      NO_LOAD_CHECK='Both';
      NO_IO_CHECK='Both';
      NO_ASSERT_CHECK='TRUE';
      NO_DIR_CHECK='TRUE';
      ALLOW_CONNECT='TRUE';
    'PS_DDR_DQ22_502':
      PIN_NUMBER='(0,0,0,0,0,0,0,M2,0,0,0,0,0,0,0)';
      PINUSE='UNSPEC';
      NO_LOAD_CHECK='Both';
      NO_IO_CHECK='Both';
      NO_ASSERT_CHECK='TRUE';
      NO_DIR_CHECK='TRUE';
      ALLOW_CONNECT='TRUE';
    'PS_DDR_DQ23_502':
      PIN_NUMBER='(0,0,0,0,0,0,0,R1,0,0,0,0,0,0,0)';
      PINUSE='UNSPEC';
      NO_LOAD_CHECK='Both';
      NO_IO_CHECK='Both';
      NO_ASSERT_CHECK='TRUE';
      NO_DIR_CHECK='TRUE';
      ALLOW_CONNECT='TRUE';
    'PS_DDR_DQ24_502':
      PIN_NUMBER='(0,0,0,0,0,0,0,AA3,0,0,0,0,0,0,0)';
      PINUSE='UNSPEC';
      NO_LOAD_CHECK='Both';
      NO_IO_CHECK='Both';
      NO_ASSERT_CHECK='TRUE';
      NO_DIR_CHECK='TRUE';
      ALLOW_CONNECT='TRUE';
    'PS_DDR_DQ25_502':
      PIN_NUMBER='(0,0,0,0,0,0,0,U1,0,0,0,0,0,0,0)';
      PINUSE='UNSPEC';
      NO_LOAD_CHECK='Both';
      NO_IO_CHECK='Both';
      NO_ASSERT_CHECK='TRUE';
      NO_DIR_CHECK='TRUE';
      ALLOW_CONNECT='TRUE';
    'PS_DDR_DQ26_502':
      PIN_NUMBER='(0,0,0,0,0,0,0,AA1,0,0,0,0,0,0,0)';
      PINUSE='UNSPEC';
      NO_LOAD_CHECK='Both';
      NO_IO_CHECK='Both';
      NO_ASSERT_CHECK='TRUE';
      NO_DIR_CHECK='TRUE';
      ALLOW_CONNECT='TRUE';
    'PS_DDR_DQ27_502':
      PIN_NUMBER='(0,0,0,0,0,0,0,U2,0,0,0,0,0,0,0)';
      PINUSE='UNSPEC';
      NO_LOAD_CHECK='Both';
      NO_IO_CHECK='Both';
      NO_ASSERT_CHECK='TRUE';
      NO_DIR_CHECK='TRUE';
      ALLOW_CONNECT='TRUE';
    'PS_DDR_DM3_502':
      PIN_NUMBER='(0,0,0,0,0,0,0,AA2,0,0,0,0,0,0,0)';
      PINUSE='UNSPEC';
      NO_LOAD_CHECK='Both';
      NO_IO_CHECK='Both';
      NO_ASSERT_CHECK='TRUE';
      NO_DIR_CHECK='TRUE';
      ALLOW_CONNECT='TRUE';
    'PS_DDR_DQS_P3_502':
      PIN_NUMBER='(0,0,0,0,0,0,0,V2,0,0,0,0,0,0,0)';
      PINUSE='UNSPEC';
      NO_LOAD_CHECK='Both';
      NO_IO_CHECK='Both';
      NO_ASSERT_CHECK='TRUE';
      NO_DIR_CHECK='TRUE';
      ALLOW_CONNECT='TRUE';
    'PS_DDR_DQS_N3_502':
      PIN_NUMBER='(0,0,0,0,0,0,0,W2,0,0,0,0,0,0,0)';
      PINUSE='UNSPEC';
      NO_LOAD_CHECK='Both';
      NO_IO_CHECK='Both';
      NO_ASSERT_CHECK='TRUE';
      NO_DIR_CHECK='TRUE';
      ALLOW_CONNECT='TRUE';
    'PS_DDR_DQ28_502':
      PIN_NUMBER='(0,0,0,0,0,0,0,W1,0,0,0,0,0,0,0)';
      PINUSE='UNSPEC';
      NO_LOAD_CHECK='Both';
      NO_IO_CHECK='Both';
      NO_ASSERT_CHECK='TRUE';
      NO_DIR_CHECK='TRUE';
      ALLOW_CONNECT='TRUE';
    'PS_DDR_DQ29_502':
      PIN_NUMBER='(0,0,0,0,0,0,0,Y3,0,0,0,0,0,0,0)';
      PINUSE='UNSPEC';
      NO_LOAD_CHECK='Both';
      NO_IO_CHECK='Both';
      NO_ASSERT_CHECK='TRUE';
      NO_DIR_CHECK='TRUE';
      ALLOW_CONNECT='TRUE';
    'PS_DDR_DQ30_502':
      PIN_NUMBER='(0,0,0,0,0,0,0,W3,0,0,0,0,0,0,0)';
      PINUSE='UNSPEC';
      NO_LOAD_CHECK='Both';
      NO_IO_CHECK='Both';
      NO_ASSERT_CHECK='TRUE';
      NO_DIR_CHECK='TRUE';
      ALLOW_CONNECT='TRUE';
    'PS_DDR_DQ31_502':
      PIN_NUMBER='(0,0,0,0,0,0,0,Y1,0,0,0,0,0,0,0)';
      PINUSE='UNSPEC';
      NO_LOAD_CHECK='Both';
      NO_IO_CHECK='Both';
      NO_ASSERT_CHECK='TRUE';
      NO_DIR_CHECK='TRUE';
      ALLOW_CONNECT='TRUE';
    'VCCO_DDR_502_E2':
      PIN_NUMBER='(0,0,0,0,0,0,0,E2,0,0,0,0,0,0,0)';
      PINUSE='UNSPEC';
      NO_LOAD_CHECK='Both';
      NO_IO_CHECK='Both';
      NO_ASSERT_CHECK='TRUE';
      NO_DIR_CHECK='TRUE';
      ALLOW_CONNECT='TRUE';
    'VCCO_DDR_502_F5':
      PIN_NUMBER='(0,0,0,0,0,0,0,F5,0,0,0,0,0,0,0)';
      PINUSE='UNSPEC';
      NO_LOAD_CHECK='Both';
      NO_IO_CHECK='Both';
      NO_ASSERT_CHECK='TRUE';
      NO_DIR_CHECK='TRUE';
      ALLOW_CONNECT='TRUE';
    'VCCO_DDR_502_H1':
      PIN_NUMBER='(0,0,0,0,0,0,0,H1,0,0,0,0,0,0,0)';
      PINUSE='UNSPEC';
      NO_LOAD_CHECK='Both';
      NO_IO_CHECK='Both';
      NO_ASSERT_CHECK='TRUE';
      NO_DIR_CHECK='TRUE';
      ALLOW_CONNECT='TRUE';
    'VCCO_DDR_502_J4':
      PIN_NUMBER='(0,0,0,0,0,0,0,J4,0,0,0,0,0,0,0)';
      PINUSE='UNSPEC';
      NO_LOAD_CHECK='Both';
      NO_IO_CHECK='Both';
      NO_ASSERT_CHECK='TRUE';
      NO_DIR_CHECK='TRUE';
      ALLOW_CONNECT='TRUE';
    'VCCO_DDR_502_K7':
      PIN_NUMBER='(0,0,0,0,0,0,0,K7,0,0,0,0,0,0,0)';
      PINUSE='UNSPEC';
      NO_LOAD_CHECK='Both';
      NO_IO_CHECK='Both';
      NO_ASSERT_CHECK='TRUE';
      NO_DIR_CHECK='TRUE';
      ALLOW_CONNECT='TRUE';
    'VCCO_DDR_502_M3':
      PIN_NUMBER='(0,0,0,0,0,0,0,M3,0,0,0,0,0,0,0)';
      PINUSE='UNSPEC';
      NO_LOAD_CHECK='Both';
      NO_IO_CHECK='Both';
      NO_ASSERT_CHECK='TRUE';
      NO_DIR_CHECK='TRUE';
      ALLOW_CONNECT='TRUE';
    'VCCO_DDR_502_N6':
      PIN_NUMBER='(0,0,0,0,0,0,0,N6,0,0,0,0,0,0,0)';
      PINUSE='UNSPEC';
      NO_LOAD_CHECK='Both';
      NO_IO_CHECK='Both';
      NO_ASSERT_CHECK='TRUE';
      NO_DIR_CHECK='TRUE';
      ALLOW_CONNECT='TRUE';
    'VCCO_DDR_502_R2':
      PIN_NUMBER='(0,0,0,0,0,0,0,R2,0,0,0,0,0,0,0)';
      PINUSE='UNSPEC';
      NO_LOAD_CHECK='Both';
      NO_IO_CHECK='Both';
      NO_ASSERT_CHECK='TRUE';
      NO_DIR_CHECK='TRUE';
      ALLOW_CONNECT='TRUE';
    'VCCO_DDR_502_V1':
      PIN_NUMBER='(0,0,0,0,0,0,0,V1,0,0,0,0,0,0,0)';
      PINUSE='UNSPEC';
      NO_LOAD_CHECK='Both';
      NO_IO_CHECK='Both';
      NO_ASSERT_CHECK='TRUE';
      NO_DIR_CHECK='TRUE';
      ALLOW_CONNECT='TRUE';
    'PS_DDR_VREF0_502_H7':
      PIN_NUMBER='(0,0,0,0,0,0,0,H7,0,0,0,0,0,0,0)';
      PINUSE='UNSPEC';
      NO_LOAD_CHECK='Both';
      NO_IO_CHECK='Both';
      NO_ASSERT_CHECK='TRUE';
      NO_DIR_CHECK='TRUE';
      ALLOW_CONNECT='TRUE';
    'PS_DDR_VREF1_502_P7':
      PIN_NUMBER='(0,0,0,0,0,0,0,P7,0,0,0,0,0,0,0)';
      PINUSE='UNSPEC';
      NO_LOAD_CHECK='Both';
      NO_IO_CHECK='Both';
      NO_ASSERT_CHECK='TRUE';
      NO_DIR_CHECK='TRUE';
      ALLOW_CONNECT='TRUE';
    'GND_A5':
      PIN_NUMBER='(0,0,0,0,0,0,0,0,A5,0,0,0,0,0,0)';
      PINUSE='UNSPEC';
      NO_LOAD_CHECK='Both';
      NO_IO_CHECK='Both';
      NO_ASSERT_CHECK='TRUE';
      NO_DIR_CHECK='TRUE';
      ALLOW_CONNECT='TRUE';
    'GND_A15':
      PIN_NUMBER='(0,0,0,0,0,0,0,0,A15,0,0,0,0,0,0)';
      PINUSE='UNSPEC';
      NO_LOAD_CHECK='Both';
      NO_IO_CHECK='Both';
      NO_ASSERT_CHECK='TRUE';
      NO_DIR_CHECK='TRUE';
      ALLOW_CONNECT='TRUE';
    'GND_AA5':
      PIN_NUMBER='(0,0,0,0,0,0,0,0,AA5,0,0,0,0,0,0)';
      PINUSE='UNSPEC';
      NO_LOAD_CHECK='Both';
      NO_IO_CHECK='Both';
      NO_ASSERT_CHECK='TRUE';
      NO_DIR_CHECK='TRUE';
      ALLOW_CONNECT='TRUE';
    'GND_AA15':
      PIN_NUMBER='(0,0,0,0,0,0,0,0,AA15,0,0,0,0,0,0)';
      PINUSE='UNSPEC';
      NO_LOAD_CHECK='Both';
      NO_IO_CHECK='Both';
      NO_ASSERT_CHECK='TRUE';
      NO_DIR_CHECK='TRUE';
      ALLOW_CONNECT='TRUE';
    'GND_AB8':
      PIN_NUMBER='(0,0,0,0,0,0,0,0,AB8,0,0,0,0,0,0)';
      PINUSE='UNSPEC';
      NO_LOAD_CHECK='Both';
      NO_IO_CHECK='Both';
      NO_ASSERT_CHECK='TRUE';
      NO_DIR_CHECK='TRUE';
      ALLOW_CONNECT='TRUE';
    'GND_AB18':
      PIN_NUMBER='(0,0,0,0,0,0,0,0,AB18,0,0,0,0,0,0)';
      PINUSE='UNSPEC';
      NO_LOAD_CHECK='Both';
      NO_IO_CHECK='Both';
      NO_ASSERT_CHECK='TRUE';
      NO_DIR_CHECK='TRUE';
      ALLOW_CONNECT='TRUE';
    'GND_B8':
      PIN_NUMBER='(0,0,0,0,0,0,0,0,B8,0,0,0,0,0,0)';
      PINUSE='UNSPEC';
      NO_LOAD_CHECK='Both';
      NO_IO_CHECK='Both';
      NO_ASSERT_CHECK='TRUE';
      NO_DIR_CHECK='TRUE';
      ALLOW_CONNECT='TRUE';
    'GND_B18':
      PIN_NUMBER='(0,0,0,0,0,0,0,0,B18,0,0,0,0,0,0)';
      PINUSE='UNSPEC';
      NO_LOAD_CHECK='Both';
      NO_IO_CHECK='Both';
      NO_ASSERT_CHECK='TRUE';
      NO_DIR_CHECK='TRUE';
      ALLOW_CONNECT='TRUE';
    'GND_C1':
      PIN_NUMBER='(0,0,0,0,0,0,0,0,C1,0,0,0,0,0,0)';
      PINUSE='UNSPEC';
      NO_LOAD_CHECK='Both';
      NO_IO_CHECK='Both';
      NO_ASSERT_CHECK='TRUE';
      NO_DIR_CHECK='TRUE';
      ALLOW_CONNECT='TRUE';
    'GND_C11':
      PIN_NUMBER='(0,0,0,0,0,0,0,0,C11,0,0,0,0,0,0)';
      PINUSE='UNSPEC';
      NO_LOAD_CHECK='Both';
      NO_IO_CHECK='Both';
      NO_ASSERT_CHECK='TRUE';
      NO_DIR_CHECK='TRUE';
      ALLOW_CONNECT='TRUE';
    'GND_C21':
      PIN_NUMBER='(0,0,0,0,0,0,0,0,C21,0,0,0,0,0,0)';
      PINUSE='UNSPEC';
      NO_LOAD_CHECK='Both';
      NO_IO_CHECK='Both';
      NO_ASSERT_CHECK='TRUE';
      NO_DIR_CHECK='TRUE';
      ALLOW_CONNECT='TRUE';
    'GND_D4':
      PIN_NUMBER='(0,0,0,0,0,0,0,0,D4,0,0,0,0,0,0)';
      PINUSE='UNSPEC';
      NO_LOAD_CHECK='Both';
      NO_IO_CHECK='Both';
      NO_ASSERT_CHECK='TRUE';
      NO_DIR_CHECK='TRUE';
      ALLOW_CONNECT='TRUE';
    'GND_D14':
      PIN_NUMBER='(0,0,0,0,0,0,0,0,D14,0,0,0,0,0,0)';
      PINUSE='UNSPEC';
      NO_LOAD_CHECK='Both';
      NO_IO_CHECK='Both';
      NO_ASSERT_CHECK='TRUE';
      NO_DIR_CHECK='TRUE';
      ALLOW_CONNECT='TRUE';
    'GND_E7':
      PIN_NUMBER='(0,0,0,0,0,0,0,0,E7,0,0,0,0,0,0)';
      PINUSE='UNSPEC';
      NO_LOAD_CHECK='Both';
      NO_IO_CHECK='Both';
      NO_ASSERT_CHECK='TRUE';
      NO_DIR_CHECK='TRUE';
      ALLOW_CONNECT='TRUE';
    'GND_E17':
      PIN_NUMBER='(0,0,0,0,0,0,0,0,E17,0,0,0,0,0,0)';
      PINUSE='UNSPEC';
      NO_LOAD_CHECK='Both';
      NO_IO_CHECK='Both';
      NO_ASSERT_CHECK='TRUE';
      NO_DIR_CHECK='TRUE';
      ALLOW_CONNECT='TRUE';
    'GND_F10':
      PIN_NUMBER='(0,0,0,0,0,0,0,0,F10,0,0,0,0,0,0)';
      PINUSE='UNSPEC';
      NO_LOAD_CHECK='Both';
      NO_IO_CHECK='Both';
      NO_ASSERT_CHECK='TRUE';
      NO_DIR_CHECK='TRUE';
      ALLOW_CONNECT='TRUE';
    'GND_F20':
      PIN_NUMBER='(0,0,0,0,0,0,0,0,F20,0,0,0,0,0,0)';
      PINUSE='UNSPEC';
      NO_LOAD_CHECK='Both';
      NO_IO_CHECK='Both';
      NO_ASSERT_CHECK='TRUE';
      NO_DIR_CHECK='TRUE';
      ALLOW_CONNECT='TRUE';
    'GND_G3':
      PIN_NUMBER='(0,0,0,0,0,0,0,0,G3,0,0,0,0,0,0)';
      PINUSE='UNSPEC';
      NO_LOAD_CHECK='Both';
      NO_IO_CHECK='Both';
      NO_ASSERT_CHECK='TRUE';
      NO_DIR_CHECK='TRUE';
      ALLOW_CONNECT='TRUE';
    'GND_H6':
      PIN_NUMBER='(0,0,0,0,0,0,0,0,H6,0,0,0,0,0,0)';
      PINUSE='UNSPEC';
      NO_LOAD_CHECK='Both';
      NO_IO_CHECK='Both';
      NO_ASSERT_CHECK='TRUE';
      NO_DIR_CHECK='TRUE';
      ALLOW_CONNECT='TRUE';
    'GND_H8':
      PIN_NUMBER='(0,0,0,0,0,0,0,0,H8,0,0,0,0,0,0)';
      PINUSE='UNSPEC';
      NO_LOAD_CHECK='Both';
      NO_IO_CHECK='Both';
      NO_ASSERT_CHECK='TRUE';
      NO_DIR_CHECK='TRUE';
      ALLOW_CONNECT='TRUE';
    'GND_H12':
      PIN_NUMBER='(0,0,0,0,0,0,0,0,H12,0,0,0,0,0,0)';
      PINUSE='UNSPEC';
      NO_LOAD_CHECK='Both';
      NO_IO_CHECK='Both';
      NO_ASSERT_CHECK='TRUE';
      NO_DIR_CHECK='TRUE';
      ALLOW_CONNECT='TRUE';
    'GND_H14':
      PIN_NUMBER='(0,0,0,0,0,0,0,0,H14,0,0,0,0,0,0)';
      PINUSE='UNSPEC';
      NO_LOAD_CHECK='Both';
      NO_IO_CHECK='Both';
      NO_ASSERT_CHECK='TRUE';
      NO_DIR_CHECK='TRUE';
      ALLOW_CONNECT='TRUE';
    'GND_H16':
      PIN_NUMBER='(0,0,0,0,0,0,0,0,H16,0,0,0,0,0,0)';
      PINUSE='UNSPEC';
      NO_LOAD_CHECK='Both';
      NO_IO_CHECK='Both';
      NO_ASSERT_CHECK='TRUE';
      NO_DIR_CHECK='TRUE';
      ALLOW_CONNECT='TRUE';
    'GND_J9':
      PIN_NUMBER='(0,0,0,0,0,0,0,0,J9,0,0,0,0,0,0)';
      PINUSE='UNSPEC';
      NO_LOAD_CHECK='Both';
      NO_IO_CHECK='Both';
      NO_ASSERT_CHECK='TRUE';
      NO_DIR_CHECK='TRUE';
      ALLOW_CONNECT='TRUE';
    'GND_J11':
      PIN_NUMBER='(0,0,0,0,0,0,0,0,J11,0,0,0,0,0,0)';
      PINUSE='UNSPEC';
      NO_LOAD_CHECK='Both';
      NO_IO_CHECK='Both';
      NO_ASSERT_CHECK='TRUE';
      NO_DIR_CHECK='TRUE';
      ALLOW_CONNECT='TRUE';
    'GND_J13':
      PIN_NUMBER='(0,0,0,0,0,0,0,0,J13,0,0,0,0,0,0)';
      PINUSE='UNSPEC';
      NO_LOAD_CHECK='Both';
      NO_IO_CHECK='Both';
      NO_ASSERT_CHECK='TRUE';
      NO_DIR_CHECK='TRUE';
      ALLOW_CONNECT='TRUE';
    'GND_J19':
      PIN_NUMBER='(0,0,0,0,0,0,0,0,J19,0,0,0,0,0,0)';
      PINUSE='UNSPEC';
      NO_LOAD_CHECK='Both';
      NO_IO_CHECK='Both';
      NO_ASSERT_CHECK='TRUE';
      NO_DIR_CHECK='TRUE';
      ALLOW_CONNECT='TRUE';
    'GND_K2':
      PIN_NUMBER='(0,0,0,0,0,0,0,0,K2,0,0,0,0,0,0)';
      PINUSE='UNSPEC';
      NO_LOAD_CHECK='Both';
      NO_IO_CHECK='Both';
      NO_ASSERT_CHECK='TRUE';
      NO_DIR_CHECK='TRUE';
      ALLOW_CONNECT='TRUE';
    'GND_K8':
      PIN_NUMBER='(0,0,0,0,0,0,0,0,K8,0,0,0,0,0,0)';
      PINUSE='UNSPEC';
      NO_LOAD_CHECK='Both';
      NO_IO_CHECK='Both';
      NO_ASSERT_CHECK='TRUE';
      NO_DIR_CHECK='TRUE';
      ALLOW_CONNECT='TRUE';
    'GND_K10':
      PIN_NUMBER='(0,0,0,0,0,0,0,0,K10,0,0,0,0,0,0)';
      PINUSE='UNSPEC';
      NO_LOAD_CHECK='Both';
      NO_IO_CHECK='Both';
      NO_ASSERT_CHECK='TRUE';
      NO_DIR_CHECK='TRUE';
      ALLOW_CONNECT='TRUE';
    'GND_K14':
      PIN_NUMBER='(0,0,0,0,0,0,0,0,K14,0,0,0,0,0,0)';
      PINUSE='UNSPEC';
      NO_LOAD_CHECK='Both';
      NO_IO_CHECK='Both';
      NO_ASSERT_CHECK='TRUE';
      NO_DIR_CHECK='TRUE';
      ALLOW_CONNECT='TRUE';
    'GND_K22':
      PIN_NUMBER='(0,0,0,0,0,0,0,0,K22,0,0,0,0,0,0)';
      PINUSE='UNSPEC';
      NO_LOAD_CHECK='Both';
      NO_IO_CHECK='Both';
      NO_ASSERT_CHECK='TRUE';
      NO_DIR_CHECK='TRUE';
      ALLOW_CONNECT='TRUE';
    'GND_L5':
      PIN_NUMBER='(0,0,0,0,0,0,0,0,L5,0,0,0,0,0,0)';
      PINUSE='UNSPEC';
      NO_LOAD_CHECK='Both';
      NO_IO_CHECK='Both';
      NO_ASSERT_CHECK='TRUE';
      NO_DIR_CHECK='TRUE';
      ALLOW_CONNECT='TRUE';
    'GND_L9':
      PIN_NUMBER='(0,0,0,0,0,0,0,0,L9,0,0,0,0,0,0)';
      PINUSE='UNSPEC';
      NO_LOAD_CHECK='Both';
      NO_IO_CHECK='Both';
      NO_ASSERT_CHECK='TRUE';
      NO_DIR_CHECK='TRUE';
      ALLOW_CONNECT='TRUE';
    'GND_L13':
      PIN_NUMBER='(0,0,0,0,0,0,0,0,L13,0,0,0,0,0,0)';
      PINUSE='UNSPEC';
      NO_LOAD_CHECK='Both';
      NO_IO_CHECK='Both';
      NO_ASSERT_CHECK='TRUE';
      NO_DIR_CHECK='TRUE';
      ALLOW_CONNECT='TRUE';
    'GND_L15':
      PIN_NUMBER='(0,0,0,0,0,0,0,0,L15,0,0,0,0,0,0)';
      PINUSE='UNSPEC';
      NO_LOAD_CHECK='Both';
      NO_IO_CHECK='Both';
      NO_ASSERT_CHECK='TRUE';
      NO_DIR_CHECK='TRUE';
      ALLOW_CONNECT='TRUE';
    'GND_M8':
      PIN_NUMBER='(0,0,0,0,0,0,0,0,M8,0,0,0,0,0,0)';
      PINUSE='UNSPEC';
      NO_LOAD_CHECK='Both';
      NO_IO_CHECK='Both';
      NO_ASSERT_CHECK='TRUE';
      NO_DIR_CHECK='TRUE';
      ALLOW_CONNECT='TRUE';
    'GND_M10':
      PIN_NUMBER='(0,0,0,0,0,0,0,0,M10,0,0,0,0,0,0)';
      PINUSE='UNSPEC';
      NO_LOAD_CHECK='Both';
      NO_IO_CHECK='Both';
      NO_ASSERT_CHECK='TRUE';
      NO_DIR_CHECK='TRUE';
      ALLOW_CONNECT='TRUE';
    'GND_M14':
      PIN_NUMBER='(0,0,0,0,0,0,0,0,M14,0,0,0,0,0,0)';
      PINUSE='UNSPEC';
      NO_LOAD_CHECK='Both';
      NO_IO_CHECK='Both';
      NO_ASSERT_CHECK='TRUE';
      NO_DIR_CHECK='TRUE';
      ALLOW_CONNECT='TRUE';
    'GND_M18':
      PIN_NUMBER='(0,0,0,0,0,0,0,0,M18,0,0,0,0,0,0)';
      PINUSE='UNSPEC';
      NO_LOAD_CHECK='Both';
      NO_IO_CHECK='Both';
      NO_ASSERT_CHECK='TRUE';
      NO_DIR_CHECK='TRUE';
      ALLOW_CONNECT='TRUE';
    'GND_N1':
      PIN_NUMBER='(0,0,0,0,0,0,0,0,N1,0,0,0,0,0,0)';
      PINUSE='UNSPEC';
      NO_LOAD_CHECK='Both';
      NO_IO_CHECK='Both';
      NO_ASSERT_CHECK='TRUE';
      NO_DIR_CHECK='TRUE';
      ALLOW_CONNECT='TRUE';
    'GND_N9':
      PIN_NUMBER='(0,0,0,0,0,0,0,0,N9,0,0,0,0,0,0)';
      PINUSE='UNSPEC';
      NO_LOAD_CHECK='Both';
      NO_IO_CHECK='Both';
      NO_ASSERT_CHECK='TRUE';
      NO_DIR_CHECK='TRUE';
      ALLOW_CONNECT='TRUE';
    'GND_N13':
      PIN_NUMBER='(0,0,0,0,0,0,0,0,N13,0,0,0,0,0,0)';
      PINUSE='UNSPEC';
      NO_LOAD_CHECK='Both';
      NO_IO_CHECK='Both';
      NO_ASSERT_CHECK='TRUE';
      NO_DIR_CHECK='TRUE';
      ALLOW_CONNECT='TRUE';
    'GND_N21':
      PIN_NUMBER='(0,0,0,0,0,0,0,0,N21,0,0,0,0,0,0)';
      PINUSE='UNSPEC';
      NO_LOAD_CHECK='Both';
      NO_IO_CHECK='Both';
      NO_ASSERT_CHECK='TRUE';
      NO_DIR_CHECK='TRUE';
      ALLOW_CONNECT='TRUE';
    'GND_P4':
      PIN_NUMBER='(0,0,0,0,0,0,0,0,P4,0,0,0,0,0,0)';
      PINUSE='UNSPEC';
      NO_LOAD_CHECK='Both';
      NO_IO_CHECK='Both';
      NO_ASSERT_CHECK='TRUE';
      NO_DIR_CHECK='TRUE';
      ALLOW_CONNECT='TRUE';
    'GND_P8':
      PIN_NUMBER='(0,0,0,0,0,0,0,0,P8,0,0,0,0,0,0)';
      PINUSE='UNSPEC';
      NO_LOAD_CHECK='Both';
      NO_IO_CHECK='Both';
      NO_ASSERT_CHECK='TRUE';
      NO_DIR_CHECK='TRUE';
      ALLOW_CONNECT='TRUE';
    'GND_P10':
      PIN_NUMBER='(0,0,0,0,0,0,0,0,P10,0,0,0,0,0,0)';
      PINUSE='UNSPEC';
      NO_LOAD_CHECK='Both';
      NO_IO_CHECK='Both';
      NO_ASSERT_CHECK='TRUE';
      NO_DIR_CHECK='TRUE';
      ALLOW_CONNECT='TRUE';
    'GND_P12':
      PIN_NUMBER='(0,0,0,0,0,0,0,0,P12,0,0,0,0,0,0)';
      PINUSE='UNSPEC';
      NO_LOAD_CHECK='Both';
      NO_IO_CHECK='Both';
      NO_ASSERT_CHECK='TRUE';
      NO_DIR_CHECK='TRUE';
      ALLOW_CONNECT='TRUE';
    'GND_P14':
      PIN_NUMBER='(0,0,0,0,0,0,0,0,P14,0,0,0,0,0,0)';
      PINUSE='UNSPEC';
      NO_LOAD_CHECK='Both';
      NO_IO_CHECK='Both';
      NO_ASSERT_CHECK='TRUE';
      NO_DIR_CHECK='TRUE';
      ALLOW_CONNECT='TRUE';
    'GND_R9':
      PIN_NUMBER='(0,0,0,0,0,0,0,0,R9,0,0,0,0,0,0)';
      PINUSE='UNSPEC';
      NO_LOAD_CHECK='Both';
      NO_IO_CHECK='Both';
      NO_ASSERT_CHECK='TRUE';
      NO_DIR_CHECK='TRUE';
      ALLOW_CONNECT='TRUE';
    'GND_R11':
      PIN_NUMBER='(0,0,0,0,0,0,0,0,R11,0,0,0,0,0,0)';
      PINUSE='UNSPEC';
      NO_LOAD_CHECK='Both';
      NO_IO_CHECK='Both';
      NO_ASSERT_CHECK='TRUE';
      NO_DIR_CHECK='TRUE';
      ALLOW_CONNECT='TRUE';
    'GND_R13':
      PIN_NUMBER='(0,0,0,0,0,0,0,0,R13,0,0,0,0,0,0)';
      PINUSE='UNSPEC';
      NO_LOAD_CHECK='Both';
      NO_IO_CHECK='Both';
      NO_ASSERT_CHECK='TRUE';
      NO_DIR_CHECK='TRUE';
      ALLOW_CONNECT='TRUE';
    'GND_R17':
      PIN_NUMBER='(0,0,0,0,0,0,0,0,R17,0,0,0,0,0,0)';
      PINUSE='UNSPEC';
      NO_LOAD_CHECK='Both';
      NO_IO_CHECK='Both';
      NO_ASSERT_CHECK='TRUE';
      NO_DIR_CHECK='TRUE';
      ALLOW_CONNECT='TRUE';
    'GND_T20':
      PIN_NUMBER='(0,0,0,0,0,0,0,0,T20,0,0,0,0,0,0)';
      PINUSE='UNSPEC';
      NO_LOAD_CHECK='Both';
      NO_IO_CHECK='Both';
      NO_ASSERT_CHECK='TRUE';
      NO_DIR_CHECK='TRUE';
      ALLOW_CONNECT='TRUE';
    'GND_U3':
      PIN_NUMBER='(0,0,0,0,0,0,0,0,U3,0,0,0,0,0,0)';
      PINUSE='UNSPEC';
      NO_LOAD_CHECK='Both';
      NO_IO_CHECK='Both';
      NO_ASSERT_CHECK='TRUE';
      NO_DIR_CHECK='TRUE';
      ALLOW_CONNECT='TRUE';
    'GND_U13':
      PIN_NUMBER='(0,0,0,0,0,0,0,0,U13,0,0,0,0,0,0)';
      PINUSE='UNSPEC';
      NO_LOAD_CHECK='Both';
      NO_IO_CHECK='Both';
      NO_ASSERT_CHECK='TRUE';
      NO_DIR_CHECK='TRUE';
      ALLOW_CONNECT='TRUE';
    'GND_V6':
      PIN_NUMBER='(0,0,0,0,0,0,0,0,V6,0,0,0,0,0,0)';
      PINUSE='UNSPEC';
      NO_LOAD_CHECK='Both';
      NO_IO_CHECK='Both';
      NO_ASSERT_CHECK='TRUE';
      NO_DIR_CHECK='TRUE';
      ALLOW_CONNECT='TRUE';
    'GND_V16':
      PIN_NUMBER='(0,0,0,0,0,0,0,0,V16,0,0,0,0,0,0)';
      PINUSE='UNSPEC';
      NO_LOAD_CHECK='Both';
      NO_IO_CHECK='Both';
      NO_ASSERT_CHECK='TRUE';
      NO_DIR_CHECK='TRUE';
      ALLOW_CONNECT='TRUE';
    'GND_W9':
      PIN_NUMBER='(0,0,0,0,0,0,0,0,W9,0,0,0,0,0,0)';
      PINUSE='UNSPEC';
      NO_LOAD_CHECK='Both';
      NO_IO_CHECK='Both';
      NO_ASSERT_CHECK='TRUE';
      NO_DIR_CHECK='TRUE';
      ALLOW_CONNECT='TRUE';
    'GND_W19':
      PIN_NUMBER='(0,0,0,0,0,0,0,0,W19,0,0,0,0,0,0)';
      PINUSE='UNSPEC';
      NO_LOAD_CHECK='Both';
      NO_IO_CHECK='Both';
      NO_ASSERT_CHECK='TRUE';
      NO_DIR_CHECK='TRUE';
      ALLOW_CONNECT='TRUE';
    'GND_Y2':
      PIN_NUMBER='(0,0,0,0,0,0,0,0,Y2,0,0,0,0,0,0)';
      PINUSE='UNSPEC';
      NO_LOAD_CHECK='Both';
      NO_IO_CHECK='Both';
      NO_ASSERT_CHECK='TRUE';
      NO_DIR_CHECK='TRUE';
      ALLOW_CONNECT='TRUE';
    'GND_Y12':
      PIN_NUMBER='(0,0,0,0,0,0,0,0,Y12,0,0,0,0,0,0)';
      PINUSE='UNSPEC';
      NO_LOAD_CHECK='Both';
      NO_IO_CHECK='Both';
      NO_ASSERT_CHECK='TRUE';
      NO_DIR_CHECK='TRUE';
      ALLOW_CONNECT='TRUE';
    'GND_Y22':
      PIN_NUMBER='(0,0,0,0,0,0,0,0,Y22,0,0,0,0,0,0)';
      PINUSE='UNSPEC';
      NO_LOAD_CHECK='Both';
      NO_IO_CHECK='Both';
      NO_ASSERT_CHECK='TRUE';
      NO_DIR_CHECK='TRUE';
      ALLOW_CONNECT='TRUE';
    'VCCINT_J12':
      PIN_NUMBER='(0,0,0,0,0,0,0,0,0,J12,0,0,0,0,0)';
      PINUSE='UNSPEC';
      NO_LOAD_CHECK='Both';
      NO_IO_CHECK='Both';
      NO_ASSERT_CHECK='TRUE';
      NO_DIR_CHECK='TRUE';
      ALLOW_CONNECT='TRUE';
    'VCCINT_J14':
      PIN_NUMBER='(0,0,0,0,0,0,0,0,0,J14,0,0,0,0,0)';
      PINUSE='UNSPEC';
      NO_LOAD_CHECK='Both';
      NO_IO_CHECK='Both';
      NO_ASSERT_CHECK='TRUE';
      NO_DIR_CHECK='TRUE';
      ALLOW_CONNECT='TRUE';
    'VCCINT_K13':
      PIN_NUMBER='(0,0,0,0,0,0,0,0,0,K13,0,0,0,0,0)';
      PINUSE='UNSPEC';
      NO_LOAD_CHECK='Both';
      NO_IO_CHECK='Both';
      NO_ASSERT_CHECK='TRUE';
      NO_DIR_CHECK='TRUE';
      ALLOW_CONNECT='TRUE';
    'VCCINT_L14':
      PIN_NUMBER='(0,0,0,0,0,0,0,0,0,L14,0,0,0,0,0)';
      PINUSE='UNSPEC';
      NO_LOAD_CHECK='Both';
      NO_IO_CHECK='Both';
      NO_ASSERT_CHECK='TRUE';
      NO_DIR_CHECK='TRUE';
      ALLOW_CONNECT='TRUE';
    'VCCINT_M13':
      PIN_NUMBER='(0,0,0,0,0,0,0,0,0,M13,0,0,0,0,0)';
      PINUSE='UNSPEC';
      NO_LOAD_CHECK='Both';
      NO_IO_CHECK='Both';
      NO_ASSERT_CHECK='TRUE';
      NO_DIR_CHECK='TRUE';
      ALLOW_CONNECT='TRUE';
    'VCCINT_N14':
      PIN_NUMBER='(0,0,0,0,0,0,0,0,0,N14,0,0,0,0,0)';
      PINUSE='UNSPEC';
      NO_LOAD_CHECK='Both';
      NO_IO_CHECK='Both';
      NO_ASSERT_CHECK='TRUE';
      NO_DIR_CHECK='TRUE';
      ALLOW_CONNECT='TRUE';
    'VCCINT_P13':
      PIN_NUMBER='(0,0,0,0,0,0,0,0,0,P13,0,0,0,0,0)';
      PINUSE='UNSPEC';
      NO_LOAD_CHECK='Both';
      NO_IO_CHECK='Both';
      NO_ASSERT_CHECK='TRUE';
      NO_DIR_CHECK='TRUE';
      ALLOW_CONNECT='TRUE';
    'VCCINT_R14':
      PIN_NUMBER='(0,0,0,0,0,0,0,0,0,R14,0,0,0,0,0)';
      PINUSE='UNSPEC';
      NO_LOAD_CHECK='Both';
      NO_IO_CHECK='Both';
      NO_ASSERT_CHECK='TRUE';
      NO_DIR_CHECK='TRUE';
      ALLOW_CONNECT='TRUE';
    'VCCAUX_L10':
      PIN_NUMBER='(0,0,0,0,0,0,0,0,0,0,L10,0,0,0,0)';
      PINUSE='UNSPEC';
      NO_LOAD_CHECK='Both';
      NO_IO_CHECK='Both';
      NO_ASSERT_CHECK='TRUE';
      NO_DIR_CHECK='TRUE';
      ALLOW_CONNECT='TRUE';
    'VCCAUX_N10':
      PIN_NUMBER='(0,0,0,0,0,0,0,0,0,0,N10,0,0,0,0)';
      PINUSE='UNSPEC';
      NO_LOAD_CHECK='Both';
      NO_IO_CHECK='Both';
      NO_ASSERT_CHECK='TRUE';
      NO_DIR_CHECK='TRUE';
      ALLOW_CONNECT='TRUE';
    'VCCAUX_P11':
      PIN_NUMBER='(0,0,0,0,0,0,0,0,0,0,P11,0,0,0,0)';
      PINUSE='UNSPEC';
      NO_LOAD_CHECK='Both';
      NO_IO_CHECK='Both';
      NO_ASSERT_CHECK='TRUE';
      NO_DIR_CHECK='TRUE';
      ALLOW_CONNECT='TRUE';
    'VCCAUX_R10':
      PIN_NUMBER='(0,0,0,0,0,0,0,0,0,0,R10,0,0,0,0)';
      PINUSE='UNSPEC';
      NO_LOAD_CHECK='Both';
      NO_IO_CHECK='Both';
      NO_ASSERT_CHECK='TRUE';
      NO_DIR_CHECK='TRUE';
      ALLOW_CONNECT='TRUE';
    'VCCBRAM_H11':
      PIN_NUMBER='(0,0,0,0,0,0,0,0,0,0,0,H11,0,0,0)';
      PINUSE='UNSPEC';
      NO_LOAD_CHECK='Both';
      NO_IO_CHECK='Both';
      NO_ASSERT_CHECK='TRUE';
      NO_DIR_CHECK='TRUE';
      ALLOW_CONNECT='TRUE';
    'VCCBRAM_J10':
      PIN_NUMBER='(0,0,0,0,0,0,0,0,0,0,0,J10,0,0,0)';
      PINUSE='UNSPEC';
      NO_LOAD_CHECK='Both';
      NO_IO_CHECK='Both';
      NO_ASSERT_CHECK='TRUE';
      NO_DIR_CHECK='TRUE';
      ALLOW_CONNECT='TRUE';
    'VCCPLL_H10':
      PIN_NUMBER='(0,0,0,0,0,0,0,0,0,0,0,0,H10,0,0)';
      PINUSE='UNSPEC';
      NO_LOAD_CHECK='Both';
      NO_IO_CHECK='Both';
      NO_ASSERT_CHECK='TRUE';
      NO_DIR_CHECK='TRUE';
      ALLOW_CONNECT='TRUE';
    'VCCPAUX_K9':
      PIN_NUMBER='(0,0,0,0,0,0,0,0,0,0,0,0,0,K9,0)';
      PINUSE='UNSPEC';
      NO_LOAD_CHECK='Both';
      NO_IO_CHECK='Both';
      NO_ASSERT_CHECK='TRUE';
      NO_DIR_CHECK='TRUE';
      ALLOW_CONNECT='TRUE';
    'VCCPAUX_M9':
      PIN_NUMBER='(0,0,0,0,0,0,0,0,0,0,0,0,0,M9,0)';
      PINUSE='UNSPEC';
      NO_LOAD_CHECK='Both';
      NO_IO_CHECK='Both';
      NO_ASSERT_CHECK='TRUE';
      NO_DIR_CHECK='TRUE';
      ALLOW_CONNECT='TRUE';
    'VCCPAUX_P9':
      PIN_NUMBER='(0,0,0,0,0,0,0,0,0,0,0,0,0,P9,0)';
      PINUSE='UNSPEC';
      NO_LOAD_CHECK='Both';
      NO_IO_CHECK='Both';
      NO_ASSERT_CHECK='TRUE';
      NO_DIR_CHECK='TRUE';
      ALLOW_CONNECT='TRUE';
    'VCCPAUX_T9':
      PIN_NUMBER='(0,0,0,0,0,0,0,0,0,0,0,0,0,T9,0)';
      PINUSE='UNSPEC';
      NO_LOAD_CHECK='Both';
      NO_IO_CHECK='Both';
      NO_ASSERT_CHECK='TRUE';
      NO_DIR_CHECK='TRUE';
      ALLOW_CONNECT='TRUE';
    'VCCPINT_G8':
      PIN_NUMBER='(0,0,0,0,0,0,0,0,0,0,0,0,0,0,G8)';
      PINUSE='UNSPEC';
      NO_LOAD_CHECK='Both';
      NO_IO_CHECK='Both';
      NO_ASSERT_CHECK='TRUE';
      NO_DIR_CHECK='TRUE';
      ALLOW_CONNECT='TRUE';
    'VCCPINT_H9':
      PIN_NUMBER='(0,0,0,0,0,0,0,0,0,0,0,0,0,0,H9)';
      PINUSE='UNSPEC';
      NO_LOAD_CHECK='Both';
      NO_IO_CHECK='Both';
      NO_ASSERT_CHECK='TRUE';
      NO_DIR_CHECK='TRUE';
      ALLOW_CONNECT='TRUE';
    'VCCPINT_J8':
      PIN_NUMBER='(0,0,0,0,0,0,0,0,0,0,0,0,0,0,J8)';
      PINUSE='UNSPEC';
      NO_LOAD_CHECK='Both';
      NO_IO_CHECK='Both';
      NO_ASSERT_CHECK='TRUE';
      NO_DIR_CHECK='TRUE';
      ALLOW_CONNECT='TRUE';
    'VCCPINT_L8':
      PIN_NUMBER='(0,0,0,0,0,0,0,0,0,0,0,0,0,0,L8)';
      PINUSE='UNSPEC';
      NO_LOAD_CHECK='Both';
      NO_IO_CHECK='Both';
      NO_ASSERT_CHECK='TRUE';
      NO_DIR_CHECK='TRUE';
      ALLOW_CONNECT='TRUE';
    'VCCPINT_N8':
      PIN_NUMBER='(0,0,0,0,0,0,0,0,0,0,0,0,0,0,N8)';
      PINUSE='UNSPEC';
      NO_LOAD_CHECK='Both';
      NO_IO_CHECK='Both';
      NO_ASSERT_CHECK='TRUE';
      NO_DIR_CHECK='TRUE';
      ALLOW_CONNECT='TRUE';
    'VCCPINT_R8':
      PIN_NUMBER='(0,0,0,0,0,0,0,0,0,0,0,0,0,0,R8)';
      PINUSE='UNSPEC';
      NO_LOAD_CHECK='Both';
      NO_IO_CHECK='Both';
      NO_ASSERT_CHECK='TRUE';
      NO_DIR_CHECK='TRUE';
      ALLOW_CONNECT='TRUE';
  end_pin;
  body
    BODY_NAME='XC7Z020CLG484';
    PART_NAME='XC7Z020CLG484';
    PHYS_DES_PREFIX='U';
    CLASS='IC';
  end_body;
end_primitive;

END.
