FILE_TYPE=LIBRARY_PARTS;
primitive 'XC7K160TFFG676';
  pin
    'DXN_0':
      PIN_NUMBER='(0,0,0,0,0,0,0,0,0,0,0,0,R11,0,0,0,0,0,0,0,0,0,0,0,0,0)';
      PINUSE='UNSPEC';
      NO_LOAD_CHECK='Both';
      NO_IO_CHECK='Both';
      NO_ASSERT_CHECK='TRUE';
      NO_DIR_CHECK='TRUE';
      ALLOW_CONNECT='TRUE';
    'VCCADC_0':
      PIN_NUMBER='(0,0,0,0,0,0,0,0,0,0,0,0,M12,0,0,0,0,0,0,0,0,0,0,0,0,0)';
      PINUSE='UNSPEC';
      NO_LOAD_CHECK='Both';
      NO_IO_CHECK='Both';
      NO_ASSERT_CHECK='TRUE';
      NO_DIR_CHECK='TRUE';
      ALLOW_CONNECT='TRUE';
    'GNDADC_0':
      PIN_NUMBER='(0,0,0,0,0,0,0,0,0,0,0,0,M11,0,0,0,0,0,0,0,0,0,0,0,0,0)';
      PINUSE='UNSPEC';
      NO_LOAD_CHECK='Both';
      NO_IO_CHECK='Both';
      NO_ASSERT_CHECK='TRUE';
      NO_DIR_CHECK='TRUE';
      ALLOW_CONNECT='TRUE';
    'DXP_0':
      PIN_NUMBER='(0,0,0,0,0,0,0,0,0,0,0,0,R12,0,0,0,0,0,0,0,0,0,0,0,0,0)';
      PINUSE='UNSPEC';
      NO_LOAD_CHECK='Both';
      NO_IO_CHECK='Both';
      NO_ASSERT_CHECK='TRUE';
      NO_DIR_CHECK='TRUE';
      ALLOW_CONNECT='TRUE';
    'VREFN_0':
      PIN_NUMBER='(0,0,0,0,0,0,0,0,0,0,0,0,N11,0,0,0,0,0,0,0,0,0,0,0,0,0)';
      PINUSE='UNSPEC';
      NO_LOAD_CHECK='Both';
      NO_IO_CHECK='Both';
      NO_ASSERT_CHECK='TRUE';
      NO_DIR_CHECK='TRUE';
      ALLOW_CONNECT='TRUE';
    'VREFP_0':
      PIN_NUMBER='(0,0,0,0,0,0,0,0,0,0,0,0,P12,0,0,0,0,0,0,0,0,0,0,0,0,0)';
      PINUSE='UNSPEC';
      NO_LOAD_CHECK='Both';
      NO_IO_CHECK='Both';
      NO_ASSERT_CHECK='TRUE';
      NO_DIR_CHECK='TRUE';
      ALLOW_CONNECT='TRUE';
    'VP_0':
      PIN_NUMBER='(0,0,0,0,0,0,0,0,0,0,0,0,N12,0,0,0,0,0,0,0,0,0,0,0,0,0)';
      PINUSE='UNSPEC';
      NO_LOAD_CHECK='Both';
      NO_IO_CHECK='Both';
      NO_ASSERT_CHECK='TRUE';
      NO_DIR_CHECK='TRUE';
      ALLOW_CONNECT='TRUE';
    'VN_0':
      PIN_NUMBER='(0,0,0,0,0,0,0,0,0,0,0,0,P11,0,0,0,0,0,0,0,0,0,0,0,0,0)';
      PINUSE='UNSPEC';
      NO_LOAD_CHECK='Both';
      NO_IO_CHECK='Both';
      NO_ASSERT_CHECK='TRUE';
      NO_DIR_CHECK='TRUE';
      ALLOW_CONNECT='TRUE';
    'VCCBATT_0':
      PIN_NUMBER='(0,0,0,0,0,0,0,0,0,0,0,0,E8,0,0,0,0,0,0,0,0,0,0,0,0,0)';
      PINUSE='UNSPEC';
      NO_LOAD_CHECK='Both';
      NO_IO_CHECK='Both';
      NO_ASSERT_CHECK='TRUE';
      NO_DIR_CHECK='TRUE';
      ALLOW_CONNECT='TRUE';
    'CCLK_0':
      PIN_NUMBER='(0,0,0,0,0,0,0,0,0,0,0,0,C8,0,0,0,0,0,0,0,0,0,0,0,0,0)';
      PINUSE='UNSPEC';
      NO_LOAD_CHECK='Both';
      NO_IO_CHECK='Both';
      NO_ASSERT_CHECK='TRUE';
      NO_DIR_CHECK='TRUE';
      ALLOW_CONNECT='TRUE';
    'TCK_0':
      PIN_NUMBER='(0,0,0,0,0,0,0,0,0,0,0,0,L8,0,0,0,0,0,0,0,0,0,0,0,0,0)';
      PINUSE='UNSPEC';
      NO_LOAD_CHECK='Both';
      NO_IO_CHECK='Both';
      NO_ASSERT_CHECK='TRUE';
      NO_DIR_CHECK='TRUE';
      ALLOW_CONNECT='TRUE';
    'TMS_0':
      PIN_NUMBER='(0,0,0,0,0,0,0,0,0,0,0,0,N8,0,0,0,0,0,0,0,0,0,0,0,0,0)';
      PINUSE='UNSPEC';
      NO_LOAD_CHECK='Both';
      NO_IO_CHECK='Both';
      NO_ASSERT_CHECK='TRUE';
      NO_DIR_CHECK='TRUE';
      ALLOW_CONNECT='TRUE';
    'TDO_0':
      PIN_NUMBER='(0,0,0,0,0,0,0,0,0,0,0,0,R7,0,0,0,0,0,0,0,0,0,0,0,0,0)';
      PINUSE='UNSPEC';
      NO_LOAD_CHECK='Both';
      NO_IO_CHECK='Both';
      NO_ASSERT_CHECK='TRUE';
      NO_DIR_CHECK='TRUE';
      ALLOW_CONNECT='TRUE';
    'TDI_0':
      PIN_NUMBER='(0,0,0,0,0,0,0,0,0,0,0,0,R6,0,0,0,0,0,0,0,0,0,0,0,0,0)';
      PINUSE='UNSPEC';
      NO_LOAD_CHECK='Both';
      NO_IO_CHECK='Both';
      NO_ASSERT_CHECK='TRUE';
      NO_DIR_CHECK='TRUE';
      ALLOW_CONNECT='TRUE';
    'INIT_B_0':
      PIN_NUMBER='(0,0,0,0,0,0,0,0,0,0,0,0,G7,0,0,0,0,0,0,0,0,0,0,0,0,0)';
      PINUSE='UNSPEC';
      NO_LOAD_CHECK='Both';
      NO_IO_CHECK='Both';
      NO_ASSERT_CHECK='TRUE';
      NO_DIR_CHECK='TRUE';
      ALLOW_CONNECT='TRUE';
    'PROGRAM_B_0':
      PIN_NUMBER='(0,0,0,0,0,0,0,0,0,0,0,0,P6,0,0,0,0,0,0,0,0,0,0,0,0,0)';
      PINUSE='UNSPEC';
      NO_LOAD_CHECK='Both';
      NO_IO_CHECK='Both';
      NO_ASSERT_CHECK='TRUE';
      NO_DIR_CHECK='TRUE';
      ALLOW_CONNECT='TRUE';
    'CFGBVS_0':
      PIN_NUMBER='(0,0,0,0,0,0,0,0,0,0,0,0,P7,0,0,0,0,0,0,0,0,0,0,0,0,0)';
      PINUSE='UNSPEC';
      NO_LOAD_CHECK='Both';
      NO_IO_CHECK='Both';
      NO_ASSERT_CHECK='TRUE';
      NO_DIR_CHECK='TRUE';
      ALLOW_CONNECT='TRUE';
    'DONE_0':
      PIN_NUMBER='(0,0,0,0,0,0,0,0,0,0,0,0,J7,0,0,0,0,0,0,0,0,0,0,0,0,0)';
      PINUSE='UNSPEC';
      NO_LOAD_CHECK='Both';
      NO_IO_CHECK='Both';
      NO_ASSERT_CHECK='TRUE';
      NO_DIR_CHECK='TRUE';
      ALLOW_CONNECT='TRUE';
    'M2_0':
      PIN_NUMBER='(0,0,0,0,0,0,0,0,0,0,0,0,P5,0,0,0,0,0,0,0,0,0,0,0,0,0)';
      PINUSE='UNSPEC';
      NO_LOAD_CHECK='Both';
      NO_IO_CHECK='Both';
      NO_ASSERT_CHECK='TRUE';
      NO_DIR_CHECK='TRUE';
      ALLOW_CONNECT='TRUE';
    'M0_0':
      PIN_NUMBER='(0,0,0,0,0,0,0,0,0,0,0,0,T5,0,0,0,0,0,0,0,0,0,0,0,0,0)';
      PINUSE='UNSPEC';
      NO_LOAD_CHECK='Both';
      NO_IO_CHECK='Both';
      NO_ASSERT_CHECK='TRUE';
      NO_DIR_CHECK='TRUE';
      ALLOW_CONNECT='TRUE';
    'M1_0':
      PIN_NUMBER='(0,0,0,0,0,0,0,0,0,0,0,0,T2,0,0,0,0,0,0,0,0,0,0,0,0,0)';
      PINUSE='UNSPEC';
      NO_LOAD_CHECK='Both';
      NO_IO_CHECK='Both';
      NO_ASSERT_CHECK='TRUE';
      NO_DIR_CHECK='TRUE';
      ALLOW_CONNECT='TRUE';
    'IO_0_12':
      PIN_NUMBER='(U21,0,0,0,0,0,0,0,0,0,0,0,0,0,0,0,0,0,0,0,0,0,0,0,0,0)';
      PINUSE='UNSPEC';
      NO_LOAD_CHECK='Both';
      NO_IO_CHECK='Both';
      NO_ASSERT_CHECK='TRUE';
      NO_DIR_CHECK='TRUE';
      ALLOW_CONNECT='TRUE';
    'IO_L1P_T0_12':
      PIN_NUMBER='(U22,0,0,0,0,0,0,0,0,0,0,0,0,0,0,0,0,0,0,0,0,0,0,0,0,0)';
      PINUSE='UNSPEC';
      NO_LOAD_CHECK='Both';
      NO_IO_CHECK='Both';
      NO_ASSERT_CHECK='TRUE';
      NO_DIR_CHECK='TRUE';
      ALLOW_CONNECT='TRUE';
    'IO_L1N_T0_12':
      PIN_NUMBER='(V22,0,0,0,0,0,0,0,0,0,0,0,0,0,0,0,0,0,0,0,0,0,0,0,0,0)';
      PINUSE='UNSPEC';
      NO_LOAD_CHECK='Both';
      NO_IO_CHECK='Both';
      NO_ASSERT_CHECK='TRUE';
      NO_DIR_CHECK='TRUE';
      ALLOW_CONNECT='TRUE';
    'IO_L2P_T0_12':
      PIN_NUMBER='(U24,0,0,0,0,0,0,0,0,0,0,0,0,0,0,0,0,0,0,0,0,0,0,0,0,0)';
      PINUSE='UNSPEC';
      NO_LOAD_CHECK='Both';
      NO_IO_CHECK='Both';
      NO_ASSERT_CHECK='TRUE';
      NO_DIR_CHECK='TRUE';
      ALLOW_CONNECT='TRUE';
    'IO_L2N_T0_12':
      PIN_NUMBER='(U25,0,0,0,0,0,0,0,0,0,0,0,0,0,0,0,0,0,0,0,0,0,0,0,0,0)';
      PINUSE='UNSPEC';
      NO_LOAD_CHECK='Both';
      NO_IO_CHECK='Both';
      NO_ASSERT_CHECK='TRUE';
      NO_DIR_CHECK='TRUE';
      ALLOW_CONNECT='TRUE';
    'IO_L3P_T0_DQS_12':
      PIN_NUMBER='(V23,0,0,0,0,0,0,0,0,0,0,0,0,0,0,0,0,0,0,0,0,0,0,0,0,0)';
      PINUSE='UNSPEC';
      NO_LOAD_CHECK='Both';
      NO_IO_CHECK='Both';
      NO_ASSERT_CHECK='TRUE';
      NO_DIR_CHECK='TRUE';
      ALLOW_CONNECT='TRUE';
    'IO_L3N_T0_DQS_12':
      PIN_NUMBER='(V24,0,0,0,0,0,0,0,0,0,0,0,0,0,0,0,0,0,0,0,0,0,0,0,0,0)';
      PINUSE='UNSPEC';
      NO_LOAD_CHECK='Both';
      NO_IO_CHECK='Both';
      NO_ASSERT_CHECK='TRUE';
      NO_DIR_CHECK='TRUE';
      ALLOW_CONNECT='TRUE';
    'IO_L4P_T0_12':
      PIN_NUMBER='(U26,0,0,0,0,0,0,0,0,0,0,0,0,0,0,0,0,0,0,0,0,0,0,0,0,0)';
      PINUSE='UNSPEC';
      NO_LOAD_CHECK='Both';
      NO_IO_CHECK='Both';
      NO_ASSERT_CHECK='TRUE';
      NO_DIR_CHECK='TRUE';
      ALLOW_CONNECT='TRUE';
    'IO_L4N_T0_12':
      PIN_NUMBER='(V26,0,0,0,0,0,0,0,0,0,0,0,0,0,0,0,0,0,0,0,0,0,0,0,0,0)';
      PINUSE='UNSPEC';
      NO_LOAD_CHECK='Both';
      NO_IO_CHECK='Both';
      NO_ASSERT_CHECK='TRUE';
      NO_DIR_CHECK='TRUE';
      ALLOW_CONNECT='TRUE';
    'IO_L5P_T0_12':
      PIN_NUMBER='(W25,0,0,0,0,0,0,0,0,0,0,0,0,0,0,0,0,0,0,0,0,0,0,0,0,0)';
      PINUSE='UNSPEC';
      NO_LOAD_CHECK='Both';
      NO_IO_CHECK='Both';
      NO_ASSERT_CHECK='TRUE';
      NO_DIR_CHECK='TRUE';
      ALLOW_CONNECT='TRUE';
    'IO_L5N_T0_12':
      PIN_NUMBER='(W26,0,0,0,0,0,0,0,0,0,0,0,0,0,0,0,0,0,0,0,0,0,0,0,0,0)';
      PINUSE='UNSPEC';
      NO_LOAD_CHECK='Both';
      NO_IO_CHECK='Both';
      NO_ASSERT_CHECK='TRUE';
      NO_DIR_CHECK='TRUE';
      ALLOW_CONNECT='TRUE';
    'IO_L6P_T0_12':
      PIN_NUMBER='(V21,0,0,0,0,0,0,0,0,0,0,0,0,0,0,0,0,0,0,0,0,0,0,0,0,0)';
      PINUSE='UNSPEC';
      NO_LOAD_CHECK='Both';
      NO_IO_CHECK='Both';
      NO_ASSERT_CHECK='TRUE';
      NO_DIR_CHECK='TRUE';
      ALLOW_CONNECT='TRUE';
    'IO_L6N_T0_VREF_12':
      PIN_NUMBER='(W21,0,0,0,0,0,0,0,0,0,0,0,0,0,0,0,0,0,0,0,0,0,0,0,0,0)';
      PINUSE='UNSPEC';
      NO_LOAD_CHECK='Both';
      NO_IO_CHECK='Both';
      NO_ASSERT_CHECK='TRUE';
      NO_DIR_CHECK='TRUE';
      ALLOW_CONNECT='TRUE';
    'IO_L7P_T1_12':
      PIN_NUMBER='(AA25,0,0,0,0,0,0,0,0,0,0,0,0,0,0,0,0,0,0,0,0,0,0,0,0,0)';
      PINUSE='UNSPEC';
      NO_LOAD_CHECK='Both';
      NO_IO_CHECK='Both';
      NO_ASSERT_CHECK='TRUE';
      NO_DIR_CHECK='TRUE';
      ALLOW_CONNECT='TRUE';
    'IO_L7N_T1_12':
      PIN_NUMBER='(AB25,0,0,0,0,0,0,0,0,0,0,0,0,0,0,0,0,0,0,0,0,0,0,0,0,0)';
      PINUSE='UNSPEC';
      NO_LOAD_CHECK='Both';
      NO_IO_CHECK='Both';
      NO_ASSERT_CHECK='TRUE';
      NO_DIR_CHECK='TRUE';
      ALLOW_CONNECT='TRUE';
    'IO_L8P_T1_12':
      PIN_NUMBER='(W23,0,0,0,0,0,0,0,0,0,0,0,0,0,0,0,0,0,0,0,0,0,0,0,0,0)';
      PINUSE='UNSPEC';
      NO_LOAD_CHECK='Both';
      NO_IO_CHECK='Both';
      NO_ASSERT_CHECK='TRUE';
      NO_DIR_CHECK='TRUE';
      ALLOW_CONNECT='TRUE';
    'IO_L8N_T1_12':
      PIN_NUMBER='(W24,0,0,0,0,0,0,0,0,0,0,0,0,0,0,0,0,0,0,0,0,0,0,0,0,0)';
      PINUSE='UNSPEC';
      NO_LOAD_CHECK='Both';
      NO_IO_CHECK='Both';
      NO_ASSERT_CHECK='TRUE';
      NO_DIR_CHECK='TRUE';
      ALLOW_CONNECT='TRUE';
    'IO_L9P_T1_DQS_12':
      PIN_NUMBER='(AB26,0,0,0,0,0,0,0,0,0,0,0,0,0,0,0,0,0,0,0,0,0,0,0,0,0)';
      PINUSE='UNSPEC';
      NO_LOAD_CHECK='Both';
      NO_IO_CHECK='Both';
      NO_ASSERT_CHECK='TRUE';
      NO_DIR_CHECK='TRUE';
      ALLOW_CONNECT='TRUE';
    'IO_L9N_T1_DQS_12':
      PIN_NUMBER='(AC26,0,0,0,0,0,0,0,0,0,0,0,0,0,0,0,0,0,0,0,0,0,0,0,0,0)';
      PINUSE='UNSPEC';
      NO_LOAD_CHECK='Both';
      NO_IO_CHECK='Both';
      NO_ASSERT_CHECK='TRUE';
      NO_DIR_CHECK='TRUE';
      ALLOW_CONNECT='TRUE';
    'IO_L10P_T1_12':
      PIN_NUMBER='(Y25,0,0,0,0,0,0,0,0,0,0,0,0,0,0,0,0,0,0,0,0,0,0,0,0,0)';
      PINUSE='UNSPEC';
      NO_LOAD_CHECK='Both';
      NO_IO_CHECK='Both';
      NO_ASSERT_CHECK='TRUE';
      NO_DIR_CHECK='TRUE';
      ALLOW_CONNECT='TRUE';
    'IO_L10N_T1_12':
      PIN_NUMBER='(Y26,0,0,0,0,0,0,0,0,0,0,0,0,0,0,0,0,0,0,0,0,0,0,0,0,0)';
      PINUSE='UNSPEC';
      NO_LOAD_CHECK='Both';
      NO_IO_CHECK='Both';
      NO_ASSERT_CHECK='TRUE';
      NO_DIR_CHECK='TRUE';
      ALLOW_CONNECT='TRUE';
    'IO_L11P_T1_SRCC_12':
      PIN_NUMBER='(AA23,0,0,0,0,0,0,0,0,0,0,0,0,0,0,0,0,0,0,0,0,0,0,0,0,0)';
      PINUSE='UNSPEC';
      NO_LOAD_CHECK='Both';
      NO_IO_CHECK='Both';
      NO_ASSERT_CHECK='TRUE';
      NO_DIR_CHECK='TRUE';
      ALLOW_CONNECT='TRUE';
    'IO_L11N_T1_SRCC_12':
      PIN_NUMBER='(AB24,0,0,0,0,0,0,0,0,0,0,0,0,0,0,0,0,0,0,0,0,0,0,0,0,0)';
      PINUSE='UNSPEC';
      NO_LOAD_CHECK='Both';
      NO_IO_CHECK='Both';
      NO_ASSERT_CHECK='TRUE';
      NO_DIR_CHECK='TRUE';
      ALLOW_CONNECT='TRUE';
    'IO_L12P_T1_MRCC_12':
      PIN_NUMBER='(Y23,0,0,0,0,0,0,0,0,0,0,0,0,0,0,0,0,0,0,0,0,0,0,0,0,0)';
      PINUSE='UNSPEC';
      NO_LOAD_CHECK='Both';
      NO_IO_CHECK='Both';
      NO_ASSERT_CHECK='TRUE';
      NO_DIR_CHECK='TRUE';
      ALLOW_CONNECT='TRUE';
    'IO_L12N_T1_MRCC_12':
      PIN_NUMBER='(AA24,0,0,0,0,0,0,0,0,0,0,0,0,0,0,0,0,0,0,0,0,0,0,0,0,0)';
      PINUSE='UNSPEC';
      NO_LOAD_CHECK='Both';
      NO_IO_CHECK='Both';
      NO_ASSERT_CHECK='TRUE';
      NO_DIR_CHECK='TRUE';
      ALLOW_CONNECT='TRUE';
    'IO_L13P_T2_MRCC_12':
      PIN_NUMBER='(Y22,0,0,0,0,0,0,0,0,0,0,0,0,0,0,0,0,0,0,0,0,0,0,0,0,0)';
      PINUSE='UNSPEC';
      NO_LOAD_CHECK='Both';
      NO_IO_CHECK='Both';
      NO_ASSERT_CHECK='TRUE';
      NO_DIR_CHECK='TRUE';
      ALLOW_CONNECT='TRUE';
    'IO_L13N_T2_MRCC_12':
      PIN_NUMBER='(AA22,0,0,0,0,0,0,0,0,0,0,0,0,0,0,0,0,0,0,0,0,0,0,0,0,0)';
      PINUSE='UNSPEC';
      NO_LOAD_CHECK='Both';
      NO_IO_CHECK='Both';
      NO_ASSERT_CHECK='TRUE';
      NO_DIR_CHECK='TRUE';
      ALLOW_CONNECT='TRUE';
    'IO_L14P_T2_SRCC_12':
      PIN_NUMBER='(AC23,0,0,0,0,0,0,0,0,0,0,0,0,0,0,0,0,0,0,0,0,0,0,0,0,0)';
      PINUSE='UNSPEC';
      NO_LOAD_CHECK='Both';
      NO_IO_CHECK='Both';
      NO_ASSERT_CHECK='TRUE';
      NO_DIR_CHECK='TRUE';
      ALLOW_CONNECT='TRUE';
    'IO_L14N_T2_SRCC_12':
      PIN_NUMBER='(AC24,0,0,0,0,0,0,0,0,0,0,0,0,0,0,0,0,0,0,0,0,0,0,0,0,0)';
      PINUSE='UNSPEC';
      NO_LOAD_CHECK='Both';
      NO_IO_CHECK='Both';
      NO_ASSERT_CHECK='TRUE';
      NO_DIR_CHECK='TRUE';
      ALLOW_CONNECT='TRUE';
    'IO_L15P_T2_DQS_12':
      PIN_NUMBER='(W20,0,0,0,0,0,0,0,0,0,0,0,0,0,0,0,0,0,0,0,0,0,0,0,0,0)';
      PINUSE='UNSPEC';
      NO_LOAD_CHECK='Both';
      NO_IO_CHECK='Both';
      NO_ASSERT_CHECK='TRUE';
      NO_DIR_CHECK='TRUE';
      ALLOW_CONNECT='TRUE';
    'IO_L15N_T2_DQS_12':
      PIN_NUMBER='(Y21,0,0,0,0,0,0,0,0,0,0,0,0,0,0,0,0,0,0,0,0,0,0,0,0,0)';
      PINUSE='UNSPEC';
      NO_LOAD_CHECK='Both';
      NO_IO_CHECK='Both';
      NO_ASSERT_CHECK='TRUE';
      NO_DIR_CHECK='TRUE';
      ALLOW_CONNECT='TRUE';
    'IO_L16P_T2_12':
      PIN_NUMBER='(AD23,0,0,0,0,0,0,0,0,0,0,0,0,0,0,0,0,0,0,0,0,0,0,0,0,0)';
      PINUSE='UNSPEC';
      NO_LOAD_CHECK='Both';
      NO_IO_CHECK='Both';
      NO_ASSERT_CHECK='TRUE';
      NO_DIR_CHECK='TRUE';
      ALLOW_CONNECT='TRUE';
    'IO_L16N_T2_12':
      PIN_NUMBER='(AD24,0,0,0,0,0,0,0,0,0,0,0,0,0,0,0,0,0,0,0,0,0,0,0,0,0)';
      PINUSE='UNSPEC';
      NO_LOAD_CHECK='Both';
      NO_IO_CHECK='Both';
      NO_ASSERT_CHECK='TRUE';
      NO_DIR_CHECK='TRUE';
      ALLOW_CONNECT='TRUE';
    'IO_L17P_T2_12':
      PIN_NUMBER='(AB22,0,0,0,0,0,0,0,0,0,0,0,0,0,0,0,0,0,0,0,0,0,0,0,0,0)';
      PINUSE='UNSPEC';
      NO_LOAD_CHECK='Both';
      NO_IO_CHECK='Both';
      NO_ASSERT_CHECK='TRUE';
      NO_DIR_CHECK='TRUE';
      ALLOW_CONNECT='TRUE';
    'IO_L17N_T2_12':
      PIN_NUMBER='(AC22,0,0,0,0,0,0,0,0,0,0,0,0,0,0,0,0,0,0,0,0,0,0,0,0,0)';
      PINUSE='UNSPEC';
      NO_LOAD_CHECK='Both';
      NO_IO_CHECK='Both';
      NO_ASSERT_CHECK='TRUE';
      NO_DIR_CHECK='TRUE';
      ALLOW_CONNECT='TRUE';
    'IO_L18P_T2_12':
      PIN_NUMBER='(AB21,0,0,0,0,0,0,0,0,0,0,0,0,0,0,0,0,0,0,0,0,0,0,0,0,0)';
      PINUSE='UNSPEC';
      NO_LOAD_CHECK='Both';
      NO_IO_CHECK='Both';
      NO_ASSERT_CHECK='TRUE';
      NO_DIR_CHECK='TRUE';
      ALLOW_CONNECT='TRUE';
    'IO_L18N_T2_12':
      PIN_NUMBER='(AC21,0,0,0,0,0,0,0,0,0,0,0,0,0,0,0,0,0,0,0,0,0,0,0,0,0)';
      PINUSE='UNSPEC';
      NO_LOAD_CHECK='Both';
      NO_IO_CHECK='Both';
      NO_ASSERT_CHECK='TRUE';
      NO_DIR_CHECK='TRUE';
      ALLOW_CONNECT='TRUE';
    'IO_L19P_T3_12':
      PIN_NUMBER='(AD21,0,0,0,0,0,0,0,0,0,0,0,0,0,0,0,0,0,0,0,0,0,0,0,0,0)';
      PINUSE='UNSPEC';
      NO_LOAD_CHECK='Both';
      NO_IO_CHECK='Both';
      NO_ASSERT_CHECK='TRUE';
      NO_DIR_CHECK='TRUE';
      ALLOW_CONNECT='TRUE';
    'IO_L19N_T3_VREF_12':
      PIN_NUMBER='(AE21,0,0,0,0,0,0,0,0,0,0,0,0,0,0,0,0,0,0,0,0,0,0,0,0,0)';
      PINUSE='UNSPEC';
      NO_LOAD_CHECK='Both';
      NO_IO_CHECK='Both';
      NO_ASSERT_CHECK='TRUE';
      NO_DIR_CHECK='TRUE';
      ALLOW_CONNECT='TRUE';
    'IO_L20P_T3_12':
      PIN_NUMBER='(AF24,0,0,0,0,0,0,0,0,0,0,0,0,0,0,0,0,0,0,0,0,0,0,0,0,0)';
      PINUSE='UNSPEC';
      NO_LOAD_CHECK='Both';
      NO_IO_CHECK='Both';
      NO_ASSERT_CHECK='TRUE';
      NO_DIR_CHECK='TRUE';
      ALLOW_CONNECT='TRUE';
    'IO_L20N_T3_12':
      PIN_NUMBER='(AF25,0,0,0,0,0,0,0,0,0,0,0,0,0,0,0,0,0,0,0,0,0,0,0,0,0)';
      PINUSE='UNSPEC';
      NO_LOAD_CHECK='Both';
      NO_IO_CHECK='Both';
      NO_ASSERT_CHECK='TRUE';
      NO_DIR_CHECK='TRUE';
      ALLOW_CONNECT='TRUE';
    'IO_L21P_T3_DQS_12':
      PIN_NUMBER='(AD26,0,0,0,0,0,0,0,0,0,0,0,0,0,0,0,0,0,0,0,0,0,0,0,0,0)';
      PINUSE='UNSPEC';
      NO_LOAD_CHECK='Both';
      NO_IO_CHECK='Both';
      NO_ASSERT_CHECK='TRUE';
      NO_DIR_CHECK='TRUE';
      ALLOW_CONNECT='TRUE';
    'IO_L21N_T3_DQS_12':
      PIN_NUMBER='(AE26,0,0,0,0,0,0,0,0,0,0,0,0,0,0,0,0,0,0,0,0,0,0,0,0,0)';
      PINUSE='UNSPEC';
      NO_LOAD_CHECK='Both';
      NO_IO_CHECK='Both';
      NO_ASSERT_CHECK='TRUE';
      NO_DIR_CHECK='TRUE';
      ALLOW_CONNECT='TRUE';
    'IO_L22P_T3_12':
      PIN_NUMBER='(AE23,0,0,0,0,0,0,0,0,0,0,0,0,0,0,0,0,0,0,0,0,0,0,0,0,0)';
      PINUSE='UNSPEC';
      NO_LOAD_CHECK='Both';
      NO_IO_CHECK='Both';
      NO_ASSERT_CHECK='TRUE';
      NO_DIR_CHECK='TRUE';
      ALLOW_CONNECT='TRUE';
    'IO_L22N_T3_12':
      PIN_NUMBER='(AF23,0,0,0,0,0,0,0,0,0,0,0,0,0,0,0,0,0,0,0,0,0,0,0,0,0)';
      PINUSE='UNSPEC';
      NO_LOAD_CHECK='Both';
      NO_IO_CHECK='Both';
      NO_ASSERT_CHECK='TRUE';
      NO_DIR_CHECK='TRUE';
      ALLOW_CONNECT='TRUE';
    'IO_L23P_T3_12':
      PIN_NUMBER='(AD25,0,0,0,0,0,0,0,0,0,0,0,0,0,0,0,0,0,0,0,0,0,0,0,0,0)';
      PINUSE='UNSPEC';
      NO_LOAD_CHECK='Both';
      NO_IO_CHECK='Both';
      NO_ASSERT_CHECK='TRUE';
      NO_DIR_CHECK='TRUE';
      ALLOW_CONNECT='TRUE';
    'IO_L23N_T3_12':
      PIN_NUMBER='(AE25,0,0,0,0,0,0,0,0,0,0,0,0,0,0,0,0,0,0,0,0,0,0,0,0,0)';
      PINUSE='UNSPEC';
      NO_LOAD_CHECK='Both';
      NO_IO_CHECK='Both';
      NO_ASSERT_CHECK='TRUE';
      NO_DIR_CHECK='TRUE';
      ALLOW_CONNECT='TRUE';
    'IO_L24P_T3_12':
      PIN_NUMBER='(AE22,0,0,0,0,0,0,0,0,0,0,0,0,0,0,0,0,0,0,0,0,0,0,0,0,0)';
      PINUSE='UNSPEC';
      NO_LOAD_CHECK='Both';
      NO_IO_CHECK='Both';
      NO_ASSERT_CHECK='TRUE';
      NO_DIR_CHECK='TRUE';
      ALLOW_CONNECT='TRUE';
    'IO_L24N_T3_12':
      PIN_NUMBER='(AF22,0,0,0,0,0,0,0,0,0,0,0,0,0,0,0,0,0,0,0,0,0,0,0,0,0)';
      PINUSE='UNSPEC';
      NO_LOAD_CHECK='Both';
      NO_IO_CHECK='Both';
      NO_ASSERT_CHECK='TRUE';
      NO_DIR_CHECK='TRUE';
      ALLOW_CONNECT='TRUE';
    'IO_25_12':
      PIN_NUMBER='(Y20,0,0,0,0,0,0,0,0,0,0,0,0,0,0,0,0,0,0,0,0,0,0,0,0,0)';
      PINUSE='UNSPEC';
      NO_LOAD_CHECK='Both';
      NO_IO_CHECK='Both';
      NO_ASSERT_CHECK='TRUE';
      NO_DIR_CHECK='TRUE';
      ALLOW_CONNECT='TRUE';
    'IO_0_13':
      PIN_NUMBER='(0,N16,0,0,0,0,0,0,0,0,0,0,0,0,0,0,0,0,0,0,0,0,0,0,0,0)';
      PINUSE='UNSPEC';
      NO_LOAD_CHECK='Both';
      NO_IO_CHECK='Both';
      NO_ASSERT_CHECK='TRUE';
      NO_DIR_CHECK='TRUE';
      ALLOW_CONNECT='TRUE';
    'IO_L1P_T0_13':
      PIN_NUMBER='(0,K25,0,0,0,0,0,0,0,0,0,0,0,0,0,0,0,0,0,0,0,0,0,0,0,0)';
      PINUSE='UNSPEC';
      NO_LOAD_CHECK='Both';
      NO_IO_CHECK='Both';
      NO_ASSERT_CHECK='TRUE';
      NO_DIR_CHECK='TRUE';
      ALLOW_CONNECT='TRUE';
    'IO_L1N_T0_13':
      PIN_NUMBER='(0,K26,0,0,0,0,0,0,0,0,0,0,0,0,0,0,0,0,0,0,0,0,0,0,0,0)';
      PINUSE='UNSPEC';
      NO_LOAD_CHECK='Both';
      NO_IO_CHECK='Both';
      NO_ASSERT_CHECK='TRUE';
      NO_DIR_CHECK='TRUE';
      ALLOW_CONNECT='TRUE';
    'IO_L2P_T0_13':
      PIN_NUMBER='(0,R26,0,0,0,0,0,0,0,0,0,0,0,0,0,0,0,0,0,0,0,0,0,0,0,0)';
      PINUSE='UNSPEC';
      NO_LOAD_CHECK='Both';
      NO_IO_CHECK='Both';
      NO_ASSERT_CHECK='TRUE';
      NO_DIR_CHECK='TRUE';
      ALLOW_CONNECT='TRUE';
    'IO_L2N_T0_13':
      PIN_NUMBER='(0,P26,0,0,0,0,0,0,0,0,0,0,0,0,0,0,0,0,0,0,0,0,0,0,0,0)';
      PINUSE='UNSPEC';
      NO_LOAD_CHECK='Both';
      NO_IO_CHECK='Both';
      NO_ASSERT_CHECK='TRUE';
      NO_DIR_CHECK='TRUE';
      ALLOW_CONNECT='TRUE';
    'IO_L3P_T0_DQS_13':
      PIN_NUMBER='(0,M25,0,0,0,0,0,0,0,0,0,0,0,0,0,0,0,0,0,0,0,0,0,0,0,0)';
      PINUSE='UNSPEC';
      NO_LOAD_CHECK='Both';
      NO_IO_CHECK='Both';
      NO_ASSERT_CHECK='TRUE';
      NO_DIR_CHECK='TRUE';
      ALLOW_CONNECT='TRUE';
    'IO_L3N_T0_DQS_13':
      PIN_NUMBER='(0,L25,0,0,0,0,0,0,0,0,0,0,0,0,0,0,0,0,0,0,0,0,0,0,0,0)';
      PINUSE='UNSPEC';
      NO_LOAD_CHECK='Both';
      NO_IO_CHECK='Both';
      NO_ASSERT_CHECK='TRUE';
      NO_DIR_CHECK='TRUE';
      ALLOW_CONNECT='TRUE';
    'IO_L4P_T0_13':
      PIN_NUMBER='(0,P24,0,0,0,0,0,0,0,0,0,0,0,0,0,0,0,0,0,0,0,0,0,0,0,0)';
      PINUSE='UNSPEC';
      NO_LOAD_CHECK='Both';
      NO_IO_CHECK='Both';
      NO_ASSERT_CHECK='TRUE';
      NO_DIR_CHECK='TRUE';
      ALLOW_CONNECT='TRUE';
    'IO_L4N_T0_13':
      PIN_NUMBER='(0,N24,0,0,0,0,0,0,0,0,0,0,0,0,0,0,0,0,0,0,0,0,0,0,0,0)';
      PINUSE='UNSPEC';
      NO_LOAD_CHECK='Both';
      NO_IO_CHECK='Both';
      NO_ASSERT_CHECK='TRUE';
      NO_DIR_CHECK='TRUE';
      ALLOW_CONNECT='TRUE';
    'IO_L5P_T0_13':
      PIN_NUMBER='(0,N26,0,0,0,0,0,0,0,0,0,0,0,0,0,0,0,0,0,0,0,0,0,0,0,0)';
      PINUSE='UNSPEC';
      NO_LOAD_CHECK='Both';
      NO_IO_CHECK='Both';
      NO_ASSERT_CHECK='TRUE';
      NO_DIR_CHECK='TRUE';
      ALLOW_CONNECT='TRUE';
    'IO_L5N_T0_13':
      PIN_NUMBER='(0,M26,0,0,0,0,0,0,0,0,0,0,0,0,0,0,0,0,0,0,0,0,0,0,0,0)';
      PINUSE='UNSPEC';
      NO_LOAD_CHECK='Both';
      NO_IO_CHECK='Both';
      NO_ASSERT_CHECK='TRUE';
      NO_DIR_CHECK='TRUE';
      ALLOW_CONNECT='TRUE';
    'IO_L6P_T0_13':
      PIN_NUMBER='(0,R25,0,0,0,0,0,0,0,0,0,0,0,0,0,0,0,0,0,0,0,0,0,0,0,0)';
      PINUSE='UNSPEC';
      NO_LOAD_CHECK='Both';
      NO_IO_CHECK='Both';
      NO_ASSERT_CHECK='TRUE';
      NO_DIR_CHECK='TRUE';
      ALLOW_CONNECT='TRUE';
    'IO_L6N_T0_VREF_13':
      PIN_NUMBER='(0,P25,0,0,0,0,0,0,0,0,0,0,0,0,0,0,0,0,0,0,0,0,0,0,0,0)';
      PINUSE='UNSPEC';
      NO_LOAD_CHECK='Both';
      NO_IO_CHECK='Both';
      NO_ASSERT_CHECK='TRUE';
      NO_DIR_CHECK='TRUE';
      ALLOW_CONNECT='TRUE';
    'IO_L7P_T1_13':
      PIN_NUMBER='(0,N19,0,0,0,0,0,0,0,0,0,0,0,0,0,0,0,0,0,0,0,0,0,0,0,0)';
      PINUSE='UNSPEC';
      NO_LOAD_CHECK='Both';
      NO_IO_CHECK='Both';
      NO_ASSERT_CHECK='TRUE';
      NO_DIR_CHECK='TRUE';
      ALLOW_CONNECT='TRUE';
    'IO_L7N_T1_13':
      PIN_NUMBER='(0,M20,0,0,0,0,0,0,0,0,0,0,0,0,0,0,0,0,0,0,0,0,0,0,0,0)';
      PINUSE='UNSPEC';
      NO_LOAD_CHECK='Both';
      NO_IO_CHECK='Both';
      NO_ASSERT_CHECK='TRUE';
      NO_DIR_CHECK='TRUE';
      ALLOW_CONNECT='TRUE';
    'IO_L8P_T1_13':
      PIN_NUMBER='(0,M24,0,0,0,0,0,0,0,0,0,0,0,0,0,0,0,0,0,0,0,0,0,0,0,0)';
      PINUSE='UNSPEC';
      NO_LOAD_CHECK='Both';
      NO_IO_CHECK='Both';
      NO_ASSERT_CHECK='TRUE';
      NO_DIR_CHECK='TRUE';
      ALLOW_CONNECT='TRUE';
    'IO_L8N_T1_13':
      PIN_NUMBER='(0,L24,0,0,0,0,0,0,0,0,0,0,0,0,0,0,0,0,0,0,0,0,0,0,0,0)';
      PINUSE='UNSPEC';
      NO_LOAD_CHECK='Both';
      NO_IO_CHECK='Both';
      NO_ASSERT_CHECK='TRUE';
      NO_DIR_CHECK='TRUE';
      ALLOW_CONNECT='TRUE';
    'IO_L9P_T1_DQS_13':
      PIN_NUMBER='(0,P19,0,0,0,0,0,0,0,0,0,0,0,0,0,0,0,0,0,0,0,0,0,0,0,0)';
      PINUSE='UNSPEC';
      NO_LOAD_CHECK='Both';
      NO_IO_CHECK='Both';
      NO_ASSERT_CHECK='TRUE';
      NO_DIR_CHECK='TRUE';
      ALLOW_CONNECT='TRUE';
    'IO_L9N_T1_DQS_13':
      PIN_NUMBER='(0,P20,0,0,0,0,0,0,0,0,0,0,0,0,0,0,0,0,0,0,0,0,0,0,0,0)';
      PINUSE='UNSPEC';
      NO_LOAD_CHECK='Both';
      NO_IO_CHECK='Both';
      NO_ASSERT_CHECK='TRUE';
      NO_DIR_CHECK='TRUE';
      ALLOW_CONNECT='TRUE';
    'IO_L10P_T1_13':
      PIN_NUMBER='(0,M21,0,0,0,0,0,0,0,0,0,0,0,0,0,0,0,0,0,0,0,0,0,0,0,0)';
      PINUSE='UNSPEC';
      NO_LOAD_CHECK='Both';
      NO_IO_CHECK='Both';
      NO_ASSERT_CHECK='TRUE';
      NO_DIR_CHECK='TRUE';
      ALLOW_CONNECT='TRUE';
    'IO_L10N_T1_13':
      PIN_NUMBER='(0,M22,0,0,0,0,0,0,0,0,0,0,0,0,0,0,0,0,0,0,0,0,0,0,0,0)';
      PINUSE='UNSPEC';
      NO_LOAD_CHECK='Both';
      NO_IO_CHECK='Both';
      NO_ASSERT_CHECK='TRUE';
      NO_DIR_CHECK='TRUE';
      ALLOW_CONNECT='TRUE';
    'IO_L11P_T1_SRCC_13':
      PIN_NUMBER='(0,P23,0,0,0,0,0,0,0,0,0,0,0,0,0,0,0,0,0,0,0,0,0,0,0,0)';
      PINUSE='UNSPEC';
      NO_LOAD_CHECK='Both';
      NO_IO_CHECK='Both';
      NO_ASSERT_CHECK='TRUE';
      NO_DIR_CHECK='TRUE';
      ALLOW_CONNECT='TRUE';
    'IO_L11N_T1_SRCC_13':
      PIN_NUMBER='(0,N23,0,0,0,0,0,0,0,0,0,0,0,0,0,0,0,0,0,0,0,0,0,0,0,0)';
      PINUSE='UNSPEC';
      NO_LOAD_CHECK='Both';
      NO_IO_CHECK='Both';
      NO_ASSERT_CHECK='TRUE';
      NO_DIR_CHECK='TRUE';
      ALLOW_CONNECT='TRUE';
    'IO_L12P_T1_MRCC_13':
      PIN_NUMBER='(0,N21,0,0,0,0,0,0,0,0,0,0,0,0,0,0,0,0,0,0,0,0,0,0,0,0)';
      PINUSE='UNSPEC';
      NO_LOAD_CHECK='Both';
      NO_IO_CHECK='Both';
      NO_ASSERT_CHECK='TRUE';
      NO_DIR_CHECK='TRUE';
      ALLOW_CONNECT='TRUE';
    'IO_L12N_T1_MRCC_13':
      PIN_NUMBER='(0,N22,0,0,0,0,0,0,0,0,0,0,0,0,0,0,0,0,0,0,0,0,0,0,0,0)';
      PINUSE='UNSPEC';
      NO_LOAD_CHECK='Both';
      NO_IO_CHECK='Both';
      NO_ASSERT_CHECK='TRUE';
      NO_DIR_CHECK='TRUE';
      ALLOW_CONNECT='TRUE';
    'IO_L13P_T2_MRCC_13':
      PIN_NUMBER='(0,R21,0,0,0,0,0,0,0,0,0,0,0,0,0,0,0,0,0,0,0,0,0,0,0,0)';
      PINUSE='UNSPEC';
      NO_LOAD_CHECK='Both';
      NO_IO_CHECK='Both';
      NO_ASSERT_CHECK='TRUE';
      NO_DIR_CHECK='TRUE';
      ALLOW_CONNECT='TRUE';
    'IO_L13N_T2_MRCC_13':
      PIN_NUMBER='(0,P21,0,0,0,0,0,0,0,0,0,0,0,0,0,0,0,0,0,0,0,0,0,0,0,0)';
      PINUSE='UNSPEC';
      NO_LOAD_CHECK='Both';
      NO_IO_CHECK='Both';
      NO_ASSERT_CHECK='TRUE';
      NO_DIR_CHECK='TRUE';
      ALLOW_CONNECT='TRUE';
    'IO_L14P_T2_SRCC_13':
      PIN_NUMBER='(0,R22,0,0,0,0,0,0,0,0,0,0,0,0,0,0,0,0,0,0,0,0,0,0,0,0)';
      PINUSE='UNSPEC';
      NO_LOAD_CHECK='Both';
      NO_IO_CHECK='Both';
      NO_ASSERT_CHECK='TRUE';
      NO_DIR_CHECK='TRUE';
      ALLOW_CONNECT='TRUE';
    'IO_L14N_T2_SRCC_13':
      PIN_NUMBER='(0,R23,0,0,0,0,0,0,0,0,0,0,0,0,0,0,0,0,0,0,0,0,0,0,0,0)';
      PINUSE='UNSPEC';
      NO_LOAD_CHECK='Both';
      NO_IO_CHECK='Both';
      NO_ASSERT_CHECK='TRUE';
      NO_DIR_CHECK='TRUE';
      ALLOW_CONNECT='TRUE';
    'IO_L15P_T2_DQS_13':
      PIN_NUMBER='(0,T24,0,0,0,0,0,0,0,0,0,0,0,0,0,0,0,0,0,0,0,0,0,0,0,0)';
      PINUSE='UNSPEC';
      NO_LOAD_CHECK='Both';
      NO_IO_CHECK='Both';
      NO_ASSERT_CHECK='TRUE';
      NO_DIR_CHECK='TRUE';
      ALLOW_CONNECT='TRUE';
    'IO_L15N_T2_DQS_13':
      PIN_NUMBER='(0,T25,0,0,0,0,0,0,0,0,0,0,0,0,0,0,0,0,0,0,0,0,0,0,0,0)';
      PINUSE='UNSPEC';
      NO_LOAD_CHECK='Both';
      NO_IO_CHECK='Both';
      NO_ASSERT_CHECK='TRUE';
      NO_DIR_CHECK='TRUE';
      ALLOW_CONNECT='TRUE';
    'IO_L16P_T2_13':
      PIN_NUMBER='(0,T20,0,0,0,0,0,0,0,0,0,0,0,0,0,0,0,0,0,0,0,0,0,0,0,0)';
      PINUSE='UNSPEC';
      NO_LOAD_CHECK='Both';
      NO_IO_CHECK='Both';
      NO_ASSERT_CHECK='TRUE';
      NO_DIR_CHECK='TRUE';
      ALLOW_CONNECT='TRUE';
    'IO_L16N_T2_13':
      PIN_NUMBER='(0,R20,0,0,0,0,0,0,0,0,0,0,0,0,0,0,0,0,0,0,0,0,0,0,0,0)';
      PINUSE='UNSPEC';
      NO_LOAD_CHECK='Both';
      NO_IO_CHECK='Both';
      NO_ASSERT_CHECK='TRUE';
      NO_DIR_CHECK='TRUE';
      ALLOW_CONNECT='TRUE';
    'IO_L17P_T2_13':
      PIN_NUMBER='(0,T22,0,0,0,0,0,0,0,0,0,0,0,0,0,0,0,0,0,0,0,0,0,0,0,0)';
      PINUSE='UNSPEC';
      NO_LOAD_CHECK='Both';
      NO_IO_CHECK='Both';
      NO_ASSERT_CHECK='TRUE';
      NO_DIR_CHECK='TRUE';
      ALLOW_CONNECT='TRUE';
    'IO_L17N_T2_13':
      PIN_NUMBER='(0,T23,0,0,0,0,0,0,0,0,0,0,0,0,0,0,0,0,0,0,0,0,0,0,0,0)';
      PINUSE='UNSPEC';
      NO_LOAD_CHECK='Both';
      NO_IO_CHECK='Both';
      NO_ASSERT_CHECK='TRUE';
      NO_DIR_CHECK='TRUE';
      ALLOW_CONNECT='TRUE';
    'IO_L18P_T2_13':
      PIN_NUMBER='(0,U19,0,0,0,0,0,0,0,0,0,0,0,0,0,0,0,0,0,0,0,0,0,0,0,0)';
      PINUSE='UNSPEC';
      NO_LOAD_CHECK='Both';
      NO_IO_CHECK='Both';
      NO_ASSERT_CHECK='TRUE';
      NO_DIR_CHECK='TRUE';
      ALLOW_CONNECT='TRUE';
    'IO_L18N_T2_13':
      PIN_NUMBER='(0,U20,0,0,0,0,0,0,0,0,0,0,0,0,0,0,0,0,0,0,0,0,0,0,0,0)';
      PINUSE='UNSPEC';
      NO_LOAD_CHECK='Both';
      NO_IO_CHECK='Both';
      NO_ASSERT_CHECK='TRUE';
      NO_DIR_CHECK='TRUE';
      ALLOW_CONNECT='TRUE';
    'IO_L19P_T3_13':
      PIN_NUMBER='(0,T18,0,0,0,0,0,0,0,0,0,0,0,0,0,0,0,0,0,0,0,0,0,0,0,0)';
      PINUSE='UNSPEC';
      NO_LOAD_CHECK='Both';
      NO_IO_CHECK='Both';
      NO_ASSERT_CHECK='TRUE';
      NO_DIR_CHECK='TRUE';
      ALLOW_CONNECT='TRUE';
    'IO_L19N_T3_VREF_13':
      PIN_NUMBER='(0,T19,0,0,0,0,0,0,0,0,0,0,0,0,0,0,0,0,0,0,0,0,0,0,0,0)';
      PINUSE='UNSPEC';
      NO_LOAD_CHECK='Both';
      NO_IO_CHECK='Both';
      NO_ASSERT_CHECK='TRUE';
      NO_DIR_CHECK='TRUE';
      ALLOW_CONNECT='TRUE';
    'IO_L20P_T3_13':
      PIN_NUMBER='(0,P16,0,0,0,0,0,0,0,0,0,0,0,0,0,0,0,0,0,0,0,0,0,0,0,0)';
      PINUSE='UNSPEC';
      NO_LOAD_CHECK='Both';
      NO_IO_CHECK='Both';
      NO_ASSERT_CHECK='TRUE';
      NO_DIR_CHECK='TRUE';
      ALLOW_CONNECT='TRUE';
    'IO_L20N_T3_13':
      PIN_NUMBER='(0,N17,0,0,0,0,0,0,0,0,0,0,0,0,0,0,0,0,0,0,0,0,0,0,0,0)';
      PINUSE='UNSPEC';
      NO_LOAD_CHECK='Both';
      NO_IO_CHECK='Both';
      NO_ASSERT_CHECK='TRUE';
      NO_DIR_CHECK='TRUE';
      ALLOW_CONNECT='TRUE';
    'IO_L21P_T3_DQS_13':
      PIN_NUMBER='(0,R16,0,0,0,0,0,0,0,0,0,0,0,0,0,0,0,0,0,0,0,0,0,0,0,0)';
      PINUSE='UNSPEC';
      NO_LOAD_CHECK='Both';
      NO_IO_CHECK='Both';
      NO_ASSERT_CHECK='TRUE';
      NO_DIR_CHECK='TRUE';
      ALLOW_CONNECT='TRUE';
    'IO_L21N_T3_DQS_13':
      PIN_NUMBER='(0,R17,0,0,0,0,0,0,0,0,0,0,0,0,0,0,0,0,0,0,0,0,0,0,0,0)';
      PINUSE='UNSPEC';
      NO_LOAD_CHECK='Both';
      NO_IO_CHECK='Both';
      NO_ASSERT_CHECK='TRUE';
      NO_DIR_CHECK='TRUE';
      ALLOW_CONNECT='TRUE';
    'IO_L22P_T3_13':
      PIN_NUMBER='(0,N18,0,0,0,0,0,0,0,0,0,0,0,0,0,0,0,0,0,0,0,0,0,0,0,0)';
      PINUSE='UNSPEC';
      NO_LOAD_CHECK='Both';
      NO_IO_CHECK='Both';
      NO_ASSERT_CHECK='TRUE';
      NO_DIR_CHECK='TRUE';
      ALLOW_CONNECT='TRUE';
    'IO_L22N_T3_13':
      PIN_NUMBER='(0,M19,0,0,0,0,0,0,0,0,0,0,0,0,0,0,0,0,0,0,0,0,0,0,0,0)';
      PINUSE='UNSPEC';
      NO_LOAD_CHECK='Both';
      NO_IO_CHECK='Both';
      NO_ASSERT_CHECK='TRUE';
      NO_DIR_CHECK='TRUE';
      ALLOW_CONNECT='TRUE';
    'IO_L23P_T3_13':
      PIN_NUMBER='(0,U17,0,0,0,0,0,0,0,0,0,0,0,0,0,0,0,0,0,0,0,0,0,0,0,0)';
      PINUSE='UNSPEC';
      NO_LOAD_CHECK='Both';
      NO_IO_CHECK='Both';
      NO_ASSERT_CHECK='TRUE';
      NO_DIR_CHECK='TRUE';
      ALLOW_CONNECT='TRUE';
    'IO_L23N_T3_13':
      PIN_NUMBER='(0,T17,0,0,0,0,0,0,0,0,0,0,0,0,0,0,0,0,0,0,0,0,0,0,0,0)';
      PINUSE='UNSPEC';
      NO_LOAD_CHECK='Both';
      NO_IO_CHECK='Both';
      NO_ASSERT_CHECK='TRUE';
      NO_DIR_CHECK='TRUE';
      ALLOW_CONNECT='TRUE';
    'IO_L24P_T3_13':
      PIN_NUMBER='(0,R18,0,0,0,0,0,0,0,0,0,0,0,0,0,0,0,0,0,0,0,0,0,0,0,0)';
      PINUSE='UNSPEC';
      NO_LOAD_CHECK='Both';
      NO_IO_CHECK='Both';
      NO_ASSERT_CHECK='TRUE';
      NO_DIR_CHECK='TRUE';
      ALLOW_CONNECT='TRUE';
    'IO_L24N_T3_13':
      PIN_NUMBER='(0,P18,0,0,0,0,0,0,0,0,0,0,0,0,0,0,0,0,0,0,0,0,0,0,0,0)';
      PINUSE='UNSPEC';
      NO_LOAD_CHECK='Both';
      NO_IO_CHECK='Both';
      NO_ASSERT_CHECK='TRUE';
      NO_DIR_CHECK='TRUE';
      ALLOW_CONNECT='TRUE';
    'IO_25_13':
      PIN_NUMBER='(0,U16,0,0,0,0,0,0,0,0,0,0,0,0,0,0,0,0,0,0,0,0,0,0,0,0)';
      PINUSE='UNSPEC';
      NO_LOAD_CHECK='Both';
      NO_IO_CHECK='Both';
      NO_ASSERT_CHECK='TRUE';
      NO_DIR_CHECK='TRUE';
      ALLOW_CONNECT='TRUE';
    'IO_0_14':
      PIN_NUMBER='(0,0,K21,0,0,0,0,0,0,0,0,0,0,0,0,0,0,0,0,0,0,0,0,0,0,0)';
      PINUSE='UNSPEC';
      NO_LOAD_CHECK='Both';
      NO_IO_CHECK='Both';
      NO_ASSERT_CHECK='TRUE';
      NO_DIR_CHECK='TRUE';
      ALLOW_CONNECT='TRUE';
    'IO_L1P_T0_D00_MOSI_14':
      PIN_NUMBER='(0,0,B24,0,0,0,0,0,0,0,0,0,0,0,0,0,0,0,0,0,0,0,0,0,0,0)';
      PINUSE='UNSPEC';
      NO_LOAD_CHECK='Both';
      NO_IO_CHECK='Both';
      NO_ASSERT_CHECK='TRUE';
      NO_DIR_CHECK='TRUE';
      ALLOW_CONNECT='TRUE';
    'IO_L1N_T0_D01_DIN_14':
      PIN_NUMBER='(0,0,A25,0,0,0,0,0,0,0,0,0,0,0,0,0,0,0,0,0,0,0,0,0,0,0)';
      PINUSE='UNSPEC';
      NO_LOAD_CHECK='Both';
      NO_IO_CHECK='Both';
      NO_ASSERT_CHECK='TRUE';
      NO_DIR_CHECK='TRUE';
      ALLOW_CONNECT='TRUE';
    'IO_L2P_T0_D02_14':
      PIN_NUMBER='(0,0,B22,0,0,0,0,0,0,0,0,0,0,0,0,0,0,0,0,0,0,0,0,0,0,0)';
      PINUSE='UNSPEC';
      NO_LOAD_CHECK='Both';
      NO_IO_CHECK='Both';
      NO_ASSERT_CHECK='TRUE';
      NO_DIR_CHECK='TRUE';
      ALLOW_CONNECT='TRUE';
    'IO_L2N_T0_D03_14':
      PIN_NUMBER='(0,0,A22,0,0,0,0,0,0,0,0,0,0,0,0,0,0,0,0,0,0,0,0,0,0,0)';
      PINUSE='UNSPEC';
      NO_LOAD_CHECK='Both';
      NO_IO_CHECK='Both';
      NO_ASSERT_CHECK='TRUE';
      NO_DIR_CHECK='TRUE';
      ALLOW_CONNECT='TRUE';
    'IO_L3P_T0_DQS_PUDC_B_14':
      PIN_NUMBER='(0,0,B25,0,0,0,0,0,0,0,0,0,0,0,0,0,0,0,0,0,0,0,0,0,0,0)';
      PINUSE='UNSPEC';
      NO_LOAD_CHECK='Both';
      NO_IO_CHECK='Both';
      NO_ASSERT_CHECK='TRUE';
      NO_DIR_CHECK='TRUE';
      ALLOW_CONNECT='TRUE';
    'IO_L3N_T0_DQS_EMCCLK_14':
      PIN_NUMBER='(0,0,B26,0,0,0,0,0,0,0,0,0,0,0,0,0,0,0,0,0,0,0,0,0,0,0)';
      PINUSE='UNSPEC';
      NO_LOAD_CHECK='Both';
      NO_IO_CHECK='Both';
      NO_ASSERT_CHECK='TRUE';
      NO_DIR_CHECK='TRUE';
      ALLOW_CONNECT='TRUE';
    'IO_L4P_T0_D04_14':
      PIN_NUMBER='(0,0,A23,0,0,0,0,0,0,0,0,0,0,0,0,0,0,0,0,0,0,0,0,0,0,0)';
      PINUSE='UNSPEC';
      NO_LOAD_CHECK='Both';
      NO_IO_CHECK='Both';
      NO_ASSERT_CHECK='TRUE';
      NO_DIR_CHECK='TRUE';
      ALLOW_CONNECT='TRUE';
    'IO_L4N_T0_D05_14':
      PIN_NUMBER='(0,0,A24,0,0,0,0,0,0,0,0,0,0,0,0,0,0,0,0,0,0,0,0,0,0,0)';
      PINUSE='UNSPEC';
      NO_LOAD_CHECK='Both';
      NO_IO_CHECK='Both';
      NO_ASSERT_CHECK='TRUE';
      NO_DIR_CHECK='TRUE';
      ALLOW_CONNECT='TRUE';
    'IO_L5P_T0_D06_14':
      PIN_NUMBER='(0,0,D26,0,0,0,0,0,0,0,0,0,0,0,0,0,0,0,0,0,0,0,0,0,0,0)';
      PINUSE='UNSPEC';
      NO_LOAD_CHECK='Both';
      NO_IO_CHECK='Both';
      NO_ASSERT_CHECK='TRUE';
      NO_DIR_CHECK='TRUE';
      ALLOW_CONNECT='TRUE';
    'IO_L5N_T0_D07_14':
      PIN_NUMBER='(0,0,C26,0,0,0,0,0,0,0,0,0,0,0,0,0,0,0,0,0,0,0,0,0,0,0)';
      PINUSE='UNSPEC';
      NO_LOAD_CHECK='Both';
      NO_IO_CHECK='Both';
      NO_ASSERT_CHECK='TRUE';
      NO_DIR_CHECK='TRUE';
      ALLOW_CONNECT='TRUE';
    'IO_L6P_T0_FCS_B_14':
      PIN_NUMBER='(0,0,C23,0,0,0,0,0,0,0,0,0,0,0,0,0,0,0,0,0,0,0,0,0,0,0)';
      PINUSE='UNSPEC';
      NO_LOAD_CHECK='Both';
      NO_IO_CHECK='Both';
      NO_ASSERT_CHECK='TRUE';
      NO_DIR_CHECK='TRUE';
      ALLOW_CONNECT='TRUE';
    'IO_L6N_T0_D08_VREF_14':
      PIN_NUMBER='(0,0,C24,0,0,0,0,0,0,0,0,0,0,0,0,0,0,0,0,0,0,0,0,0,0,0)';
      PINUSE='UNSPEC';
      NO_LOAD_CHECK='Both';
      NO_IO_CHECK='Both';
      NO_ASSERT_CHECK='TRUE';
      NO_DIR_CHECK='TRUE';
      ALLOW_CONNECT='TRUE';
    'IO_L7P_T1_D09_14':
      PIN_NUMBER='(0,0,D21,0,0,0,0,0,0,0,0,0,0,0,0,0,0,0,0,0,0,0,0,0,0,0)';
      PINUSE='UNSPEC';
      NO_LOAD_CHECK='Both';
      NO_IO_CHECK='Both';
      NO_ASSERT_CHECK='TRUE';
      NO_DIR_CHECK='TRUE';
      ALLOW_CONNECT='TRUE';
    'IO_L7N_T1_D10_14':
      PIN_NUMBER='(0,0,C22,0,0,0,0,0,0,0,0,0,0,0,0,0,0,0,0,0,0,0,0,0,0,0)';
      PINUSE='UNSPEC';
      NO_LOAD_CHECK='Both';
      NO_IO_CHECK='Both';
      NO_ASSERT_CHECK='TRUE';
      NO_DIR_CHECK='TRUE';
      ALLOW_CONNECT='TRUE';
    'IO_L8P_T1_D11_14':
      PIN_NUMBER='(0,0,B20,0,0,0,0,0,0,0,0,0,0,0,0,0,0,0,0,0,0,0,0,0,0,0)';
      PINUSE='UNSPEC';
      NO_LOAD_CHECK='Both';
      NO_IO_CHECK='Both';
      NO_ASSERT_CHECK='TRUE';
      NO_DIR_CHECK='TRUE';
      ALLOW_CONNECT='TRUE';
    'IO_L8N_T1_D12_14':
      PIN_NUMBER='(0,0,A20,0,0,0,0,0,0,0,0,0,0,0,0,0,0,0,0,0,0,0,0,0,0,0)';
      PINUSE='UNSPEC';
      NO_LOAD_CHECK='Both';
      NO_IO_CHECK='Both';
      NO_ASSERT_CHECK='TRUE';
      NO_DIR_CHECK='TRUE';
      ALLOW_CONNECT='TRUE';
    'IO_L9P_T1_DQS_14':
      PIN_NUMBER='(0,0,E21,0,0,0,0,0,0,0,0,0,0,0,0,0,0,0,0,0,0,0,0,0,0,0)';
      PINUSE='UNSPEC';
      NO_LOAD_CHECK='Both';
      NO_IO_CHECK='Both';
      NO_ASSERT_CHECK='TRUE';
      NO_DIR_CHECK='TRUE';
      ALLOW_CONNECT='TRUE';
    'IO_L9N_T1_DQS_D13_14':
      PIN_NUMBER='(0,0,E22,0,0,0,0,0,0,0,0,0,0,0,0,0,0,0,0,0,0,0,0,0,0,0)';
      PINUSE='UNSPEC';
      NO_LOAD_CHECK='Both';
      NO_IO_CHECK='Both';
      NO_ASSERT_CHECK='TRUE';
      NO_DIR_CHECK='TRUE';
      ALLOW_CONNECT='TRUE';
    'IO_L10P_T1_D14_14':
      PIN_NUMBER='(0,0,C21,0,0,0,0,0,0,0,0,0,0,0,0,0,0,0,0,0,0,0,0,0,0,0)';
      PINUSE='UNSPEC';
      NO_LOAD_CHECK='Both';
      NO_IO_CHECK='Both';
      NO_ASSERT_CHECK='TRUE';
      NO_DIR_CHECK='TRUE';
      ALLOW_CONNECT='TRUE';
    'IO_L10N_T1_D15_14':
      PIN_NUMBER='(0,0,B21,0,0,0,0,0,0,0,0,0,0,0,0,0,0,0,0,0,0,0,0,0,0,0)';
      PINUSE='UNSPEC';
      NO_LOAD_CHECK='Both';
      NO_IO_CHECK='Both';
      NO_ASSERT_CHECK='TRUE';
      NO_DIR_CHECK='TRUE';
      ALLOW_CONNECT='TRUE';
    'IO_L11P_T1_SRCC_14':
      PIN_NUMBER='(0,0,D23,0,0,0,0,0,0,0,0,0,0,0,0,0,0,0,0,0,0,0,0,0,0,0)';
      PINUSE='UNSPEC';
      NO_LOAD_CHECK='Both';
      NO_IO_CHECK='Both';
      NO_ASSERT_CHECK='TRUE';
      NO_DIR_CHECK='TRUE';
      ALLOW_CONNECT='TRUE';
    'IO_L11N_T1_SRCC_14':
      PIN_NUMBER='(0,0,D24,0,0,0,0,0,0,0,0,0,0,0,0,0,0,0,0,0,0,0,0,0,0,0)';
      PINUSE='UNSPEC';
      NO_LOAD_CHECK='Both';
      NO_IO_CHECK='Both';
      NO_ASSERT_CHECK='TRUE';
      NO_DIR_CHECK='TRUE';
      ALLOW_CONNECT='TRUE';
    'IO_L12P_T1_MRCC_14':
      PIN_NUMBER='(0,0,F22,0,0,0,0,0,0,0,0,0,0,0,0,0,0,0,0,0,0,0,0,0,0,0)';
      PINUSE='UNSPEC';
      NO_LOAD_CHECK='Both';
      NO_IO_CHECK='Both';
      NO_ASSERT_CHECK='TRUE';
      NO_DIR_CHECK='TRUE';
      ALLOW_CONNECT='TRUE';
    'IO_L12N_T1_MRCC_14':
      PIN_NUMBER='(0,0,E23,0,0,0,0,0,0,0,0,0,0,0,0,0,0,0,0,0,0,0,0,0,0,0)';
      PINUSE='UNSPEC';
      NO_LOAD_CHECK='Both';
      NO_IO_CHECK='Both';
      NO_ASSERT_CHECK='TRUE';
      NO_DIR_CHECK='TRUE';
      ALLOW_CONNECT='TRUE';
    'IO_L13P_T2_MRCC_14':
      PIN_NUMBER='(0,0,G22,0,0,0,0,0,0,0,0,0,0,0,0,0,0,0,0,0,0,0,0,0,0,0)';
      PINUSE='UNSPEC';
      NO_LOAD_CHECK='Both';
      NO_IO_CHECK='Both';
      NO_ASSERT_CHECK='TRUE';
      NO_DIR_CHECK='TRUE';
      ALLOW_CONNECT='TRUE';
    'IO_L13N_T2_MRCC_14':
      PIN_NUMBER='(0,0,F23,0,0,0,0,0,0,0,0,0,0,0,0,0,0,0,0,0,0,0,0,0,0,0)';
      PINUSE='UNSPEC';
      NO_LOAD_CHECK='Both';
      NO_IO_CHECK='Both';
      NO_ASSERT_CHECK='TRUE';
      NO_DIR_CHECK='TRUE';
      ALLOW_CONNECT='TRUE';
    'IO_L14P_T2_SRCC_14':
      PIN_NUMBER='(0,0,G24,0,0,0,0,0,0,0,0,0,0,0,0,0,0,0,0,0,0,0,0,0,0,0)';
      PINUSE='UNSPEC';
      NO_LOAD_CHECK='Both';
      NO_IO_CHECK='Both';
      NO_ASSERT_CHECK='TRUE';
      NO_DIR_CHECK='TRUE';
      ALLOW_CONNECT='TRUE';
    'IO_L14N_T2_SRCC_14':
      PIN_NUMBER='(0,0,F24,0,0,0,0,0,0,0,0,0,0,0,0,0,0,0,0,0,0,0,0,0,0,0)';
      PINUSE='UNSPEC';
      NO_LOAD_CHECK='Both';
      NO_IO_CHECK='Both';
      NO_ASSERT_CHECK='TRUE';
      NO_DIR_CHECK='TRUE';
      ALLOW_CONNECT='TRUE';
    'IO_L15P_T2_DQS_RDWR_B_14':
      PIN_NUMBER='(0,0,E25,0,0,0,0,0,0,0,0,0,0,0,0,0,0,0,0,0,0,0,0,0,0,0)';
      PINUSE='UNSPEC';
      NO_LOAD_CHECK='Both';
      NO_IO_CHECK='Both';
      NO_ASSERT_CHECK='TRUE';
      NO_DIR_CHECK='TRUE';
      ALLOW_CONNECT='TRUE';
    'IO_L15N_T2_DQS_DOUT_CSO_B_14':
      PIN_NUMBER='(0,0,D25,0,0,0,0,0,0,0,0,0,0,0,0,0,0,0,0,0,0,0,0,0,0,0)';
      PINUSE='UNSPEC';
      NO_LOAD_CHECK='Both';
      NO_IO_CHECK='Both';
      NO_ASSERT_CHECK='TRUE';
      NO_DIR_CHECK='TRUE';
      ALLOW_CONNECT='TRUE';
    'IO_L16P_T2_CSI_B_14':
      PIN_NUMBER='(0,0,G25,0,0,0,0,0,0,0,0,0,0,0,0,0,0,0,0,0,0,0,0,0,0,0)';
      PINUSE='UNSPEC';
      NO_LOAD_CHECK='Both';
      NO_IO_CHECK='Both';
      NO_ASSERT_CHECK='TRUE';
      NO_DIR_CHECK='TRUE';
      ALLOW_CONNECT='TRUE';
    'IO_L16N_T2_A15_D31_14':
      PIN_NUMBER='(0,0,G26,0,0,0,0,0,0,0,0,0,0,0,0,0,0,0,0,0,0,0,0,0,0,0)';
      PINUSE='UNSPEC';
      NO_LOAD_CHECK='Both';
      NO_IO_CHECK='Both';
      NO_ASSERT_CHECK='TRUE';
      NO_DIR_CHECK='TRUE';
      ALLOW_CONNECT='TRUE';
    'IO_L17P_T2_A14_D30_14':
      PIN_NUMBER='(0,0,F25,0,0,0,0,0,0,0,0,0,0,0,0,0,0,0,0,0,0,0,0,0,0,0)';
      PINUSE='UNSPEC';
      NO_LOAD_CHECK='Both';
      NO_IO_CHECK='Both';
      NO_ASSERT_CHECK='TRUE';
      NO_DIR_CHECK='TRUE';
      ALLOW_CONNECT='TRUE';
    'IO_L17N_T2_A13_D29_14':
      PIN_NUMBER='(0,0,E26,0,0,0,0,0,0,0,0,0,0,0,0,0,0,0,0,0,0,0,0,0,0,0)';
      PINUSE='UNSPEC';
      NO_LOAD_CHECK='Both';
      NO_IO_CHECK='Both';
      NO_ASSERT_CHECK='TRUE';
      NO_DIR_CHECK='TRUE';
      ALLOW_CONNECT='TRUE';
    'IO_L18P_T2_A12_D28_14':
      PIN_NUMBER='(0,0,J26,0,0,0,0,0,0,0,0,0,0,0,0,0,0,0,0,0,0,0,0,0,0,0)';
      PINUSE='UNSPEC';
      NO_LOAD_CHECK='Both';
      NO_IO_CHECK='Both';
      NO_ASSERT_CHECK='TRUE';
      NO_DIR_CHECK='TRUE';
      ALLOW_CONNECT='TRUE';
    'IO_L18N_T2_A11_D27_14':
      PIN_NUMBER='(0,0,H26,0,0,0,0,0,0,0,0,0,0,0,0,0,0,0,0,0,0,0,0,0,0,0)';
      PINUSE='UNSPEC';
      NO_LOAD_CHECK='Both';
      NO_IO_CHECK='Both';
      NO_ASSERT_CHECK='TRUE';
      NO_DIR_CHECK='TRUE';
      ALLOW_CONNECT='TRUE';
    'IO_L19P_T3_A10_D26_14':
      PIN_NUMBER='(0,0,H21,0,0,0,0,0,0,0,0,0,0,0,0,0,0,0,0,0,0,0,0,0,0,0)';
      PINUSE='UNSPEC';
      NO_LOAD_CHECK='Both';
      NO_IO_CHECK='Both';
      NO_ASSERT_CHECK='TRUE';
      NO_DIR_CHECK='TRUE';
      ALLOW_CONNECT='TRUE';
    'IO_L19N_T3_A09_D25_VREF_14':
      PIN_NUMBER='(0,0,G21,0,0,0,0,0,0,0,0,0,0,0,0,0,0,0,0,0,0,0,0,0,0,0)';
      PINUSE='UNSPEC';
      NO_LOAD_CHECK='Both';
      NO_IO_CHECK='Both';
      NO_ASSERT_CHECK='TRUE';
      NO_DIR_CHECK='TRUE';
      ALLOW_CONNECT='TRUE';
    'IO_L20P_T3_A08_D24_14':
      PIN_NUMBER='(0,0,H23,0,0,0,0,0,0,0,0,0,0,0,0,0,0,0,0,0,0,0,0,0,0,0)';
      PINUSE='UNSPEC';
      NO_LOAD_CHECK='Both';
      NO_IO_CHECK='Both';
      NO_ASSERT_CHECK='TRUE';
      NO_DIR_CHECK='TRUE';
      ALLOW_CONNECT='TRUE';
    'IO_L20N_T3_A07_D23_14':
      PIN_NUMBER='(0,0,H24,0,0,0,0,0,0,0,0,0,0,0,0,0,0,0,0,0,0,0,0,0,0,0)';
      PINUSE='UNSPEC';
      NO_LOAD_CHECK='Both';
      NO_IO_CHECK='Both';
      NO_ASSERT_CHECK='TRUE';
      NO_DIR_CHECK='TRUE';
      ALLOW_CONNECT='TRUE';
    'IO_L21P_T3_DQS_14':
      PIN_NUMBER='(0,0,J21,0,0,0,0,0,0,0,0,0,0,0,0,0,0,0,0,0,0,0,0,0,0,0)';
      PINUSE='UNSPEC';
      NO_LOAD_CHECK='Both';
      NO_IO_CHECK='Both';
      NO_ASSERT_CHECK='TRUE';
      NO_DIR_CHECK='TRUE';
      ALLOW_CONNECT='TRUE';
    'IO_L21N_T3_DQS_A06_D22_14':
      PIN_NUMBER='(0,0,H22,0,0,0,0,0,0,0,0,0,0,0,0,0,0,0,0,0,0,0,0,0,0,0)';
      PINUSE='UNSPEC';
      NO_LOAD_CHECK='Both';
      NO_IO_CHECK='Both';
      NO_ASSERT_CHECK='TRUE';
      NO_DIR_CHECK='TRUE';
      ALLOW_CONNECT='TRUE';
    'IO_L22P_T3_A05_D21_14':
      PIN_NUMBER='(0,0,J24,0,0,0,0,0,0,0,0,0,0,0,0,0,0,0,0,0,0,0,0,0,0,0)';
      PINUSE='UNSPEC';
      NO_LOAD_CHECK='Both';
      NO_IO_CHECK='Both';
      NO_ASSERT_CHECK='TRUE';
      NO_DIR_CHECK='TRUE';
      ALLOW_CONNECT='TRUE';
    'IO_L22N_T3_A04_D20_14':
      PIN_NUMBER='(0,0,J25,0,0,0,0,0,0,0,0,0,0,0,0,0,0,0,0,0,0,0,0,0,0,0)';
      PINUSE='UNSPEC';
      NO_LOAD_CHECK='Both';
      NO_IO_CHECK='Both';
      NO_ASSERT_CHECK='TRUE';
      NO_DIR_CHECK='TRUE';
      ALLOW_CONNECT='TRUE';
    'IO_L23P_T3_A03_D19_14':
      PIN_NUMBER='(0,0,L22,0,0,0,0,0,0,0,0,0,0,0,0,0,0,0,0,0,0,0,0,0,0,0)';
      PINUSE='UNSPEC';
      NO_LOAD_CHECK='Both';
      NO_IO_CHECK='Both';
      NO_ASSERT_CHECK='TRUE';
      NO_DIR_CHECK='TRUE';
      ALLOW_CONNECT='TRUE';
    'IO_L23N_T3_A02_D18_14':
      PIN_NUMBER='(0,0,K22,0,0,0,0,0,0,0,0,0,0,0,0,0,0,0,0,0,0,0,0,0,0,0)';
      PINUSE='UNSPEC';
      NO_LOAD_CHECK='Both';
      NO_IO_CHECK='Both';
      NO_ASSERT_CHECK='TRUE';
      NO_DIR_CHECK='TRUE';
      ALLOW_CONNECT='TRUE';
    'IO_L24P_T3_A01_D17_14':
      PIN_NUMBER='(0,0,K23,0,0,0,0,0,0,0,0,0,0,0,0,0,0,0,0,0,0,0,0,0,0,0)';
      PINUSE='UNSPEC';
      NO_LOAD_CHECK='Both';
      NO_IO_CHECK='Both';
      NO_ASSERT_CHECK='TRUE';
      NO_DIR_CHECK='TRUE';
      ALLOW_CONNECT='TRUE';
    'IO_L24N_T3_A00_D16_14':
      PIN_NUMBER='(0,0,J23,0,0,0,0,0,0,0,0,0,0,0,0,0,0,0,0,0,0,0,0,0,0,0)';
      PINUSE='UNSPEC';
      NO_LOAD_CHECK='Both';
      NO_IO_CHECK='Both';
      NO_ASSERT_CHECK='TRUE';
      NO_DIR_CHECK='TRUE';
      ALLOW_CONNECT='TRUE';
    'IO_25_14':
      PIN_NUMBER='(0,0,L23,0,0,0,0,0,0,0,0,0,0,0,0,0,0,0,0,0,0,0,0,0,0,0)';
      PINUSE='UNSPEC';
      NO_LOAD_CHECK='Both';
      NO_IO_CHECK='Both';
      NO_ASSERT_CHECK='TRUE';
      NO_DIR_CHECK='TRUE';
      ALLOW_CONNECT='TRUE';
    'IO_0_15':
      PIN_NUMBER='(0,0,0,K15,0,0,0,0,0,0,0,0,0,0,0,0,0,0,0,0,0,0,0,0,0,0)';
      PINUSE='UNSPEC';
      NO_LOAD_CHECK='Both';
      NO_IO_CHECK='Both';
      NO_ASSERT_CHECK='TRUE';
      NO_DIR_CHECK='TRUE';
      ALLOW_CONNECT='TRUE';
    'IO_L1P_T0_AD0P_15':
      PIN_NUMBER='(0,0,0,C16,0,0,0,0,0,0,0,0,0,0,0,0,0,0,0,0,0,0,0,0,0,0)';
      PINUSE='UNSPEC';
      NO_LOAD_CHECK='Both';
      NO_IO_CHECK='Both';
      NO_ASSERT_CHECK='TRUE';
      NO_DIR_CHECK='TRUE';
      ALLOW_CONNECT='TRUE';
    'IO_L1N_T0_AD0N_15':
      PIN_NUMBER='(0,0,0,B16,0,0,0,0,0,0,0,0,0,0,0,0,0,0,0,0,0,0,0,0,0,0)';
      PINUSE='UNSPEC';
      NO_LOAD_CHECK='Both';
      NO_IO_CHECK='Both';
      NO_ASSERT_CHECK='TRUE';
      NO_DIR_CHECK='TRUE';
      ALLOW_CONNECT='TRUE';
    'IO_L2P_T0_AD8P_15':
      PIN_NUMBER='(0,0,0,A18,0,0,0,0,0,0,0,0,0,0,0,0,0,0,0,0,0,0,0,0,0,0)';
      PINUSE='UNSPEC';
      NO_LOAD_CHECK='Both';
      NO_IO_CHECK='Both';
      NO_ASSERT_CHECK='TRUE';
      NO_DIR_CHECK='TRUE';
      ALLOW_CONNECT='TRUE';
    'IO_L2N_T0_AD8N_15':
      PIN_NUMBER='(0,0,0,A19,0,0,0,0,0,0,0,0,0,0,0,0,0,0,0,0,0,0,0,0,0,0)';
      PINUSE='UNSPEC';
      NO_LOAD_CHECK='Both';
      NO_IO_CHECK='Both';
      NO_ASSERT_CHECK='TRUE';
      NO_DIR_CHECK='TRUE';
      ALLOW_CONNECT='TRUE';
    'IO_L3P_T0_DQS_AD1P_15':
      PIN_NUMBER='(0,0,0,B17,0,0,0,0,0,0,0,0,0,0,0,0,0,0,0,0,0,0,0,0,0,0)';
      PINUSE='UNSPEC';
      NO_LOAD_CHECK='Both';
      NO_IO_CHECK='Both';
      NO_ASSERT_CHECK='TRUE';
      NO_DIR_CHECK='TRUE';
      ALLOW_CONNECT='TRUE';
    'IO_L3N_T0_DQS_AD1N_15':
      PIN_NUMBER='(0,0,0,A17,0,0,0,0,0,0,0,0,0,0,0,0,0,0,0,0,0,0,0,0,0,0)';
      PINUSE='UNSPEC';
      NO_LOAD_CHECK='Both';
      NO_IO_CHECK='Both';
      NO_ASSERT_CHECK='TRUE';
      NO_DIR_CHECK='TRUE';
      ALLOW_CONNECT='TRUE';
    'IO_L4P_T0_AD9P_15':
      PIN_NUMBER='(0,0,0,C19,0,0,0,0,0,0,0,0,0,0,0,0,0,0,0,0,0,0,0,0,0,0)';
      PINUSE='UNSPEC';
      NO_LOAD_CHECK='Both';
      NO_IO_CHECK='Both';
      NO_ASSERT_CHECK='TRUE';
      NO_DIR_CHECK='TRUE';
      ALLOW_CONNECT='TRUE';
    'IO_L4N_T0_AD9N_15':
      PIN_NUMBER='(0,0,0,B19,0,0,0,0,0,0,0,0,0,0,0,0,0,0,0,0,0,0,0,0,0,0)';
      PINUSE='UNSPEC';
      NO_LOAD_CHECK='Both';
      NO_IO_CHECK='Both';
      NO_ASSERT_CHECK='TRUE';
      NO_DIR_CHECK='TRUE';
      ALLOW_CONNECT='TRUE';
    'IO_L5P_T0_AD2P_15':
      PIN_NUMBER='(0,0,0,C17,0,0,0,0,0,0,0,0,0,0,0,0,0,0,0,0,0,0,0,0,0,0)';
      PINUSE='UNSPEC';
      NO_LOAD_CHECK='Both';
      NO_IO_CHECK='Both';
      NO_ASSERT_CHECK='TRUE';
      NO_DIR_CHECK='TRUE';
      ALLOW_CONNECT='TRUE';
    'IO_L5N_T0_AD2N_15':
      PIN_NUMBER='(0,0,0,C18,0,0,0,0,0,0,0,0,0,0,0,0,0,0,0,0,0,0,0,0,0,0)';
      PINUSE='UNSPEC';
      NO_LOAD_CHECK='Both';
      NO_IO_CHECK='Both';
      NO_ASSERT_CHECK='TRUE';
      NO_DIR_CHECK='TRUE';
      ALLOW_CONNECT='TRUE';
    'IO_L6P_T0_15':
      PIN_NUMBER='(0,0,0,D15,0,0,0,0,0,0,0,0,0,0,0,0,0,0,0,0,0,0,0,0,0,0)';
      PINUSE='UNSPEC';
      NO_LOAD_CHECK='Both';
      NO_IO_CHECK='Both';
      NO_ASSERT_CHECK='TRUE';
      NO_DIR_CHECK='TRUE';
      ALLOW_CONNECT='TRUE';
    'IO_L6N_T0_VREF_15':
      PIN_NUMBER='(0,0,0,D16,0,0,0,0,0,0,0,0,0,0,0,0,0,0,0,0,0,0,0,0,0,0)';
      PINUSE='UNSPEC';
      NO_LOAD_CHECK='Both';
      NO_IO_CHECK='Both';
      NO_ASSERT_CHECK='TRUE';
      NO_DIR_CHECK='TRUE';
      ALLOW_CONNECT='TRUE';
    'IO_L7P_T1_AD10P_15':
      PIN_NUMBER='(0,0,0,H16,0,0,0,0,0,0,0,0,0,0,0,0,0,0,0,0,0,0,0,0,0,0)';
      PINUSE='UNSPEC';
      NO_LOAD_CHECK='Both';
      NO_IO_CHECK='Both';
      NO_ASSERT_CHECK='TRUE';
      NO_DIR_CHECK='TRUE';
      ALLOW_CONNECT='TRUE';
    'IO_L7N_T1_AD10N_15':
      PIN_NUMBER='(0,0,0,G16,0,0,0,0,0,0,0,0,0,0,0,0,0,0,0,0,0,0,0,0,0,0)';
      PINUSE='UNSPEC';
      NO_LOAD_CHECK='Both';
      NO_IO_CHECK='Both';
      NO_ASSERT_CHECK='TRUE';
      NO_DIR_CHECK='TRUE';
      ALLOW_CONNECT='TRUE';
    'IO_L8P_T1_AD3P_15':
      PIN_NUMBER='(0,0,0,G15,0,0,0,0,0,0,0,0,0,0,0,0,0,0,0,0,0,0,0,0,0,0)';
      PINUSE='UNSPEC';
      NO_LOAD_CHECK='Both';
      NO_IO_CHECK='Both';
      NO_ASSERT_CHECK='TRUE';
      NO_DIR_CHECK='TRUE';
      ALLOW_CONNECT='TRUE';
    'IO_L8N_T1_AD3N_15':
      PIN_NUMBER='(0,0,0,F15,0,0,0,0,0,0,0,0,0,0,0,0,0,0,0,0,0,0,0,0,0,0)';
      PINUSE='UNSPEC';
      NO_LOAD_CHECK='Both';
      NO_IO_CHECK='Both';
      NO_ASSERT_CHECK='TRUE';
      NO_DIR_CHECK='TRUE';
      ALLOW_CONNECT='TRUE';
    'IO_L9P_T1_DQS_AD11P_15':
      PIN_NUMBER='(0,0,0,J15,0,0,0,0,0,0,0,0,0,0,0,0,0,0,0,0,0,0,0,0,0,0)';
      PINUSE='UNSPEC';
      NO_LOAD_CHECK='Both';
      NO_IO_CHECK='Both';
      NO_ASSERT_CHECK='TRUE';
      NO_DIR_CHECK='TRUE';
      ALLOW_CONNECT='TRUE';
    'IO_L9N_T1_DQS_AD11N_15':
      PIN_NUMBER='(0,0,0,J16,0,0,0,0,0,0,0,0,0,0,0,0,0,0,0,0,0,0,0,0,0,0)';
      PINUSE='UNSPEC';
      NO_LOAD_CHECK='Both';
      NO_IO_CHECK='Both';
      NO_ASSERT_CHECK='TRUE';
      NO_DIR_CHECK='TRUE';
      ALLOW_CONNECT='TRUE';
    'IO_L10P_T1_AD4P_15':
      PIN_NUMBER='(0,0,0,E15,0,0,0,0,0,0,0,0,0,0,0,0,0,0,0,0,0,0,0,0,0,0)';
      PINUSE='UNSPEC';
      NO_LOAD_CHECK='Both';
      NO_IO_CHECK='Both';
      NO_ASSERT_CHECK='TRUE';
      NO_DIR_CHECK='TRUE';
      ALLOW_CONNECT='TRUE';
    'IO_L10N_T1_AD4N_15':
      PIN_NUMBER='(0,0,0,E16,0,0,0,0,0,0,0,0,0,0,0,0,0,0,0,0,0,0,0,0,0,0)';
      PINUSE='UNSPEC';
      NO_LOAD_CHECK='Both';
      NO_IO_CHECK='Both';
      NO_ASSERT_CHECK='TRUE';
      NO_DIR_CHECK='TRUE';
      ALLOW_CONNECT='TRUE';
    'IO_L11P_T1_SRCC_AD12P_15':
      PIN_NUMBER='(0,0,0,G17,0,0,0,0,0,0,0,0,0,0,0,0,0,0,0,0,0,0,0,0,0,0)';
      PINUSE='UNSPEC';
      NO_LOAD_CHECK='Both';
      NO_IO_CHECK='Both';
      NO_ASSERT_CHECK='TRUE';
      NO_DIR_CHECK='TRUE';
      ALLOW_CONNECT='TRUE';
    'IO_L11N_T1_SRCC_AD12N_15':
      PIN_NUMBER='(0,0,0,F18,0,0,0,0,0,0,0,0,0,0,0,0,0,0,0,0,0,0,0,0,0,0)';
      PINUSE='UNSPEC';
      NO_LOAD_CHECK='Both';
      NO_IO_CHECK='Both';
      NO_ASSERT_CHECK='TRUE';
      NO_DIR_CHECK='TRUE';
      ALLOW_CONNECT='TRUE';
    'IO_L12P_T1_MRCC_AD5P_15':
      PIN_NUMBER='(0,0,0,F17,0,0,0,0,0,0,0,0,0,0,0,0,0,0,0,0,0,0,0,0,0,0)';
      PINUSE='UNSPEC';
      NO_LOAD_CHECK='Both';
      NO_IO_CHECK='Both';
      NO_ASSERT_CHECK='TRUE';
      NO_DIR_CHECK='TRUE';
      ALLOW_CONNECT='TRUE';
    'IO_L12N_T1_MRCC_AD5N_15':
      PIN_NUMBER='(0,0,0,E17,0,0,0,0,0,0,0,0,0,0,0,0,0,0,0,0,0,0,0,0,0,0)';
      PINUSE='UNSPEC';
      NO_LOAD_CHECK='Both';
      NO_IO_CHECK='Both';
      NO_ASSERT_CHECK='TRUE';
      NO_DIR_CHECK='TRUE';
      ALLOW_CONNECT='TRUE';
    'IO_L13P_T2_MRCC_15':
      PIN_NUMBER='(0,0,0,E18,0,0,0,0,0,0,0,0,0,0,0,0,0,0,0,0,0,0,0,0,0,0)';
      PINUSE='UNSPEC';
      NO_LOAD_CHECK='Both';
      NO_IO_CHECK='Both';
      NO_ASSERT_CHECK='TRUE';
      NO_DIR_CHECK='TRUE';
      ALLOW_CONNECT='TRUE';
    'IO_L13N_T2_MRCC_15':
      PIN_NUMBER='(0,0,0,D18,0,0,0,0,0,0,0,0,0,0,0,0,0,0,0,0,0,0,0,0,0,0)';
      PINUSE='UNSPEC';
      NO_LOAD_CHECK='Both';
      NO_IO_CHECK='Both';
      NO_ASSERT_CHECK='TRUE';
      NO_DIR_CHECK='TRUE';
      ALLOW_CONNECT='TRUE';
    'IO_L14P_T2_SRCC_15':
      PIN_NUMBER='(0,0,0,H17,0,0,0,0,0,0,0,0,0,0,0,0,0,0,0,0,0,0,0,0,0,0)';
      PINUSE='UNSPEC';
      NO_LOAD_CHECK='Both';
      NO_IO_CHECK='Both';
      NO_ASSERT_CHECK='TRUE';
      NO_DIR_CHECK='TRUE';
      ALLOW_CONNECT='TRUE';
    'IO_L14N_T2_SRCC_15':
      PIN_NUMBER='(0,0,0,H18,0,0,0,0,0,0,0,0,0,0,0,0,0,0,0,0,0,0,0,0,0,0)';
      PINUSE='UNSPEC';
      NO_LOAD_CHECK='Both';
      NO_IO_CHECK='Both';
      NO_ASSERT_CHECK='TRUE';
      NO_DIR_CHECK='TRUE';
      ALLOW_CONNECT='TRUE';
    'IO_L15P_T2_DQS_15':
      PIN_NUMBER='(0,0,0,D19,0,0,0,0,0,0,0,0,0,0,0,0,0,0,0,0,0,0,0,0,0,0)';
      PINUSE='UNSPEC';
      NO_LOAD_CHECK='Both';
      NO_IO_CHECK='Both';
      NO_ASSERT_CHECK='TRUE';
      NO_DIR_CHECK='TRUE';
      ALLOW_CONNECT='TRUE';
    'IO_L15N_T2_DQS_ADV_B_15':
      PIN_NUMBER='(0,0,0,D20,0,0,0,0,0,0,0,0,0,0,0,0,0,0,0,0,0,0,0,0,0,0)';
      PINUSE='UNSPEC';
      NO_LOAD_CHECK='Both';
      NO_IO_CHECK='Both';
      NO_ASSERT_CHECK='TRUE';
      NO_DIR_CHECK='TRUE';
      ALLOW_CONNECT='TRUE';
    'IO_L16P_T2_A28_15':
      PIN_NUMBER='(0,0,0,G19,0,0,0,0,0,0,0,0,0,0,0,0,0,0,0,0,0,0,0,0,0,0)';
      PINUSE='UNSPEC';
      NO_LOAD_CHECK='Both';
      NO_IO_CHECK='Both';
      NO_ASSERT_CHECK='TRUE';
      NO_DIR_CHECK='TRUE';
      ALLOW_CONNECT='TRUE';
    'IO_L16N_T2_A27_15':
      PIN_NUMBER='(0,0,0,F20,0,0,0,0,0,0,0,0,0,0,0,0,0,0,0,0,0,0,0,0,0,0)';
      PINUSE='UNSPEC';
      NO_LOAD_CHECK='Both';
      NO_IO_CHECK='Both';
      NO_ASSERT_CHECK='TRUE';
      NO_DIR_CHECK='TRUE';
      ALLOW_CONNECT='TRUE';
    'IO_L17P_T2_A26_15':
      PIN_NUMBER='(0,0,0,F19,0,0,0,0,0,0,0,0,0,0,0,0,0,0,0,0,0,0,0,0,0,0)';
      PINUSE='UNSPEC';
      NO_LOAD_CHECK='Both';
      NO_IO_CHECK='Both';
      NO_ASSERT_CHECK='TRUE';
      NO_DIR_CHECK='TRUE';
      ALLOW_CONNECT='TRUE';
    'IO_L17N_T2_A25_15':
      PIN_NUMBER='(0,0,0,E20,0,0,0,0,0,0,0,0,0,0,0,0,0,0,0,0,0,0,0,0,0,0)';
      PINUSE='UNSPEC';
      NO_LOAD_CHECK='Both';
      NO_IO_CHECK='Both';
      NO_ASSERT_CHECK='TRUE';
      NO_DIR_CHECK='TRUE';
      ALLOW_CONNECT='TRUE';
    'IO_L18P_T2_A24_15':
      PIN_NUMBER='(0,0,0,H19,0,0,0,0,0,0,0,0,0,0,0,0,0,0,0,0,0,0,0,0,0,0)';
      PINUSE='UNSPEC';
      NO_LOAD_CHECK='Both';
      NO_IO_CHECK='Both';
      NO_ASSERT_CHECK='TRUE';
      NO_DIR_CHECK='TRUE';
      ALLOW_CONNECT='TRUE';
    'IO_L18N_T2_A23_15':
      PIN_NUMBER='(0,0,0,G20,0,0,0,0,0,0,0,0,0,0,0,0,0,0,0,0,0,0,0,0,0,0)';
      PINUSE='UNSPEC';
      NO_LOAD_CHECK='Both';
      NO_IO_CHECK='Both';
      NO_ASSERT_CHECK='TRUE';
      NO_DIR_CHECK='TRUE';
      ALLOW_CONNECT='TRUE';
    'IO_L19P_T3_A22_15':
      PIN_NUMBER='(0,0,0,K20,0,0,0,0,0,0,0,0,0,0,0,0,0,0,0,0,0,0,0,0,0,0)';
      PINUSE='UNSPEC';
      NO_LOAD_CHECK='Both';
      NO_IO_CHECK='Both';
      NO_ASSERT_CHECK='TRUE';
      NO_DIR_CHECK='TRUE';
      ALLOW_CONNECT='TRUE';
    'IO_L19N_T3_A21_VREF_15':
      PIN_NUMBER='(0,0,0,J20,0,0,0,0,0,0,0,0,0,0,0,0,0,0,0,0,0,0,0,0,0,0)';
      PINUSE='UNSPEC';
      NO_LOAD_CHECK='Both';
      NO_IO_CHECK='Both';
      NO_ASSERT_CHECK='TRUE';
      NO_DIR_CHECK='TRUE';
      ALLOW_CONNECT='TRUE';
    'IO_L20P_T3_A20_15':
      PIN_NUMBER='(0,0,0,J18,0,0,0,0,0,0,0,0,0,0,0,0,0,0,0,0,0,0,0,0,0,0)';
      PINUSE='UNSPEC';
      NO_LOAD_CHECK='Both';
      NO_IO_CHECK='Both';
      NO_ASSERT_CHECK='TRUE';
      NO_DIR_CHECK='TRUE';
      ALLOW_CONNECT='TRUE';
    'IO_L20N_T3_A19_15':
      PIN_NUMBER='(0,0,0,J19,0,0,0,0,0,0,0,0,0,0,0,0,0,0,0,0,0,0,0,0,0,0)';
      PINUSE='UNSPEC';
      NO_LOAD_CHECK='Both';
      NO_IO_CHECK='Both';
      NO_ASSERT_CHECK='TRUE';
      NO_DIR_CHECK='TRUE';
      ALLOW_CONNECT='TRUE';
    'IO_L21P_T3_DQS_15':
      PIN_NUMBER='(0,0,0,L19,0,0,0,0,0,0,0,0,0,0,0,0,0,0,0,0,0,0,0,0,0,0)';
      PINUSE='UNSPEC';
      NO_LOAD_CHECK='Both';
      NO_IO_CHECK='Both';
      NO_ASSERT_CHECK='TRUE';
      NO_DIR_CHECK='TRUE';
      ALLOW_CONNECT='TRUE';
    'IO_L21N_T3_DQS_A18_15':
      PIN_NUMBER='(0,0,0,L20,0,0,0,0,0,0,0,0,0,0,0,0,0,0,0,0,0,0,0,0,0,0)';
      PINUSE='UNSPEC';
      NO_LOAD_CHECK='Both';
      NO_IO_CHECK='Both';
      NO_ASSERT_CHECK='TRUE';
      NO_DIR_CHECK='TRUE';
      ALLOW_CONNECT='TRUE';
    'IO_L22P_T3_A17_15':
      PIN_NUMBER='(0,0,0,K16,0,0,0,0,0,0,0,0,0,0,0,0,0,0,0,0,0,0,0,0,0,0)';
      PINUSE='UNSPEC';
      NO_LOAD_CHECK='Both';
      NO_IO_CHECK='Both';
      NO_ASSERT_CHECK='TRUE';
      NO_DIR_CHECK='TRUE';
      ALLOW_CONNECT='TRUE';
    'IO_L22N_T3_A16_15':
      PIN_NUMBER='(0,0,0,K17,0,0,0,0,0,0,0,0,0,0,0,0,0,0,0,0,0,0,0,0,0,0)';
      PINUSE='UNSPEC';
      NO_LOAD_CHECK='Both';
      NO_IO_CHECK='Both';
      NO_ASSERT_CHECK='TRUE';
      NO_DIR_CHECK='TRUE';
      ALLOW_CONNECT='TRUE';
    'IO_L23P_T3_FOE_B_15':
      PIN_NUMBER='(0,0,0,M17,0,0,0,0,0,0,0,0,0,0,0,0,0,0,0,0,0,0,0,0,0,0)';
      PINUSE='UNSPEC';
      NO_LOAD_CHECK='Both';
      NO_IO_CHECK='Both';
      NO_ASSERT_CHECK='TRUE';
      NO_DIR_CHECK='TRUE';
      ALLOW_CONNECT='TRUE';
    'IO_L23N_T3_FWE_B_15':
      PIN_NUMBER='(0,0,0,L18,0,0,0,0,0,0,0,0,0,0,0,0,0,0,0,0,0,0,0,0,0,0)';
      PINUSE='UNSPEC';
      NO_LOAD_CHECK='Both';
      NO_IO_CHECK='Both';
      NO_ASSERT_CHECK='TRUE';
      NO_DIR_CHECK='TRUE';
      ALLOW_CONNECT='TRUE';
    'IO_L24P_T3_RS1_15':
      PIN_NUMBER='(0,0,0,L17,0,0,0,0,0,0,0,0,0,0,0,0,0,0,0,0,0,0,0,0,0,0)';
      PINUSE='UNSPEC';
      NO_LOAD_CHECK='Both';
      NO_IO_CHECK='Both';
      NO_ASSERT_CHECK='TRUE';
      NO_DIR_CHECK='TRUE';
      ALLOW_CONNECT='TRUE';
    'IO_L24N_T3_RS0_15':
      PIN_NUMBER='(0,0,0,K18,0,0,0,0,0,0,0,0,0,0,0,0,0,0,0,0,0,0,0,0,0,0)';
      PINUSE='UNSPEC';
      NO_LOAD_CHECK='Both';
      NO_IO_CHECK='Both';
      NO_ASSERT_CHECK='TRUE';
      NO_DIR_CHECK='TRUE';
      ALLOW_CONNECT='TRUE';
    'IO_25_15':
      PIN_NUMBER='(0,0,0,M16,0,0,0,0,0,0,0,0,0,0,0,0,0,0,0,0,0,0,0,0,0,0)';
      PINUSE='UNSPEC';
      NO_LOAD_CHECK='Both';
      NO_IO_CHECK='Both';
      NO_ASSERT_CHECK='TRUE';
      NO_DIR_CHECK='TRUE';
      ALLOW_CONNECT='TRUE';
    'IO_0_16':
      PIN_NUMBER='(0,0,0,0,J8,0,0,0,0,0,0,0,0,0,0,0,0,0,0,0,0,0,0,0,0,0)';
      PINUSE='UNSPEC';
      NO_LOAD_CHECK='Both';
      NO_IO_CHECK='Both';
      NO_ASSERT_CHECK='TRUE';
      NO_DIR_CHECK='TRUE';
      ALLOW_CONNECT='TRUE';
    'IO_L1P_T0_16':
      PIN_NUMBER='(0,0,0,0,H9,0,0,0,0,0,0,0,0,0,0,0,0,0,0,0,0,0,0,0,0,0)';
      PINUSE='UNSPEC';
      NO_LOAD_CHECK='Both';
      NO_IO_CHECK='Both';
      NO_ASSERT_CHECK='TRUE';
      NO_DIR_CHECK='TRUE';
      ALLOW_CONNECT='TRUE';
    'IO_L1N_T0_16':
      PIN_NUMBER='(0,0,0,0,H8,0,0,0,0,0,0,0,0,0,0,0,0,0,0,0,0,0,0,0,0,0)';
      PINUSE='UNSPEC';
      NO_LOAD_CHECK='Both';
      NO_IO_CHECK='Both';
      NO_ASSERT_CHECK='TRUE';
      NO_DIR_CHECK='TRUE';
      ALLOW_CONNECT='TRUE';
    'IO_L2P_T0_16':
      PIN_NUMBER='(0,0,0,0,G10,0,0,0,0,0,0,0,0,0,0,0,0,0,0,0,0,0,0,0,0,0)';
      PINUSE='UNSPEC';
      NO_LOAD_CHECK='Both';
      NO_IO_CHECK='Both';
      NO_ASSERT_CHECK='TRUE';
      NO_DIR_CHECK='TRUE';
      ALLOW_CONNECT='TRUE';
    'IO_L2N_T0_16':
      PIN_NUMBER='(0,0,0,0,G9,0,0,0,0,0,0,0,0,0,0,0,0,0,0,0,0,0,0,0,0,0)';
      PINUSE='UNSPEC';
      NO_LOAD_CHECK='Both';
      NO_IO_CHECK='Both';
      NO_ASSERT_CHECK='TRUE';
      NO_DIR_CHECK='TRUE';
      ALLOW_CONNECT='TRUE';
    'IO_L3P_T0_DQS_16':
      PIN_NUMBER='(0,0,0,0,J13,0,0,0,0,0,0,0,0,0,0,0,0,0,0,0,0,0,0,0,0,0)';
      PINUSE='UNSPEC';
      NO_LOAD_CHECK='Both';
      NO_IO_CHECK='Both';
      NO_ASSERT_CHECK='TRUE';
      NO_DIR_CHECK='TRUE';
      ALLOW_CONNECT='TRUE';
    'IO_L3N_T0_DQS_16':
      PIN_NUMBER='(0,0,0,0,H13,0,0,0,0,0,0,0,0,0,0,0,0,0,0,0,0,0,0,0,0,0)';
      PINUSE='UNSPEC';
      NO_LOAD_CHECK='Both';
      NO_IO_CHECK='Both';
      NO_ASSERT_CHECK='TRUE';
      NO_DIR_CHECK='TRUE';
      ALLOW_CONNECT='TRUE';
    'IO_L4P_T0_16':
      PIN_NUMBER='(0,0,0,0,J11,0,0,0,0,0,0,0,0,0,0,0,0,0,0,0,0,0,0,0,0,0)';
      PINUSE='UNSPEC';
      NO_LOAD_CHECK='Both';
      NO_IO_CHECK='Both';
      NO_ASSERT_CHECK='TRUE';
      NO_DIR_CHECK='TRUE';
      ALLOW_CONNECT='TRUE';
    'IO_L4N_T0_16':
      PIN_NUMBER='(0,0,0,0,J10,0,0,0,0,0,0,0,0,0,0,0,0,0,0,0,0,0,0,0,0,0)';
      PINUSE='UNSPEC';
      NO_LOAD_CHECK='Both';
      NO_IO_CHECK='Both';
      NO_ASSERT_CHECK='TRUE';
      NO_DIR_CHECK='TRUE';
      ALLOW_CONNECT='TRUE';
    'IO_L5P_T0_16':
      PIN_NUMBER='(0,0,0,0,H14,0,0,0,0,0,0,0,0,0,0,0,0,0,0,0,0,0,0,0,0,0)';
      PINUSE='UNSPEC';
      NO_LOAD_CHECK='Both';
      NO_IO_CHECK='Both';
      NO_ASSERT_CHECK='TRUE';
      NO_DIR_CHECK='TRUE';
      ALLOW_CONNECT='TRUE';
    'IO_L5N_T0_16':
      PIN_NUMBER='(0,0,0,0,G14,0,0,0,0,0,0,0,0,0,0,0,0,0,0,0,0,0,0,0,0,0)';
      PINUSE='UNSPEC';
      NO_LOAD_CHECK='Both';
      NO_IO_CHECK='Both';
      NO_ASSERT_CHECK='TRUE';
      NO_DIR_CHECK='TRUE';
      ALLOW_CONNECT='TRUE';
    'IO_L6P_T0_16':
      PIN_NUMBER='(0,0,0,0,H12,0,0,0,0,0,0,0,0,0,0,0,0,0,0,0,0,0,0,0,0,0)';
      PINUSE='UNSPEC';
      NO_LOAD_CHECK='Both';
      NO_IO_CHECK='Both';
      NO_ASSERT_CHECK='TRUE';
      NO_DIR_CHECK='TRUE';
      ALLOW_CONNECT='TRUE';
    'IO_L6N_T0_VREF_16':
      PIN_NUMBER='(0,0,0,0,H11,0,0,0,0,0,0,0,0,0,0,0,0,0,0,0,0,0,0,0,0,0)';
      PINUSE='UNSPEC';
      NO_LOAD_CHECK='Both';
      NO_IO_CHECK='Both';
      NO_ASSERT_CHECK='TRUE';
      NO_DIR_CHECK='TRUE';
      ALLOW_CONNECT='TRUE';
    'IO_L7P_T1_16':
      PIN_NUMBER='(0,0,0,0,F9,0,0,0,0,0,0,0,0,0,0,0,0,0,0,0,0,0,0,0,0,0)';
      PINUSE='UNSPEC';
      NO_LOAD_CHECK='Both';
      NO_IO_CHECK='Both';
      NO_ASSERT_CHECK='TRUE';
      NO_DIR_CHECK='TRUE';
      ALLOW_CONNECT='TRUE';
    'IO_L7N_T1_16':
      PIN_NUMBER='(0,0,0,0,F8,0,0,0,0,0,0,0,0,0,0,0,0,0,0,0,0,0,0,0,0,0)';
      PINUSE='UNSPEC';
      NO_LOAD_CHECK='Both';
      NO_IO_CHECK='Both';
      NO_ASSERT_CHECK='TRUE';
      NO_DIR_CHECK='TRUE';
      ALLOW_CONNECT='TRUE';
    'IO_L8P_T1_16':
      PIN_NUMBER='(0,0,0,0,D9,0,0,0,0,0,0,0,0,0,0,0,0,0,0,0,0,0,0,0,0,0)';
      PINUSE='UNSPEC';
      NO_LOAD_CHECK='Both';
      NO_IO_CHECK='Both';
      NO_ASSERT_CHECK='TRUE';
      NO_DIR_CHECK='TRUE';
      ALLOW_CONNECT='TRUE';
    'IO_L8N_T1_16':
      PIN_NUMBER='(0,0,0,0,D8,0,0,0,0,0,0,0,0,0,0,0,0,0,0,0,0,0,0,0,0,0)';
      PINUSE='UNSPEC';
      NO_LOAD_CHECK='Both';
      NO_IO_CHECK='Both';
      NO_ASSERT_CHECK='TRUE';
      NO_DIR_CHECK='TRUE';
      ALLOW_CONNECT='TRUE';
    'IO_L9P_T1_DQS_16':
      PIN_NUMBER='(0,0,0,0,A9,0,0,0,0,0,0,0,0,0,0,0,0,0,0,0,0,0,0,0,0,0)';
      PINUSE='UNSPEC';
      NO_LOAD_CHECK='Both';
      NO_IO_CHECK='Both';
      NO_ASSERT_CHECK='TRUE';
      NO_DIR_CHECK='TRUE';
      ALLOW_CONNECT='TRUE';
    'IO_L9N_T1_DQS_16':
      PIN_NUMBER='(0,0,0,0,A8,0,0,0,0,0,0,0,0,0,0,0,0,0,0,0,0,0,0,0,0,0)';
      PINUSE='UNSPEC';
      NO_LOAD_CHECK='Both';
      NO_IO_CHECK='Both';
      NO_ASSERT_CHECK='TRUE';
      NO_DIR_CHECK='TRUE';
      ALLOW_CONNECT='TRUE';
    'IO_L10P_T1_16':
      PIN_NUMBER='(0,0,0,0,C9,0,0,0,0,0,0,0,0,0,0,0,0,0,0,0,0,0,0,0,0,0)';
      PINUSE='UNSPEC';
      NO_LOAD_CHECK='Both';
      NO_IO_CHECK='Both';
      NO_ASSERT_CHECK='TRUE';
      NO_DIR_CHECK='TRUE';
      ALLOW_CONNECT='TRUE';
    'IO_L10N_T1_16':
      PIN_NUMBER='(0,0,0,0,B9,0,0,0,0,0,0,0,0,0,0,0,0,0,0,0,0,0,0,0,0,0)';
      PINUSE='UNSPEC';
      NO_LOAD_CHECK='Both';
      NO_IO_CHECK='Both';
      NO_ASSERT_CHECK='TRUE';
      NO_DIR_CHECK='TRUE';
      ALLOW_CONNECT='TRUE';
    'IO_L11P_T1_SRCC_16':
      PIN_NUMBER='(0,0,0,0,G11,0,0,0,0,0,0,0,0,0,0,0,0,0,0,0,0,0,0,0,0,0)';
      PINUSE='UNSPEC';
      NO_LOAD_CHECK='Both';
      NO_IO_CHECK='Both';
      NO_ASSERT_CHECK='TRUE';
      NO_DIR_CHECK='TRUE';
      ALLOW_CONNECT='TRUE';
    'IO_L11N_T1_SRCC_16':
      PIN_NUMBER='(0,0,0,0,F10,0,0,0,0,0,0,0,0,0,0,0,0,0,0,0,0,0,0,0,0,0)';
      PINUSE='UNSPEC';
      NO_LOAD_CHECK='Both';
      NO_IO_CHECK='Both';
      NO_ASSERT_CHECK='TRUE';
      NO_DIR_CHECK='TRUE';
      ALLOW_CONNECT='TRUE';
    'IO_L12P_T1_MRCC_16':
      PIN_NUMBER='(0,0,0,0,E10,0,0,0,0,0,0,0,0,0,0,0,0,0,0,0,0,0,0,0,0,0)';
      PINUSE='UNSPEC';
      NO_LOAD_CHECK='Both';
      NO_IO_CHECK='Both';
      NO_ASSERT_CHECK='TRUE';
      NO_DIR_CHECK='TRUE';
      ALLOW_CONNECT='TRUE';
    'IO_L12N_T1_MRCC_16':
      PIN_NUMBER='(0,0,0,0,D10,0,0,0,0,0,0,0,0,0,0,0,0,0,0,0,0,0,0,0,0,0)';
      PINUSE='UNSPEC';
      NO_LOAD_CHECK='Both';
      NO_IO_CHECK='Both';
      NO_ASSERT_CHECK='TRUE';
      NO_DIR_CHECK='TRUE';
      ALLOW_CONNECT='TRUE';
    'IO_L13P_T2_MRCC_16':
      PIN_NUMBER='(0,0,0,0,C12,0,0,0,0,0,0,0,0,0,0,0,0,0,0,0,0,0,0,0,0,0)';
      PINUSE='UNSPEC';
      NO_LOAD_CHECK='Both';
      NO_IO_CHECK='Both';
      NO_ASSERT_CHECK='TRUE';
      NO_DIR_CHECK='TRUE';
      ALLOW_CONNECT='TRUE';
    'IO_L13N_T2_MRCC_16':
      PIN_NUMBER='(0,0,0,0,C11,0,0,0,0,0,0,0,0,0,0,0,0,0,0,0,0,0,0,0,0,0)';
      PINUSE='UNSPEC';
      NO_LOAD_CHECK='Both';
      NO_IO_CHECK='Both';
      NO_ASSERT_CHECK='TRUE';
      NO_DIR_CHECK='TRUE';
      ALLOW_CONNECT='TRUE';
    'IO_L14P_T2_SRCC_16':
      PIN_NUMBER='(0,0,0,0,E11,0,0,0,0,0,0,0,0,0,0,0,0,0,0,0,0,0,0,0,0,0)';
      PINUSE='UNSPEC';
      NO_LOAD_CHECK='Both';
      NO_IO_CHECK='Both';
      NO_ASSERT_CHECK='TRUE';
      NO_DIR_CHECK='TRUE';
      ALLOW_CONNECT='TRUE';
    'IO_L14N_T2_SRCC_16':
      PIN_NUMBER='(0,0,0,0,D11,0,0,0,0,0,0,0,0,0,0,0,0,0,0,0,0,0,0,0,0,0)';
      PINUSE='UNSPEC';
      NO_LOAD_CHECK='Both';
      NO_IO_CHECK='Both';
      NO_ASSERT_CHECK='TRUE';
      NO_DIR_CHECK='TRUE';
      ALLOW_CONNECT='TRUE';
    'IO_L15P_T2_DQS_16':
      PIN_NUMBER='(0,0,0,0,F14,0,0,0,0,0,0,0,0,0,0,0,0,0,0,0,0,0,0,0,0,0)';
      PINUSE='UNSPEC';
      NO_LOAD_CHECK='Both';
      NO_IO_CHECK='Both';
      NO_ASSERT_CHECK='TRUE';
      NO_DIR_CHECK='TRUE';
      ALLOW_CONNECT='TRUE';
    'IO_L15N_T2_DQS_16':
      PIN_NUMBER='(0,0,0,0,F13,0,0,0,0,0,0,0,0,0,0,0,0,0,0,0,0,0,0,0,0,0)';
      PINUSE='UNSPEC';
      NO_LOAD_CHECK='Both';
      NO_IO_CHECK='Both';
      NO_ASSERT_CHECK='TRUE';
      NO_DIR_CHECK='TRUE';
      ALLOW_CONNECT='TRUE';
    'IO_L16P_T2_16':
      PIN_NUMBER='(0,0,0,0,G12,0,0,0,0,0,0,0,0,0,0,0,0,0,0,0,0,0,0,0,0,0)';
      PINUSE='UNSPEC';
      NO_LOAD_CHECK='Both';
      NO_IO_CHECK='Both';
      NO_ASSERT_CHECK='TRUE';
      NO_DIR_CHECK='TRUE';
      ALLOW_CONNECT='TRUE';
    'IO_L16N_T2_16':
      PIN_NUMBER='(0,0,0,0,F12,0,0,0,0,0,0,0,0,0,0,0,0,0,0,0,0,0,0,0,0,0)';
      PINUSE='UNSPEC';
      NO_LOAD_CHECK='Both';
      NO_IO_CHECK='Both';
      NO_ASSERT_CHECK='TRUE';
      NO_DIR_CHECK='TRUE';
      ALLOW_CONNECT='TRUE';
    'IO_L17P_T2_16':
      PIN_NUMBER='(0,0,0,0,D14,0,0,0,0,0,0,0,0,0,0,0,0,0,0,0,0,0,0,0,0,0)';
      PINUSE='UNSPEC';
      NO_LOAD_CHECK='Both';
      NO_IO_CHECK='Both';
      NO_ASSERT_CHECK='TRUE';
      NO_DIR_CHECK='TRUE';
      ALLOW_CONNECT='TRUE';
    'IO_L17N_T2_16':
      PIN_NUMBER='(0,0,0,0,D13,0,0,0,0,0,0,0,0,0,0,0,0,0,0,0,0,0,0,0,0,0)';
      PINUSE='UNSPEC';
      NO_LOAD_CHECK='Both';
      NO_IO_CHECK='Both';
      NO_ASSERT_CHECK='TRUE';
      NO_DIR_CHECK='TRUE';
      ALLOW_CONNECT='TRUE';
    'IO_L18P_T2_16':
      PIN_NUMBER='(0,0,0,0,E13,0,0,0,0,0,0,0,0,0,0,0,0,0,0,0,0,0,0,0,0,0)';
      PINUSE='UNSPEC';
      NO_LOAD_CHECK='Both';
      NO_IO_CHECK='Both';
      NO_ASSERT_CHECK='TRUE';
      NO_DIR_CHECK='TRUE';
      ALLOW_CONNECT='TRUE';
    'IO_L18N_T2_16':
      PIN_NUMBER='(0,0,0,0,E12,0,0,0,0,0,0,0,0,0,0,0,0,0,0,0,0,0,0,0,0,0)';
      PINUSE='UNSPEC';
      NO_LOAD_CHECK='Both';
      NO_IO_CHECK='Both';
      NO_ASSERT_CHECK='TRUE';
      NO_DIR_CHECK='TRUE';
      ALLOW_CONNECT='TRUE';
    'IO_L19P_T3_16':
      PIN_NUMBER='(0,0,0,0,C14,0,0,0,0,0,0,0,0,0,0,0,0,0,0,0,0,0,0,0,0,0)';
      PINUSE='UNSPEC';
      NO_LOAD_CHECK='Both';
      NO_IO_CHECK='Both';
      NO_ASSERT_CHECK='TRUE';
      NO_DIR_CHECK='TRUE';
      ALLOW_CONNECT='TRUE';
    'IO_L19N_T3_VREF_16':
      PIN_NUMBER='(0,0,0,0,C13,0,0,0,0,0,0,0,0,0,0,0,0,0,0,0,0,0,0,0,0,0)';
      PINUSE='UNSPEC';
      NO_LOAD_CHECK='Both';
      NO_IO_CHECK='Both';
      NO_ASSERT_CHECK='TRUE';
      NO_DIR_CHECK='TRUE';
      ALLOW_CONNECT='TRUE';
    'IO_L20P_T3_16':
      PIN_NUMBER='(0,0,0,0,B12,0,0,0,0,0,0,0,0,0,0,0,0,0,0,0,0,0,0,0,0,0)';
      PINUSE='UNSPEC';
      NO_LOAD_CHECK='Both';
      NO_IO_CHECK='Both';
      NO_ASSERT_CHECK='TRUE';
      NO_DIR_CHECK='TRUE';
      ALLOW_CONNECT='TRUE';
    'IO_L20N_T3_16':
      PIN_NUMBER='(0,0,0,0,B11,0,0,0,0,0,0,0,0,0,0,0,0,0,0,0,0,0,0,0,0,0)';
      PINUSE='UNSPEC';
      NO_LOAD_CHECK='Both';
      NO_IO_CHECK='Both';
      NO_ASSERT_CHECK='TRUE';
      NO_DIR_CHECK='TRUE';
      ALLOW_CONNECT='TRUE';
    'IO_L21P_T3_DQS_16':
      PIN_NUMBER='(0,0,0,0,B14,0,0,0,0,0,0,0,0,0,0,0,0,0,0,0,0,0,0,0,0,0)';
      PINUSE='UNSPEC';
      NO_LOAD_CHECK='Both';
      NO_IO_CHECK='Both';
      NO_ASSERT_CHECK='TRUE';
      NO_DIR_CHECK='TRUE';
      ALLOW_CONNECT='TRUE';
    'IO_L21N_T3_DQS_16':
      PIN_NUMBER='(0,0,0,0,A14,0,0,0,0,0,0,0,0,0,0,0,0,0,0,0,0,0,0,0,0,0)';
      PINUSE='UNSPEC';
      NO_LOAD_CHECK='Both';
      NO_IO_CHECK='Both';
      NO_ASSERT_CHECK='TRUE';
      NO_DIR_CHECK='TRUE';
      ALLOW_CONNECT='TRUE';
    'IO_L22P_T3_16':
      PIN_NUMBER='(0,0,0,0,B10,0,0,0,0,0,0,0,0,0,0,0,0,0,0,0,0,0,0,0,0,0)';
      PINUSE='UNSPEC';
      NO_LOAD_CHECK='Both';
      NO_IO_CHECK='Both';
      NO_ASSERT_CHECK='TRUE';
      NO_DIR_CHECK='TRUE';
      ALLOW_CONNECT='TRUE';
    'IO_L22N_T3_16':
      PIN_NUMBER='(0,0,0,0,A10,0,0,0,0,0,0,0,0,0,0,0,0,0,0,0,0,0,0,0,0,0)';
      PINUSE='UNSPEC';
      NO_LOAD_CHECK='Both';
      NO_IO_CHECK='Both';
      NO_ASSERT_CHECK='TRUE';
      NO_DIR_CHECK='TRUE';
      ALLOW_CONNECT='TRUE';
    'IO_L23P_T3_16':
      PIN_NUMBER='(0,0,0,0,B15,0,0,0,0,0,0,0,0,0,0,0,0,0,0,0,0,0,0,0,0,0)';
      PINUSE='UNSPEC';
      NO_LOAD_CHECK='Both';
      NO_IO_CHECK='Both';
      NO_ASSERT_CHECK='TRUE';
      NO_DIR_CHECK='TRUE';
      ALLOW_CONNECT='TRUE';
    'IO_L23N_T3_16':
      PIN_NUMBER='(0,0,0,0,A15,0,0,0,0,0,0,0,0,0,0,0,0,0,0,0,0,0,0,0,0,0)';
      PINUSE='UNSPEC';
      NO_LOAD_CHECK='Both';
      NO_IO_CHECK='Both';
      NO_ASSERT_CHECK='TRUE';
      NO_DIR_CHECK='TRUE';
      ALLOW_CONNECT='TRUE';
    'IO_L24P_T3_16':
      PIN_NUMBER='(0,0,0,0,A13,0,0,0,0,0,0,0,0,0,0,0,0,0,0,0,0,0,0,0,0,0)';
      PINUSE='UNSPEC';
      NO_LOAD_CHECK='Both';
      NO_IO_CHECK='Both';
      NO_ASSERT_CHECK='TRUE';
      NO_DIR_CHECK='TRUE';
      ALLOW_CONNECT='TRUE';
    'IO_L24N_T3_16':
      PIN_NUMBER='(0,0,0,0,A12,0,0,0,0,0,0,0,0,0,0,0,0,0,0,0,0,0,0,0,0,0)';
      PINUSE='UNSPEC';
      NO_LOAD_CHECK='Both';
      NO_IO_CHECK='Both';
      NO_ASSERT_CHECK='TRUE';
      NO_DIR_CHECK='TRUE';
      ALLOW_CONNECT='TRUE';
    'IO_25_16':
      PIN_NUMBER='(0,0,0,0,J14,0,0,0,0,0,0,0,0,0,0,0,0,0,0,0,0,0,0,0,0,0)';
      PINUSE='UNSPEC';
      NO_LOAD_CHECK='Both';
      NO_IO_CHECK='Both';
      NO_ASSERT_CHECK='TRUE';
      NO_DIR_CHECK='TRUE';
      ALLOW_CONNECT='TRUE';
    'IO_0_VRN_32':
      PIN_NUMBER='(0,0,0,0,0,V13,0,0,0,0,0,0,0,0,0,0,0,0,0,0,0,0,0,0,0,0)';
      PINUSE='UNSPEC';
      NO_LOAD_CHECK='Both';
      NO_IO_CHECK='Both';
      NO_ASSERT_CHECK='TRUE';
      NO_DIR_CHECK='TRUE';
      ALLOW_CONNECT='TRUE';
    'IO_L1P_T0_32':
      PIN_NUMBER='(0,0,0,0,0,AE17,0,0,0,0,0,0,0,0,0,0,0,0,0,0,0,0,0,0,0,0)';
      PINUSE='UNSPEC';
      NO_LOAD_CHECK='Both';
      NO_IO_CHECK='Both';
      NO_ASSERT_CHECK='TRUE';
      NO_DIR_CHECK='TRUE';
      ALLOW_CONNECT='TRUE';
    'IO_L1N_T0_32':
      PIN_NUMBER='(0,0,0,0,0,AF17,0,0,0,0,0,0,0,0,0,0,0,0,0,0,0,0,0,0,0,0)';
      PINUSE='UNSPEC';
      NO_LOAD_CHECK='Both';
      NO_IO_CHECK='Both';
      NO_ASSERT_CHECK='TRUE';
      NO_DIR_CHECK='TRUE';
      ALLOW_CONNECT='TRUE';
    'IO_L2P_T0_32':
      PIN_NUMBER='(0,0,0,0,0,AF14,0,0,0,0,0,0,0,0,0,0,0,0,0,0,0,0,0,0,0,0)';
      PINUSE='UNSPEC';
      NO_LOAD_CHECK='Both';
      NO_IO_CHECK='Both';
      NO_ASSERT_CHECK='TRUE';
      NO_DIR_CHECK='TRUE';
      ALLOW_CONNECT='TRUE';
    'IO_L2N_T0_32':
      PIN_NUMBER='(0,0,0,0,0,AF15,0,0,0,0,0,0,0,0,0,0,0,0,0,0,0,0,0,0,0,0)';
      PINUSE='UNSPEC';
      NO_LOAD_CHECK='Both';
      NO_IO_CHECK='Both';
      NO_ASSERT_CHECK='TRUE';
      NO_DIR_CHECK='TRUE';
      ALLOW_CONNECT='TRUE';
    'IO_L3P_T0_DQS_32':
      PIN_NUMBER='(0,0,0,0,0,AE18,0,0,0,0,0,0,0,0,0,0,0,0,0,0,0,0,0,0,0,0)';
      PINUSE='UNSPEC';
      NO_LOAD_CHECK='Both';
      NO_IO_CHECK='Both';
      NO_ASSERT_CHECK='TRUE';
      NO_DIR_CHECK='TRUE';
      ALLOW_CONNECT='TRUE';
    'IO_L3N_T0_DQS_32':
      PIN_NUMBER='(0,0,0,0,0,AF18,0,0,0,0,0,0,0,0,0,0,0,0,0,0,0,0,0,0,0,0)';
      PINUSE='UNSPEC';
      NO_LOAD_CHECK='Both';
      NO_IO_CHECK='Both';
      NO_ASSERT_CHECK='TRUE';
      NO_DIR_CHECK='TRUE';
      ALLOW_CONNECT='TRUE';
    'IO_L4P_T0_32':
      PIN_NUMBER='(0,0,0,0,0,AD15,0,0,0,0,0,0,0,0,0,0,0,0,0,0,0,0,0,0,0,0)';
      PINUSE='UNSPEC';
      NO_LOAD_CHECK='Both';
      NO_IO_CHECK='Both';
      NO_ASSERT_CHECK='TRUE';
      NO_DIR_CHECK='TRUE';
      ALLOW_CONNECT='TRUE';
    'IO_L4N_T0_32':
      PIN_NUMBER='(0,0,0,0,0,AE15,0,0,0,0,0,0,0,0,0,0,0,0,0,0,0,0,0,0,0,0)';
      PINUSE='UNSPEC';
      NO_LOAD_CHECK='Both';
      NO_IO_CHECK='Both';
      NO_ASSERT_CHECK='TRUE';
      NO_DIR_CHECK='TRUE';
      ALLOW_CONNECT='TRUE';
    'IO_L5P_T0_32':
      PIN_NUMBER='(0,0,0,0,0,AF19,0,0,0,0,0,0,0,0,0,0,0,0,0,0,0,0,0,0,0,0)';
      PINUSE='UNSPEC';
      NO_LOAD_CHECK='Both';
      NO_IO_CHECK='Both';
      NO_ASSERT_CHECK='TRUE';
      NO_DIR_CHECK='TRUE';
      ALLOW_CONNECT='TRUE';
    'IO_L5N_T0_32':
      PIN_NUMBER='(0,0,0,0,0,AF20,0,0,0,0,0,0,0,0,0,0,0,0,0,0,0,0,0,0,0,0)';
      PINUSE='UNSPEC';
      NO_LOAD_CHECK='Both';
      NO_IO_CHECK='Both';
      NO_ASSERT_CHECK='TRUE';
      NO_DIR_CHECK='TRUE';
      ALLOW_CONNECT='TRUE';
    'IO_L6P_T0_32':
      PIN_NUMBER='(0,0,0,0,0,AD16,0,0,0,0,0,0,0,0,0,0,0,0,0,0,0,0,0,0,0,0)';
      PINUSE='UNSPEC';
      NO_LOAD_CHECK='Both';
      NO_IO_CHECK='Both';
      NO_ASSERT_CHECK='TRUE';
      NO_DIR_CHECK='TRUE';
      ALLOW_CONNECT='TRUE';
    'IO_L6N_T0_VREF_32':
      PIN_NUMBER='(0,0,0,0,0,AE16,0,0,0,0,0,0,0,0,0,0,0,0,0,0,0,0,0,0,0,0)';
      PINUSE='UNSPEC';
      NO_LOAD_CHECK='Both';
      NO_IO_CHECK='Both';
      NO_ASSERT_CHECK='TRUE';
      NO_DIR_CHECK='TRUE';
      ALLOW_CONNECT='TRUE';
    'IO_L7P_T1_32':
      PIN_NUMBER='(0,0,0,0,0,AA14,0,0,0,0,0,0,0,0,0,0,0,0,0,0,0,0,0,0,0,0)';
      PINUSE='UNSPEC';
      NO_LOAD_CHECK='Both';
      NO_IO_CHECK='Both';
      NO_ASSERT_CHECK='TRUE';
      NO_DIR_CHECK='TRUE';
      ALLOW_CONNECT='TRUE';
    'IO_L7N_T1_32':
      PIN_NUMBER='(0,0,0,0,0,AA15,0,0,0,0,0,0,0,0,0,0,0,0,0,0,0,0,0,0,0,0)';
      PINUSE='UNSPEC';
      NO_LOAD_CHECK='Both';
      NO_IO_CHECK='Both';
      NO_ASSERT_CHECK='TRUE';
      NO_DIR_CHECK='TRUE';
      ALLOW_CONNECT='TRUE';
    'IO_L8P_T1_32':
      PIN_NUMBER='(0,0,0,0,0,AC14,0,0,0,0,0,0,0,0,0,0,0,0,0,0,0,0,0,0,0,0)';
      PINUSE='UNSPEC';
      NO_LOAD_CHECK='Both';
      NO_IO_CHECK='Both';
      NO_ASSERT_CHECK='TRUE';
      NO_DIR_CHECK='TRUE';
      ALLOW_CONNECT='TRUE';
    'IO_L8N_T1_32':
      PIN_NUMBER='(0,0,0,0,0,AD14,0,0,0,0,0,0,0,0,0,0,0,0,0,0,0,0,0,0,0,0)';
      PINUSE='UNSPEC';
      NO_LOAD_CHECK='Both';
      NO_IO_CHECK='Both';
      NO_ASSERT_CHECK='TRUE';
      NO_DIR_CHECK='TRUE';
      ALLOW_CONNECT='TRUE';
    'IO_L9P_T1_DQS_32':
      PIN_NUMBER='(0,0,0,0,0,Y15,0,0,0,0,0,0,0,0,0,0,0,0,0,0,0,0,0,0,0,0)';
      PINUSE='UNSPEC';
      NO_LOAD_CHECK='Both';
      NO_IO_CHECK='Both';
      NO_ASSERT_CHECK='TRUE';
      NO_DIR_CHECK='TRUE';
      ALLOW_CONNECT='TRUE';
    'IO_L9N_T1_DQS_32':
      PIN_NUMBER='(0,0,0,0,0,Y16,0,0,0,0,0,0,0,0,0,0,0,0,0,0,0,0,0,0,0,0)';
      PINUSE='UNSPEC';
      NO_LOAD_CHECK='Both';
      NO_IO_CHECK='Both';
      NO_ASSERT_CHECK='TRUE';
      NO_DIR_CHECK='TRUE';
      ALLOW_CONNECT='TRUE';
    'IO_L10P_T1_32':
      PIN_NUMBER='(0,0,0,0,0,AB14,0,0,0,0,0,0,0,0,0,0,0,0,0,0,0,0,0,0,0,0)';
      PINUSE='UNSPEC';
      NO_LOAD_CHECK='Both';
      NO_IO_CHECK='Both';
      NO_ASSERT_CHECK='TRUE';
      NO_DIR_CHECK='TRUE';
      ALLOW_CONNECT='TRUE';
    'IO_L10N_T1_32':
      PIN_NUMBER='(0,0,0,0,0,AB15,0,0,0,0,0,0,0,0,0,0,0,0,0,0,0,0,0,0,0,0)';
      PINUSE='UNSPEC';
      NO_LOAD_CHECK='Both';
      NO_IO_CHECK='Both';
      NO_ASSERT_CHECK='TRUE';
      NO_DIR_CHECK='TRUE';
      ALLOW_CONNECT='TRUE';
    'IO_L11P_T1_SRCC_32':
      PIN_NUMBER='(0,0,0,0,0,AA17,0,0,0,0,0,0,0,0,0,0,0,0,0,0,0,0,0,0,0,0)';
      PINUSE='UNSPEC';
      NO_LOAD_CHECK='Both';
      NO_IO_CHECK='Both';
      NO_ASSERT_CHECK='TRUE';
      NO_DIR_CHECK='TRUE';
      ALLOW_CONNECT='TRUE';
    'IO_L11N_T1_SRCC_32':
      PIN_NUMBER='(0,0,0,0,0,AA18,0,0,0,0,0,0,0,0,0,0,0,0,0,0,0,0,0,0,0,0)';
      PINUSE='UNSPEC';
      NO_LOAD_CHECK='Both';
      NO_IO_CHECK='Both';
      NO_ASSERT_CHECK='TRUE';
      NO_DIR_CHECK='TRUE';
      ALLOW_CONNECT='TRUE';
    'IO_L12P_T1_MRCC_32':
      PIN_NUMBER='(0,0,0,0,0,AB16,0,0,0,0,0,0,0,0,0,0,0,0,0,0,0,0,0,0,0,0)';
      PINUSE='UNSPEC';
      NO_LOAD_CHECK='Both';
      NO_IO_CHECK='Both';
      NO_ASSERT_CHECK='TRUE';
      NO_DIR_CHECK='TRUE';
      ALLOW_CONNECT='TRUE';
    'IO_L12N_T1_MRCC_32':
      PIN_NUMBER='(0,0,0,0,0,AC16,0,0,0,0,0,0,0,0,0,0,0,0,0,0,0,0,0,0,0,0)';
      PINUSE='UNSPEC';
      NO_LOAD_CHECK='Both';
      NO_IO_CHECK='Both';
      NO_ASSERT_CHECK='TRUE';
      NO_DIR_CHECK='TRUE';
      ALLOW_CONNECT='TRUE';
    'IO_L13P_T2_MRCC_32':
      PIN_NUMBER='(0,0,0,0,0,AC18,0,0,0,0,0,0,0,0,0,0,0,0,0,0,0,0,0,0,0,0)';
      PINUSE='UNSPEC';
      NO_LOAD_CHECK='Both';
      NO_IO_CHECK='Both';
      NO_ASSERT_CHECK='TRUE';
      NO_DIR_CHECK='TRUE';
      ALLOW_CONNECT='TRUE';
    'IO_L13N_T2_MRCC_32':
      PIN_NUMBER='(0,0,0,0,0,AD18,0,0,0,0,0,0,0,0,0,0,0,0,0,0,0,0,0,0,0,0)';
      PINUSE='UNSPEC';
      NO_LOAD_CHECK='Both';
      NO_IO_CHECK='Both';
      NO_ASSERT_CHECK='TRUE';
      NO_DIR_CHECK='TRUE';
      ALLOW_CONNECT='TRUE';
    'IO_L14P_T2_SRCC_32':
      PIN_NUMBER='(0,0,0,0,0,AB17,0,0,0,0,0,0,0,0,0,0,0,0,0,0,0,0,0,0,0,0)';
      PINUSE='UNSPEC';
      NO_LOAD_CHECK='Both';
      NO_IO_CHECK='Both';
      NO_ASSERT_CHECK='TRUE';
      NO_DIR_CHECK='TRUE';
      ALLOW_CONNECT='TRUE';
    'IO_L14N_T2_SRCC_32':
      PIN_NUMBER='(0,0,0,0,0,AC17,0,0,0,0,0,0,0,0,0,0,0,0,0,0,0,0,0,0,0,0)';
      PINUSE='UNSPEC';
      NO_LOAD_CHECK='Both';
      NO_IO_CHECK='Both';
      NO_ASSERT_CHECK='TRUE';
      NO_DIR_CHECK='TRUE';
      ALLOW_CONNECT='TRUE';
    'IO_L15P_T2_DQS_32':
      PIN_NUMBER='(0,0,0,0,0,AD20,0,0,0,0,0,0,0,0,0,0,0,0,0,0,0,0,0,0,0,0)';
      PINUSE='UNSPEC';
      NO_LOAD_CHECK='Both';
      NO_IO_CHECK='Both';
      NO_ASSERT_CHECK='TRUE';
      NO_DIR_CHECK='TRUE';
      ALLOW_CONNECT='TRUE';
    'IO_L15N_T2_DQS_32':
      PIN_NUMBER='(0,0,0,0,0,AE20,0,0,0,0,0,0,0,0,0,0,0,0,0,0,0,0,0,0,0,0)';
      PINUSE='UNSPEC';
      NO_LOAD_CHECK='Both';
      NO_IO_CHECK='Both';
      NO_ASSERT_CHECK='TRUE';
      NO_DIR_CHECK='TRUE';
      ALLOW_CONNECT='TRUE';
    'IO_L16P_T2_32':
      PIN_NUMBER='(0,0,0,0,0,AA19,0,0,0,0,0,0,0,0,0,0,0,0,0,0,0,0,0,0,0,0)';
      PINUSE='UNSPEC';
      NO_LOAD_CHECK='Both';
      NO_IO_CHECK='Both';
      NO_ASSERT_CHECK='TRUE';
      NO_DIR_CHECK='TRUE';
      ALLOW_CONNECT='TRUE';
    'IO_L16N_T2_32':
      PIN_NUMBER='(0,0,0,0,0,AA20,0,0,0,0,0,0,0,0,0,0,0,0,0,0,0,0,0,0,0,0)';
      PINUSE='UNSPEC';
      NO_LOAD_CHECK='Both';
      NO_IO_CHECK='Both';
      NO_ASSERT_CHECK='TRUE';
      NO_DIR_CHECK='TRUE';
      ALLOW_CONNECT='TRUE';
    'IO_L17P_T2_32':
      PIN_NUMBER='(0,0,0,0,0,AC19,0,0,0,0,0,0,0,0,0,0,0,0,0,0,0,0,0,0,0,0)';
      PINUSE='UNSPEC';
      NO_LOAD_CHECK='Both';
      NO_IO_CHECK='Both';
      NO_ASSERT_CHECK='TRUE';
      NO_DIR_CHECK='TRUE';
      ALLOW_CONNECT='TRUE';
    'IO_L17N_T2_32':
      PIN_NUMBER='(0,0,0,0,0,AD19,0,0,0,0,0,0,0,0,0,0,0,0,0,0,0,0,0,0,0,0)';
      PINUSE='UNSPEC';
      NO_LOAD_CHECK='Both';
      NO_IO_CHECK='Both';
      NO_ASSERT_CHECK='TRUE';
      NO_DIR_CHECK='TRUE';
      ALLOW_CONNECT='TRUE';
    'IO_L18P_T2_32':
      PIN_NUMBER='(0,0,0,0,0,AB19,0,0,0,0,0,0,0,0,0,0,0,0,0,0,0,0,0,0,0,0)';
      PINUSE='UNSPEC';
      NO_LOAD_CHECK='Both';
      NO_IO_CHECK='Both';
      NO_ASSERT_CHECK='TRUE';
      NO_DIR_CHECK='TRUE';
      ALLOW_CONNECT='TRUE';
    'IO_L18N_T2_32':
      PIN_NUMBER='(0,0,0,0,0,AB20,0,0,0,0,0,0,0,0,0,0,0,0,0,0,0,0,0,0,0,0)';
      PINUSE='UNSPEC';
      NO_LOAD_CHECK='Both';
      NO_IO_CHECK='Both';
      NO_ASSERT_CHECK='TRUE';
      NO_DIR_CHECK='TRUE';
      ALLOW_CONNECT='TRUE';
    'IO_L19P_T3_32':
      PIN_NUMBER='(0,0,0,0,0,Y17,0,0,0,0,0,0,0,0,0,0,0,0,0,0,0,0,0,0,0,0)';
      PINUSE='UNSPEC';
      NO_LOAD_CHECK='Both';
      NO_IO_CHECK='Both';
      NO_ASSERT_CHECK='TRUE';
      NO_DIR_CHECK='TRUE';
      ALLOW_CONNECT='TRUE';
    'IO_L19N_T3_VREF_32':
      PIN_NUMBER='(0,0,0,0,0,Y18,0,0,0,0,0,0,0,0,0,0,0,0,0,0,0,0,0,0,0,0)';
      PINUSE='UNSPEC';
      NO_LOAD_CHECK='Both';
      NO_IO_CHECK='Both';
      NO_ASSERT_CHECK='TRUE';
      NO_DIR_CHECK='TRUE';
      ALLOW_CONNECT='TRUE';
    'IO_L20P_T3_32':
      PIN_NUMBER='(0,0,0,0,0,V16,0,0,0,0,0,0,0,0,0,0,0,0,0,0,0,0,0,0,0,0)';
      PINUSE='UNSPEC';
      NO_LOAD_CHECK='Both';
      NO_IO_CHECK='Both';
      NO_ASSERT_CHECK='TRUE';
      NO_DIR_CHECK='TRUE';
      ALLOW_CONNECT='TRUE';
    'IO_L20N_T3_32':
      PIN_NUMBER='(0,0,0,0,0,V17,0,0,0,0,0,0,0,0,0,0,0,0,0,0,0,0,0,0,0,0)';
      PINUSE='UNSPEC';
      NO_LOAD_CHECK='Both';
      NO_IO_CHECK='Both';
      NO_ASSERT_CHECK='TRUE';
      NO_DIR_CHECK='TRUE';
      ALLOW_CONNECT='TRUE';
    'IO_L21P_T3_DQS_32':
      PIN_NUMBER='(0,0,0,0,0,W18,0,0,0,0,0,0,0,0,0,0,0,0,0,0,0,0,0,0,0,0)';
      PINUSE='UNSPEC';
      NO_LOAD_CHECK='Both';
      NO_IO_CHECK='Both';
      NO_ASSERT_CHECK='TRUE';
      NO_DIR_CHECK='TRUE';
      ALLOW_CONNECT='TRUE';
    'IO_L21N_T3_DQS_32':
      PIN_NUMBER='(0,0,0,0,0,W19,0,0,0,0,0,0,0,0,0,0,0,0,0,0,0,0,0,0,0,0)';
      PINUSE='UNSPEC';
      NO_LOAD_CHECK='Both';
      NO_IO_CHECK='Both';
      NO_ASSERT_CHECK='TRUE';
      NO_DIR_CHECK='TRUE';
      ALLOW_CONNECT='TRUE';
    'IO_L22P_T3_32':
      PIN_NUMBER='(0,0,0,0,0,W15,0,0,0,0,0,0,0,0,0,0,0,0,0,0,0,0,0,0,0,0)';
      PINUSE='UNSPEC';
      NO_LOAD_CHECK='Both';
      NO_IO_CHECK='Both';
      NO_ASSERT_CHECK='TRUE';
      NO_DIR_CHECK='TRUE';
      ALLOW_CONNECT='TRUE';
    'IO_L22N_T3_32':
      PIN_NUMBER='(0,0,0,0,0,W16,0,0,0,0,0,0,0,0,0,0,0,0,0,0,0,0,0,0,0,0)';
      PINUSE='UNSPEC';
      NO_LOAD_CHECK='Both';
      NO_IO_CHECK='Both';
      NO_ASSERT_CHECK='TRUE';
      NO_DIR_CHECK='TRUE';
      ALLOW_CONNECT='TRUE';
    'IO_L23P_T3_32':
      PIN_NUMBER='(0,0,0,0,0,V18,0,0,0,0,0,0,0,0,0,0,0,0,0,0,0,0,0,0,0,0)';
      PINUSE='UNSPEC';
      NO_LOAD_CHECK='Both';
      NO_IO_CHECK='Both';
      NO_ASSERT_CHECK='TRUE';
      NO_DIR_CHECK='TRUE';
      ALLOW_CONNECT='TRUE';
    'IO_L23N_T3_32':
      PIN_NUMBER='(0,0,0,0,0,V19,0,0,0,0,0,0,0,0,0,0,0,0,0,0,0,0,0,0,0,0)';
      PINUSE='UNSPEC';
      NO_LOAD_CHECK='Both';
      NO_IO_CHECK='Both';
      NO_ASSERT_CHECK='TRUE';
      NO_DIR_CHECK='TRUE';
      ALLOW_CONNECT='TRUE';
    'IO_L24P_T3_32':
      PIN_NUMBER='(0,0,0,0,0,V14,0,0,0,0,0,0,0,0,0,0,0,0,0,0,0,0,0,0,0,0)';
      PINUSE='UNSPEC';
      NO_LOAD_CHECK='Both';
      NO_IO_CHECK='Both';
      NO_ASSERT_CHECK='TRUE';
      NO_DIR_CHECK='TRUE';
      ALLOW_CONNECT='TRUE';
    'IO_L24N_T3_32':
      PIN_NUMBER='(0,0,0,0,0,W14,0,0,0,0,0,0,0,0,0,0,0,0,0,0,0,0,0,0,0,0)';
      PINUSE='UNSPEC';
      NO_LOAD_CHECK='Both';
      NO_IO_CHECK='Both';
      NO_ASSERT_CHECK='TRUE';
      NO_DIR_CHECK='TRUE';
      ALLOW_CONNECT='TRUE';
    'IO_25_VRP_32':
      PIN_NUMBER='(0,0,0,0,0,W13,0,0,0,0,0,0,0,0,0,0,0,0,0,0,0,0,0,0,0,0)';
      PINUSE='UNSPEC';
      NO_LOAD_CHECK='Both';
      NO_IO_CHECK='Both';
      NO_ASSERT_CHECK='TRUE';
      NO_DIR_CHECK='TRUE';
      ALLOW_CONNECT='TRUE';
    'IO_0_VRN_33':
      PIN_NUMBER='(0,0,0,0,0,0,U9,0,0,0,0,0,0,0,0,0,0,0,0,0,0,0,0,0,0,0)';
      PINUSE='UNSPEC';
      NO_LOAD_CHECK='Both';
      NO_IO_CHECK='Both';
      NO_ASSERT_CHECK='TRUE';
      NO_DIR_CHECK='TRUE';
      ALLOW_CONNECT='TRUE';
    'IO_L1P_T0_33':
      PIN_NUMBER='(0,0,0,0,0,0,V11,0,0,0,0,0,0,0,0,0,0,0,0,0,0,0,0,0,0,0)';
      PINUSE='UNSPEC';
      NO_LOAD_CHECK='Both';
      NO_IO_CHECK='Both';
      NO_ASSERT_CHECK='TRUE';
      NO_DIR_CHECK='TRUE';
      ALLOW_CONNECT='TRUE';
    'IO_L1N_T0_33':
      PIN_NUMBER='(0,0,0,0,0,0,W11,0,0,0,0,0,0,0,0,0,0,0,0,0,0,0,0,0,0,0)';
      PINUSE='UNSPEC';
      NO_LOAD_CHECK='Both';
      NO_IO_CHECK='Both';
      NO_ASSERT_CHECK='TRUE';
      NO_DIR_CHECK='TRUE';
      ALLOW_CONNECT='TRUE';
    'IO_L2P_T0_33':
      PIN_NUMBER='(0,0,0,0,0,0,V8,0,0,0,0,0,0,0,0,0,0,0,0,0,0,0,0,0,0,0)';
      PINUSE='UNSPEC';
      NO_LOAD_CHECK='Both';
      NO_IO_CHECK='Both';
      NO_ASSERT_CHECK='TRUE';
      NO_DIR_CHECK='TRUE';
      ALLOW_CONNECT='TRUE';
    'IO_L2N_T0_33':
      PIN_NUMBER='(0,0,0,0,0,0,V7,0,0,0,0,0,0,0,0,0,0,0,0,0,0,0,0,0,0,0)';
      PINUSE='UNSPEC';
      NO_LOAD_CHECK='Both';
      NO_IO_CHECK='Both';
      NO_ASSERT_CHECK='TRUE';
      NO_DIR_CHECK='TRUE';
      ALLOW_CONNECT='TRUE';
    'IO_L3P_T0_DQS_33':
      PIN_NUMBER='(0,0,0,0,0,0,W10,0,0,0,0,0,0,0,0,0,0,0,0,0,0,0,0,0,0,0)';
      PINUSE='UNSPEC';
      NO_LOAD_CHECK='Both';
      NO_IO_CHECK='Both';
      NO_ASSERT_CHECK='TRUE';
      NO_DIR_CHECK='TRUE';
      ALLOW_CONNECT='TRUE';
    'IO_L3N_T0_DQS_33':
      PIN_NUMBER='(0,0,0,0,0,0,W9,0,0,0,0,0,0,0,0,0,0,0,0,0,0,0,0,0,0,0)';
      PINUSE='UNSPEC';
      NO_LOAD_CHECK='Both';
      NO_IO_CHECK='Both';
      NO_ASSERT_CHECK='TRUE';
      NO_DIR_CHECK='TRUE';
      ALLOW_CONNECT='TRUE';
    'IO_L4P_T0_33':
      PIN_NUMBER='(0,0,0,0,0,0,Y8,0,0,0,0,0,0,0,0,0,0,0,0,0,0,0,0,0,0,0)';
      PINUSE='UNSPEC';
      NO_LOAD_CHECK='Both';
      NO_IO_CHECK='Both';
      NO_ASSERT_CHECK='TRUE';
      NO_DIR_CHECK='TRUE';
      ALLOW_CONNECT='TRUE';
    'IO_L4N_T0_33':
      PIN_NUMBER='(0,0,0,0,0,0,Y7,0,0,0,0,0,0,0,0,0,0,0,0,0,0,0,0,0,0,0)';
      PINUSE='UNSPEC';
      NO_LOAD_CHECK='Both';
      NO_IO_CHECK='Both';
      NO_ASSERT_CHECK='TRUE';
      NO_DIR_CHECK='TRUE';
      ALLOW_CONNECT='TRUE';
    'IO_L5P_T0_33':
      PIN_NUMBER='(0,0,0,0,0,0,Y11,0,0,0,0,0,0,0,0,0,0,0,0,0,0,0,0,0,0,0)';
      PINUSE='UNSPEC';
      NO_LOAD_CHECK='Both';
      NO_IO_CHECK='Both';
      NO_ASSERT_CHECK='TRUE';
      NO_DIR_CHECK='TRUE';
      ALLOW_CONNECT='TRUE';
    'IO_L5N_T0_33':
      PIN_NUMBER='(0,0,0,0,0,0,Y10,0,0,0,0,0,0,0,0,0,0,0,0,0,0,0,0,0,0,0)';
      PINUSE='UNSPEC';
      NO_LOAD_CHECK='Both';
      NO_IO_CHECK='Both';
      NO_ASSERT_CHECK='TRUE';
      NO_DIR_CHECK='TRUE';
      ALLOW_CONNECT='TRUE';
    'IO_L6P_T0_33':
      PIN_NUMBER='(0,0,0,0,0,0,V9,0,0,0,0,0,0,0,0,0,0,0,0,0,0,0,0,0,0,0)';
      PINUSE='UNSPEC';
      NO_LOAD_CHECK='Both';
      NO_IO_CHECK='Both';
      NO_ASSERT_CHECK='TRUE';
      NO_DIR_CHECK='TRUE';
      ALLOW_CONNECT='TRUE';
    'IO_L6N_T0_VREF_33':
      PIN_NUMBER='(0,0,0,0,0,0,W8,0,0,0,0,0,0,0,0,0,0,0,0,0,0,0,0,0,0,0)';
      PINUSE='UNSPEC';
      NO_LOAD_CHECK='Both';
      NO_IO_CHECK='Both';
      NO_ASSERT_CHECK='TRUE';
      NO_DIR_CHECK='TRUE';
      ALLOW_CONNECT='TRUE';
    'IO_L7P_T1_33':
      PIN_NUMBER='(0,0,0,0,0,0,AE7,0,0,0,0,0,0,0,0,0,0,0,0,0,0,0,0,0,0,0)';
      PINUSE='UNSPEC';
      NO_LOAD_CHECK='Both';
      NO_IO_CHECK='Both';
      NO_ASSERT_CHECK='TRUE';
      NO_DIR_CHECK='TRUE';
      ALLOW_CONNECT='TRUE';
    'IO_L7N_T1_33':
      PIN_NUMBER='(0,0,0,0,0,0,AF7,0,0,0,0,0,0,0,0,0,0,0,0,0,0,0,0,0,0,0)';
      PINUSE='UNSPEC';
      NO_LOAD_CHECK='Both';
      NO_IO_CHECK='Both';
      NO_ASSERT_CHECK='TRUE';
      NO_DIR_CHECK='TRUE';
      ALLOW_CONNECT='TRUE';
    'IO_L8P_T1_33':
      PIN_NUMBER='(0,0,0,0,0,0,AA8,0,0,0,0,0,0,0,0,0,0,0,0,0,0,0,0,0,0,0)';
      PINUSE='UNSPEC';
      NO_LOAD_CHECK='Both';
      NO_IO_CHECK='Both';
      NO_ASSERT_CHECK='TRUE';
      NO_DIR_CHECK='TRUE';
      ALLOW_CONNECT='TRUE';
    'IO_L8N_T1_33':
      PIN_NUMBER='(0,0,0,0,0,0,AA7,0,0,0,0,0,0,0,0,0,0,0,0,0,0,0,0,0,0,0)';
      PINUSE='UNSPEC';
      NO_LOAD_CHECK='Both';
      NO_IO_CHECK='Both';
      NO_ASSERT_CHECK='TRUE';
      NO_DIR_CHECK='TRUE';
      ALLOW_CONNECT='TRUE';
    'IO_L9P_T1_DQS_33':
      PIN_NUMBER='(0,0,0,0,0,0,AC8,0,0,0,0,0,0,0,0,0,0,0,0,0,0,0,0,0,0,0)';
      PINUSE='UNSPEC';
      NO_LOAD_CHECK='Both';
      NO_IO_CHECK='Both';
      NO_ASSERT_CHECK='TRUE';
      NO_DIR_CHECK='TRUE';
      ALLOW_CONNECT='TRUE';
    'IO_L9N_T1_DQS_33':
      PIN_NUMBER='(0,0,0,0,0,0,AD8,0,0,0,0,0,0,0,0,0,0,0,0,0,0,0,0,0,0,0)';
      PINUSE='UNSPEC';
      NO_LOAD_CHECK='Both';
      NO_IO_CHECK='Both';
      NO_ASSERT_CHECK='TRUE';
      NO_DIR_CHECK='TRUE';
      ALLOW_CONNECT='TRUE';
    'IO_L10P_T1_33':
      PIN_NUMBER='(0,0,0,0,0,0,AB7,0,0,0,0,0,0,0,0,0,0,0,0,0,0,0,0,0,0,0)';
      PINUSE='UNSPEC';
      NO_LOAD_CHECK='Both';
      NO_IO_CHECK='Both';
      NO_ASSERT_CHECK='TRUE';
      NO_DIR_CHECK='TRUE';
      ALLOW_CONNECT='TRUE';
    'IO_L10N_T1_33':
      PIN_NUMBER='(0,0,0,0,0,0,AC7,0,0,0,0,0,0,0,0,0,0,0,0,0,0,0,0,0,0,0)';
      PINUSE='UNSPEC';
      NO_LOAD_CHECK='Both';
      NO_IO_CHECK='Both';
      NO_ASSERT_CHECK='TRUE';
      NO_DIR_CHECK='TRUE';
      ALLOW_CONNECT='TRUE';
    'IO_L11P_T1_SRCC_33':
      PIN_NUMBER='(0,0,0,0,0,0,AA9,0,0,0,0,0,0,0,0,0,0,0,0,0,0,0,0,0,0,0)';
      PINUSE='UNSPEC';
      NO_LOAD_CHECK='Both';
      NO_IO_CHECK='Both';
      NO_ASSERT_CHECK='TRUE';
      NO_DIR_CHECK='TRUE';
      ALLOW_CONNECT='TRUE';
    'IO_L11N_T1_SRCC_33':
      PIN_NUMBER='(0,0,0,0,0,0,AB9,0,0,0,0,0,0,0,0,0,0,0,0,0,0,0,0,0,0,0)';
      PINUSE='UNSPEC';
      NO_LOAD_CHECK='Both';
      NO_IO_CHECK='Both';
      NO_ASSERT_CHECK='TRUE';
      NO_DIR_CHECK='TRUE';
      ALLOW_CONNECT='TRUE';
    'IO_L12P_T1_MRCC_33':
      PIN_NUMBER='(0,0,0,0,0,0,AC9,0,0,0,0,0,0,0,0,0,0,0,0,0,0,0,0,0,0,0)';
      PINUSE='UNSPEC';
      NO_LOAD_CHECK='Both';
      NO_IO_CHECK='Both';
      NO_ASSERT_CHECK='TRUE';
      NO_DIR_CHECK='TRUE';
      ALLOW_CONNECT='TRUE';
    'IO_L12N_T1_MRCC_33':
      PIN_NUMBER='(0,0,0,0,0,0,AD9,0,0,0,0,0,0,0,0,0,0,0,0,0,0,0,0,0,0,0)';
      PINUSE='UNSPEC';
      NO_LOAD_CHECK='Both';
      NO_IO_CHECK='Both';
      NO_ASSERT_CHECK='TRUE';
      NO_DIR_CHECK='TRUE';
      ALLOW_CONNECT='TRUE';
    'IO_L13P_T2_MRCC_33':
      PIN_NUMBER='(0,0,0,0,0,0,AB11,0,0,0,0,0,0,0,0,0,0,0,0,0,0,0,0,0,0,0)';
      PINUSE='UNSPEC';
      NO_LOAD_CHECK='Both';
      NO_IO_CHECK='Both';
      NO_ASSERT_CHECK='TRUE';
      NO_DIR_CHECK='TRUE';
      ALLOW_CONNECT='TRUE';
    'IO_L13N_T2_MRCC_33':
      PIN_NUMBER='(0,0,0,0,0,0,AC11,0,0,0,0,0,0,0,0,0,0,0,0,0,0,0,0,0,0,0)';
      PINUSE='UNSPEC';
      NO_LOAD_CHECK='Both';
      NO_IO_CHECK='Both';
      NO_ASSERT_CHECK='TRUE';
      NO_DIR_CHECK='TRUE';
      ALLOW_CONNECT='TRUE';
    'IO_L14P_T2_SRCC_33':
      PIN_NUMBER='(0,0,0,0,0,0,AA10,0,0,0,0,0,0,0,0,0,0,0,0,0,0,0,0,0,0,0)';
      PINUSE='UNSPEC';
      NO_LOAD_CHECK='Both';
      NO_IO_CHECK='Both';
      NO_ASSERT_CHECK='TRUE';
      NO_DIR_CHECK='TRUE';
      ALLOW_CONNECT='TRUE';
    'IO_L14N_T2_SRCC_33':
      PIN_NUMBER='(0,0,0,0,0,0,AB10,0,0,0,0,0,0,0,0,0,0,0,0,0,0,0,0,0,0,0)';
      PINUSE='UNSPEC';
      NO_LOAD_CHECK='Both';
      NO_IO_CHECK='Both';
      NO_ASSERT_CHECK='TRUE';
      NO_DIR_CHECK='TRUE';
      ALLOW_CONNECT='TRUE';
    'IO_L15P_T2_DQS_33':
      PIN_NUMBER='(0,0,0,0,0,0,AB12,0,0,0,0,0,0,0,0,0,0,0,0,0,0,0,0,0,0,0)';
      PINUSE='UNSPEC';
      NO_LOAD_CHECK='Both';
      NO_IO_CHECK='Both';
      NO_ASSERT_CHECK='TRUE';
      NO_DIR_CHECK='TRUE';
      ALLOW_CONNECT='TRUE';
    'IO_L15N_T2_DQS_33':
      PIN_NUMBER='(0,0,0,0,0,0,AC12,0,0,0,0,0,0,0,0,0,0,0,0,0,0,0,0,0,0,0)';
      PINUSE='UNSPEC';
      NO_LOAD_CHECK='Both';
      NO_IO_CHECK='Both';
      NO_ASSERT_CHECK='TRUE';
      NO_DIR_CHECK='TRUE';
      ALLOW_CONNECT='TRUE';
    'IO_L16P_T2_33':
      PIN_NUMBER='(0,0,0,0,0,0,AA13,0,0,0,0,0,0,0,0,0,0,0,0,0,0,0,0,0,0,0)';
      PINUSE='UNSPEC';
      NO_LOAD_CHECK='Both';
      NO_IO_CHECK='Both';
      NO_ASSERT_CHECK='TRUE';
      NO_DIR_CHECK='TRUE';
      ALLOW_CONNECT='TRUE';
    'IO_L16N_T2_33':
      PIN_NUMBER='(0,0,0,0,0,0,AA12,0,0,0,0,0,0,0,0,0,0,0,0,0,0,0,0,0,0,0)';
      PINUSE='UNSPEC';
      NO_LOAD_CHECK='Both';
      NO_IO_CHECK='Both';
      NO_ASSERT_CHECK='TRUE';
      NO_DIR_CHECK='TRUE';
      ALLOW_CONNECT='TRUE';
    'IO_L17P_T2_33':
      PIN_NUMBER='(0,0,0,0,0,0,AC13,0,0,0,0,0,0,0,0,0,0,0,0,0,0,0,0,0,0,0)';
      PINUSE='UNSPEC';
      NO_LOAD_CHECK='Both';
      NO_IO_CHECK='Both';
      NO_ASSERT_CHECK='TRUE';
      NO_DIR_CHECK='TRUE';
      ALLOW_CONNECT='TRUE';
    'IO_L17N_T2_33':
      PIN_NUMBER='(0,0,0,0,0,0,AD13,0,0,0,0,0,0,0,0,0,0,0,0,0,0,0,0,0,0,0)';
      PINUSE='UNSPEC';
      NO_LOAD_CHECK='Both';
      NO_IO_CHECK='Both';
      NO_ASSERT_CHECK='TRUE';
      NO_DIR_CHECK='TRUE';
      ALLOW_CONNECT='TRUE';
    'IO_L18P_T2_33':
      PIN_NUMBER='(0,0,0,0,0,0,Y13,0,0,0,0,0,0,0,0,0,0,0,0,0,0,0,0,0,0,0)';
      PINUSE='UNSPEC';
      NO_LOAD_CHECK='Both';
      NO_IO_CHECK='Both';
      NO_ASSERT_CHECK='TRUE';
      NO_DIR_CHECK='TRUE';
      ALLOW_CONNECT='TRUE';
    'IO_L18N_T2_33':
      PIN_NUMBER='(0,0,0,0,0,0,Y12,0,0,0,0,0,0,0,0,0,0,0,0,0,0,0,0,0,0,0)';
      PINUSE='UNSPEC';
      NO_LOAD_CHECK='Both';
      NO_IO_CHECK='Both';
      NO_ASSERT_CHECK='TRUE';
      NO_DIR_CHECK='TRUE';
      ALLOW_CONNECT='TRUE';
    'IO_L19P_T3_33':
      PIN_NUMBER='(0,0,0,0,0,0,AD11,0,0,0,0,0,0,0,0,0,0,0,0,0,0,0,0,0,0,0)';
      PINUSE='UNSPEC';
      NO_LOAD_CHECK='Both';
      NO_IO_CHECK='Both';
      NO_ASSERT_CHECK='TRUE';
      NO_DIR_CHECK='TRUE';
      ALLOW_CONNECT='TRUE';
    'IO_L19N_T3_VREF_33':
      PIN_NUMBER='(0,0,0,0,0,0,AE11,0,0,0,0,0,0,0,0,0,0,0,0,0,0,0,0,0,0,0)';
      PINUSE='UNSPEC';
      NO_LOAD_CHECK='Both';
      NO_IO_CHECK='Both';
      NO_ASSERT_CHECK='TRUE';
      NO_DIR_CHECK='TRUE';
      ALLOW_CONNECT='TRUE';
    'IO_L20P_T3_33':
      PIN_NUMBER='(0,0,0,0,0,0,AD10,0,0,0,0,0,0,0,0,0,0,0,0,0,0,0,0,0,0,0)';
      PINUSE='UNSPEC';
      NO_LOAD_CHECK='Both';
      NO_IO_CHECK='Both';
      NO_ASSERT_CHECK='TRUE';
      NO_DIR_CHECK='TRUE';
      ALLOW_CONNECT='TRUE';
    'IO_L20N_T3_33':
      PIN_NUMBER='(0,0,0,0,0,0,AE10,0,0,0,0,0,0,0,0,0,0,0,0,0,0,0,0,0,0,0)';
      PINUSE='UNSPEC';
      NO_LOAD_CHECK='Both';
      NO_IO_CHECK='Both';
      NO_ASSERT_CHECK='TRUE';
      NO_DIR_CHECK='TRUE';
      ALLOW_CONNECT='TRUE';
    'IO_L21P_T3_DQS_33':
      PIN_NUMBER='(0,0,0,0,0,0,AE12,0,0,0,0,0,0,0,0,0,0,0,0,0,0,0,0,0,0,0)';
      PINUSE='UNSPEC';
      NO_LOAD_CHECK='Both';
      NO_IO_CHECK='Both';
      NO_ASSERT_CHECK='TRUE';
      NO_DIR_CHECK='TRUE';
      ALLOW_CONNECT='TRUE';
    'IO_L21N_T3_DQS_33':
      PIN_NUMBER='(0,0,0,0,0,0,AF12,0,0,0,0,0,0,0,0,0,0,0,0,0,0,0,0,0,0,0)';
      PINUSE='UNSPEC';
      NO_LOAD_CHECK='Both';
      NO_IO_CHECK='Both';
      NO_ASSERT_CHECK='TRUE';
      NO_DIR_CHECK='TRUE';
      ALLOW_CONNECT='TRUE';
    'IO_L22P_T3_33':
      PIN_NUMBER='(0,0,0,0,0,0,AE8,0,0,0,0,0,0,0,0,0,0,0,0,0,0,0,0,0,0,0)';
      PINUSE='UNSPEC';
      NO_LOAD_CHECK='Both';
      NO_IO_CHECK='Both';
      NO_ASSERT_CHECK='TRUE';
      NO_DIR_CHECK='TRUE';
      ALLOW_CONNECT='TRUE';
    'IO_L22N_T3_33':
      PIN_NUMBER='(0,0,0,0,0,0,AF8,0,0,0,0,0,0,0,0,0,0,0,0,0,0,0,0,0,0,0)';
      PINUSE='UNSPEC';
      NO_LOAD_CHECK='Both';
      NO_IO_CHECK='Both';
      NO_ASSERT_CHECK='TRUE';
      NO_DIR_CHECK='TRUE';
      ALLOW_CONNECT='TRUE';
    'IO_L23P_T3_33':
      PIN_NUMBER='(0,0,0,0,0,0,AE13,0,0,0,0,0,0,0,0,0,0,0,0,0,0,0,0,0,0,0)';
      PINUSE='UNSPEC';
      NO_LOAD_CHECK='Both';
      NO_IO_CHECK='Both';
      NO_ASSERT_CHECK='TRUE';
      NO_DIR_CHECK='TRUE';
      ALLOW_CONNECT='TRUE';
    'IO_L23N_T3_33':
      PIN_NUMBER='(0,0,0,0,0,0,AF13,0,0,0,0,0,0,0,0,0,0,0,0,0,0,0,0,0,0,0)';
      PINUSE='UNSPEC';
      NO_LOAD_CHECK='Both';
      NO_IO_CHECK='Both';
      NO_ASSERT_CHECK='TRUE';
      NO_DIR_CHECK='TRUE';
      ALLOW_CONNECT='TRUE';
    'IO_L24P_T3_33':
      PIN_NUMBER='(0,0,0,0,0,0,AF10,0,0,0,0,0,0,0,0,0,0,0,0,0,0,0,0,0,0,0)';
      PINUSE='UNSPEC';
      NO_LOAD_CHECK='Both';
      NO_IO_CHECK='Both';
      NO_ASSERT_CHECK='TRUE';
      NO_DIR_CHECK='TRUE';
      ALLOW_CONNECT='TRUE';
    'IO_L24N_T3_33':
      PIN_NUMBER='(0,0,0,0,0,0,AF9,0,0,0,0,0,0,0,0,0,0,0,0,0,0,0,0,0,0,0)';
      PINUSE='UNSPEC';
      NO_LOAD_CHECK='Both';
      NO_IO_CHECK='Both';
      NO_ASSERT_CHECK='TRUE';
      NO_DIR_CHECK='TRUE';
      ALLOW_CONNECT='TRUE';
    'IO_25_VRP_33':
      PIN_NUMBER='(0,0,0,0,0,0,V12,0,0,0,0,0,0,0,0,0,0,0,0,0,0,0,0,0,0,0)';
      PINUSE='UNSPEC';
      NO_LOAD_CHECK='Both';
      NO_IO_CHECK='Both';
      NO_ASSERT_CHECK='TRUE';
      NO_DIR_CHECK='TRUE';
      ALLOW_CONNECT='TRUE';
    'IO_0_VRN_34':
      PIN_NUMBER='(0,0,0,0,0,0,0,U4,0,0,0,0,0,0,0,0,0,0,0,0,0,0,0,0,0,0)';
      PINUSE='UNSPEC';
      NO_LOAD_CHECK='Both';
      NO_IO_CHECK='Both';
      NO_ASSERT_CHECK='TRUE';
      NO_DIR_CHECK='TRUE';
      ALLOW_CONNECT='TRUE';
    'IO_L1P_T0_34':
      PIN_NUMBER='(0,0,0,0,0,0,0,U6,0,0,0,0,0,0,0,0,0,0,0,0,0,0,0,0,0,0)';
      PINUSE='UNSPEC';
      NO_LOAD_CHECK='Both';
      NO_IO_CHECK='Both';
      NO_ASSERT_CHECK='TRUE';
      NO_DIR_CHECK='TRUE';
      ALLOW_CONNECT='TRUE';
    'IO_L1N_T0_34':
      PIN_NUMBER='(0,0,0,0,0,0,0,U5,0,0,0,0,0,0,0,0,0,0,0,0,0,0,0,0,0,0)';
      PINUSE='UNSPEC';
      NO_LOAD_CHECK='Both';
      NO_IO_CHECK='Both';
      NO_ASSERT_CHECK='TRUE';
      NO_DIR_CHECK='TRUE';
      ALLOW_CONNECT='TRUE';
    'IO_L2P_T0_34':
      PIN_NUMBER='(0,0,0,0,0,0,0,U2,0,0,0,0,0,0,0,0,0,0,0,0,0,0,0,0,0,0)';
      PINUSE='UNSPEC';
      NO_LOAD_CHECK='Both';
      NO_IO_CHECK='Both';
      NO_ASSERT_CHECK='TRUE';
      NO_DIR_CHECK='TRUE';
      ALLOW_CONNECT='TRUE';
    'IO_L2N_T0_34':
      PIN_NUMBER='(0,0,0,0,0,0,0,U1,0,0,0,0,0,0,0,0,0,0,0,0,0,0,0,0,0,0)';
      PINUSE='UNSPEC';
      NO_LOAD_CHECK='Both';
      NO_IO_CHECK='Both';
      NO_ASSERT_CHECK='TRUE';
      NO_DIR_CHECK='TRUE';
      ALLOW_CONNECT='TRUE';
    'IO_L3P_T0_DQS_34':
      PIN_NUMBER='(0,0,0,0,0,0,0,W6,0,0,0,0,0,0,0,0,0,0,0,0,0,0,0,0,0,0)';
      PINUSE='UNSPEC';
      NO_LOAD_CHECK='Both';
      NO_IO_CHECK='Both';
      NO_ASSERT_CHECK='TRUE';
      NO_DIR_CHECK='TRUE';
      ALLOW_CONNECT='TRUE';
    'IO_L3N_T0_DQS_34':
      PIN_NUMBER='(0,0,0,0,0,0,0,W5,0,0,0,0,0,0,0,0,0,0,0,0,0,0,0,0,0,0)';
      PINUSE='UNSPEC';
      NO_LOAD_CHECK='Both';
      NO_IO_CHECK='Both';
      NO_ASSERT_CHECK='TRUE';
      NO_DIR_CHECK='TRUE';
      ALLOW_CONNECT='TRUE';
    'IO_L4P_T0_34':
      PIN_NUMBER='(0,0,0,0,0,0,0,V3,0,0,0,0,0,0,0,0,0,0,0,0,0,0,0,0,0,0)';
      PINUSE='UNSPEC';
      NO_LOAD_CHECK='Both';
      NO_IO_CHECK='Both';
      NO_ASSERT_CHECK='TRUE';
      NO_DIR_CHECK='TRUE';
      ALLOW_CONNECT='TRUE';
    'IO_L4N_T0_34':
      PIN_NUMBER='(0,0,0,0,0,0,0,W3,0,0,0,0,0,0,0,0,0,0,0,0,0,0,0,0,0,0)';
      PINUSE='UNSPEC';
      NO_LOAD_CHECK='Both';
      NO_IO_CHECK='Both';
      NO_ASSERT_CHECK='TRUE';
      NO_DIR_CHECK='TRUE';
      ALLOW_CONNECT='TRUE';
    'IO_L5P_T0_34':
      PIN_NUMBER='(0,0,0,0,0,0,0,U7,0,0,0,0,0,0,0,0,0,0,0,0,0,0,0,0,0,0)';
      PINUSE='UNSPEC';
      NO_LOAD_CHECK='Both';
      NO_IO_CHECK='Both';
      NO_ASSERT_CHECK='TRUE';
      NO_DIR_CHECK='TRUE';
      ALLOW_CONNECT='TRUE';
    'IO_L5N_T0_34':
      PIN_NUMBER='(0,0,0,0,0,0,0,V6,0,0,0,0,0,0,0,0,0,0,0,0,0,0,0,0,0,0)';
      PINUSE='UNSPEC';
      NO_LOAD_CHECK='Both';
      NO_IO_CHECK='Both';
      NO_ASSERT_CHECK='TRUE';
      NO_DIR_CHECK='TRUE';
      ALLOW_CONNECT='TRUE';
    'IO_L6P_T0_34':
      PIN_NUMBER='(0,0,0,0,0,0,0,V4,0,0,0,0,0,0,0,0,0,0,0,0,0,0,0,0,0,0)';
      PINUSE='UNSPEC';
      NO_LOAD_CHECK='Both';
      NO_IO_CHECK='Both';
      NO_ASSERT_CHECK='TRUE';
      NO_DIR_CHECK='TRUE';
      ALLOW_CONNECT='TRUE';
    'IO_L6N_T0_VREF_34':
      PIN_NUMBER='(0,0,0,0,0,0,0,W4,0,0,0,0,0,0,0,0,0,0,0,0,0,0,0,0,0,0)';
      PINUSE='UNSPEC';
      NO_LOAD_CHECK='Both';
      NO_IO_CHECK='Both';
      NO_ASSERT_CHECK='TRUE';
      NO_DIR_CHECK='TRUE';
      ALLOW_CONNECT='TRUE';
    'IO_L7P_T1_34':
      PIN_NUMBER='(0,0,0,0,0,0,0,Y3,0,0,0,0,0,0,0,0,0,0,0,0,0,0,0,0,0,0)';
      PINUSE='UNSPEC';
      NO_LOAD_CHECK='Both';
      NO_IO_CHECK='Both';
      NO_ASSERT_CHECK='TRUE';
      NO_DIR_CHECK='TRUE';
      ALLOW_CONNECT='TRUE';
    'IO_L7N_T1_34':
      PIN_NUMBER='(0,0,0,0,0,0,0,Y2,0,0,0,0,0,0,0,0,0,0,0,0,0,0,0,0,0,0)';
      PINUSE='UNSPEC';
      NO_LOAD_CHECK='Both';
      NO_IO_CHECK='Both';
      NO_ASSERT_CHECK='TRUE';
      NO_DIR_CHECK='TRUE';
      ALLOW_CONNECT='TRUE';
    'IO_L8P_T1_34':
      PIN_NUMBER='(0,0,0,0,0,0,0,V2,0,0,0,0,0,0,0,0,0,0,0,0,0,0,0,0,0,0)';
      PINUSE='UNSPEC';
      NO_LOAD_CHECK='Both';
      NO_IO_CHECK='Both';
      NO_ASSERT_CHECK='TRUE';
      NO_DIR_CHECK='TRUE';
      ALLOW_CONNECT='TRUE';
    'IO_L8N_T1_34':
      PIN_NUMBER='(0,0,0,0,0,0,0,V1,0,0,0,0,0,0,0,0,0,0,0,0,0,0,0,0,0,0)';
      PINUSE='UNSPEC';
      NO_LOAD_CHECK='Both';
      NO_IO_CHECK='Both';
      NO_ASSERT_CHECK='TRUE';
      NO_DIR_CHECK='TRUE';
      ALLOW_CONNECT='TRUE';
    'IO_L9P_T1_DQS_34':
      PIN_NUMBER='(0,0,0,0,0,0,0,AB1,0,0,0,0,0,0,0,0,0,0,0,0,0,0,0,0,0,0)';
      PINUSE='UNSPEC';
      NO_LOAD_CHECK='Both';
      NO_IO_CHECK='Both';
      NO_ASSERT_CHECK='TRUE';
      NO_DIR_CHECK='TRUE';
      ALLOW_CONNECT='TRUE';
    'IO_L9N_T1_DQS_34':
      PIN_NUMBER='(0,0,0,0,0,0,0,AC1,0,0,0,0,0,0,0,0,0,0,0,0,0,0,0,0,0,0)';
      PINUSE='UNSPEC';
      NO_LOAD_CHECK='Both';
      NO_IO_CHECK='Both';
      NO_ASSERT_CHECK='TRUE';
      NO_DIR_CHECK='TRUE';
      ALLOW_CONNECT='TRUE';
    'IO_L10P_T1_34':
      PIN_NUMBER='(0,0,0,0,0,0,0,W1,0,0,0,0,0,0,0,0,0,0,0,0,0,0,0,0,0,0)';
      PINUSE='UNSPEC';
      NO_LOAD_CHECK='Both';
      NO_IO_CHECK='Both';
      NO_ASSERT_CHECK='TRUE';
      NO_DIR_CHECK='TRUE';
      ALLOW_CONNECT='TRUE';
    'IO_L10N_T1_34':
      PIN_NUMBER='(0,0,0,0,0,0,0,Y1,0,0,0,0,0,0,0,0,0,0,0,0,0,0,0,0,0,0)';
      PINUSE='UNSPEC';
      NO_LOAD_CHECK='Both';
      NO_IO_CHECK='Both';
      NO_ASSERT_CHECK='TRUE';
      NO_DIR_CHECK='TRUE';
      ALLOW_CONNECT='TRUE';
    'IO_L11P_T1_SRCC_34':
      PIN_NUMBER='(0,0,0,0,0,0,0,AB2,0,0,0,0,0,0,0,0,0,0,0,0,0,0,0,0,0,0)';
      PINUSE='UNSPEC';
      NO_LOAD_CHECK='Both';
      NO_IO_CHECK='Both';
      NO_ASSERT_CHECK='TRUE';
      NO_DIR_CHECK='TRUE';
      ALLOW_CONNECT='TRUE';
    'IO_L11N_T1_SRCC_34':
      PIN_NUMBER='(0,0,0,0,0,0,0,AC2,0,0,0,0,0,0,0,0,0,0,0,0,0,0,0,0,0,0)';
      PINUSE='UNSPEC';
      NO_LOAD_CHECK='Both';
      NO_IO_CHECK='Both';
      NO_ASSERT_CHECK='TRUE';
      NO_DIR_CHECK='TRUE';
      ALLOW_CONNECT='TRUE';
    'IO_L12P_T1_MRCC_34':
      PIN_NUMBER='(0,0,0,0,0,0,0,AA3,0,0,0,0,0,0,0,0,0,0,0,0,0,0,0,0,0,0)';
      PINUSE='UNSPEC';
      NO_LOAD_CHECK='Both';
      NO_IO_CHECK='Both';
      NO_ASSERT_CHECK='TRUE';
      NO_DIR_CHECK='TRUE';
      ALLOW_CONNECT='TRUE';
    'IO_L12N_T1_MRCC_34':
      PIN_NUMBER='(0,0,0,0,0,0,0,AA2,0,0,0,0,0,0,0,0,0,0,0,0,0,0,0,0,0,0)';
      PINUSE='UNSPEC';
      NO_LOAD_CHECK='Both';
      NO_IO_CHECK='Both';
      NO_ASSERT_CHECK='TRUE';
      NO_DIR_CHECK='TRUE';
      ALLOW_CONNECT='TRUE';
    'IO_L13P_T2_MRCC_34':
      PIN_NUMBER='(0,0,0,0,0,0,0,AA4,0,0,0,0,0,0,0,0,0,0,0,0,0,0,0,0,0,0)';
      PINUSE='UNSPEC';
      NO_LOAD_CHECK='Both';
      NO_IO_CHECK='Both';
      NO_ASSERT_CHECK='TRUE';
      NO_DIR_CHECK='TRUE';
      ALLOW_CONNECT='TRUE';
    'IO_L13N_T2_MRCC_34':
      PIN_NUMBER='(0,0,0,0,0,0,0,AB4,0,0,0,0,0,0,0,0,0,0,0,0,0,0,0,0,0,0)';
      PINUSE='UNSPEC';
      NO_LOAD_CHECK='Both';
      NO_IO_CHECK='Both';
      NO_ASSERT_CHECK='TRUE';
      NO_DIR_CHECK='TRUE';
      ALLOW_CONNECT='TRUE';
    'IO_L14P_T2_SRCC_34':
      PIN_NUMBER='(0,0,0,0,0,0,0,AC4,0,0,0,0,0,0,0,0,0,0,0,0,0,0,0,0,0,0)';
      PINUSE='UNSPEC';
      NO_LOAD_CHECK='Both';
      NO_IO_CHECK='Both';
      NO_ASSERT_CHECK='TRUE';
      NO_DIR_CHECK='TRUE';
      ALLOW_CONNECT='TRUE';
    'IO_L14N_T2_SRCC_34':
      PIN_NUMBER='(0,0,0,0,0,0,0,AC3,0,0,0,0,0,0,0,0,0,0,0,0,0,0,0,0,0,0)';
      PINUSE='UNSPEC';
      NO_LOAD_CHECK='Both';
      NO_IO_CHECK='Both';
      NO_ASSERT_CHECK='TRUE';
      NO_DIR_CHECK='TRUE';
      ALLOW_CONNECT='TRUE';
    'IO_L15P_T2_DQS_34':
      PIN_NUMBER='(0,0,0,0,0,0,0,AA5,0,0,0,0,0,0,0,0,0,0,0,0,0,0,0,0,0,0)';
      PINUSE='UNSPEC';
      NO_LOAD_CHECK='Both';
      NO_IO_CHECK='Both';
      NO_ASSERT_CHECK='TRUE';
      NO_DIR_CHECK='TRUE';
      ALLOW_CONNECT='TRUE';
    'IO_L15N_T2_DQS_34':
      PIN_NUMBER='(0,0,0,0,0,0,0,AB5,0,0,0,0,0,0,0,0,0,0,0,0,0,0,0,0,0,0)';
      PINUSE='UNSPEC';
      NO_LOAD_CHECK='Both';
      NO_IO_CHECK='Both';
      NO_ASSERT_CHECK='TRUE';
      NO_DIR_CHECK='TRUE';
      ALLOW_CONNECT='TRUE';
    'IO_L16P_T2_34':
      PIN_NUMBER='(0,0,0,0,0,0,0,AB6,0,0,0,0,0,0,0,0,0,0,0,0,0,0,0,0,0,0)';
      PINUSE='UNSPEC';
      NO_LOAD_CHECK='Both';
      NO_IO_CHECK='Both';
      NO_ASSERT_CHECK='TRUE';
      NO_DIR_CHECK='TRUE';
      ALLOW_CONNECT='TRUE';
    'IO_L16N_T2_34':
      PIN_NUMBER='(0,0,0,0,0,0,0,AC6,0,0,0,0,0,0,0,0,0,0,0,0,0,0,0,0,0,0)';
      PINUSE='UNSPEC';
      NO_LOAD_CHECK='Both';
      NO_IO_CHECK='Both';
      NO_ASSERT_CHECK='TRUE';
      NO_DIR_CHECK='TRUE';
      ALLOW_CONNECT='TRUE';
    'IO_L17P_T2_34':
      PIN_NUMBER='(0,0,0,0,0,0,0,Y6,0,0,0,0,0,0,0,0,0,0,0,0,0,0,0,0,0,0)';
      PINUSE='UNSPEC';
      NO_LOAD_CHECK='Both';
      NO_IO_CHECK='Both';
      NO_ASSERT_CHECK='TRUE';
      NO_DIR_CHECK='TRUE';
      ALLOW_CONNECT='TRUE';
    'IO_L17N_T2_34':
      PIN_NUMBER='(0,0,0,0,0,0,0,Y5,0,0,0,0,0,0,0,0,0,0,0,0,0,0,0,0,0,0)';
      PINUSE='UNSPEC';
      NO_LOAD_CHECK='Both';
      NO_IO_CHECK='Both';
      NO_ASSERT_CHECK='TRUE';
      NO_DIR_CHECK='TRUE';
      ALLOW_CONNECT='TRUE';
    'IO_L18P_T2_34':
      PIN_NUMBER='(0,0,0,0,0,0,0,AD6,0,0,0,0,0,0,0,0,0,0,0,0,0,0,0,0,0,0)';
      PINUSE='UNSPEC';
      NO_LOAD_CHECK='Both';
      NO_IO_CHECK='Both';
      NO_ASSERT_CHECK='TRUE';
      NO_DIR_CHECK='TRUE';
      ALLOW_CONNECT='TRUE';
    'IO_L18N_T2_34':
      PIN_NUMBER='(0,0,0,0,0,0,0,AD5,0,0,0,0,0,0,0,0,0,0,0,0,0,0,0,0,0,0)';
      PINUSE='UNSPEC';
      NO_LOAD_CHECK='Both';
      NO_IO_CHECK='Both';
      NO_ASSERT_CHECK='TRUE';
      NO_DIR_CHECK='TRUE';
      ALLOW_CONNECT='TRUE';
    'IO_L19P_T3_34':
      PIN_NUMBER='(0,0,0,0,0,0,0,AD4,0,0,0,0,0,0,0,0,0,0,0,0,0,0,0,0,0,0)';
      PINUSE='UNSPEC';
      NO_LOAD_CHECK='Both';
      NO_IO_CHECK='Both';
      NO_ASSERT_CHECK='TRUE';
      NO_DIR_CHECK='TRUE';
      ALLOW_CONNECT='TRUE';
    'IO_L19N_T3_VREF_34':
      PIN_NUMBER='(0,0,0,0,0,0,0,AD3,0,0,0,0,0,0,0,0,0,0,0,0,0,0,0,0,0,0)';
      PINUSE='UNSPEC';
      NO_LOAD_CHECK='Both';
      NO_IO_CHECK='Both';
      NO_ASSERT_CHECK='TRUE';
      NO_DIR_CHECK='TRUE';
      ALLOW_CONNECT='TRUE';
    'IO_L20P_T3_34':
      PIN_NUMBER='(0,0,0,0,0,0,0,AD1,0,0,0,0,0,0,0,0,0,0,0,0,0,0,0,0,0,0)';
      PINUSE='UNSPEC';
      NO_LOAD_CHECK='Both';
      NO_IO_CHECK='Both';
      NO_ASSERT_CHECK='TRUE';
      NO_DIR_CHECK='TRUE';
      ALLOW_CONNECT='TRUE';
    'IO_L20N_T3_34':
      PIN_NUMBER='(0,0,0,0,0,0,0,AE1,0,0,0,0,0,0,0,0,0,0,0,0,0,0,0,0,0,0)';
      PINUSE='UNSPEC';
      NO_LOAD_CHECK='Both';
      NO_IO_CHECK='Both';
      NO_ASSERT_CHECK='TRUE';
      NO_DIR_CHECK='TRUE';
      ALLOW_CONNECT='TRUE';
    'IO_L21P_T3_DQS_34':
      PIN_NUMBER='(0,0,0,0,0,0,0,AF5,0,0,0,0,0,0,0,0,0,0,0,0,0,0,0,0,0,0)';
      PINUSE='UNSPEC';
      NO_LOAD_CHECK='Both';
      NO_IO_CHECK='Both';
      NO_ASSERT_CHECK='TRUE';
      NO_DIR_CHECK='TRUE';
      ALLOW_CONNECT='TRUE';
    'IO_L21N_T3_DQS_34':
      PIN_NUMBER='(0,0,0,0,0,0,0,AF4,0,0,0,0,0,0,0,0,0,0,0,0,0,0,0,0,0,0)';
      PINUSE='UNSPEC';
      NO_LOAD_CHECK='Both';
      NO_IO_CHECK='Both';
      NO_ASSERT_CHECK='TRUE';
      NO_DIR_CHECK='TRUE';
      ALLOW_CONNECT='TRUE';
    'IO_L22P_T3_34':
      PIN_NUMBER='(0,0,0,0,0,0,0,AE3,0,0,0,0,0,0,0,0,0,0,0,0,0,0,0,0,0,0)';
      PINUSE='UNSPEC';
      NO_LOAD_CHECK='Both';
      NO_IO_CHECK='Both';
      NO_ASSERT_CHECK='TRUE';
      NO_DIR_CHECK='TRUE';
      ALLOW_CONNECT='TRUE';
    'IO_L22N_T3_34':
      PIN_NUMBER='(0,0,0,0,0,0,0,AE2,0,0,0,0,0,0,0,0,0,0,0,0,0,0,0,0,0,0)';
      PINUSE='UNSPEC';
      NO_LOAD_CHECK='Both';
      NO_IO_CHECK='Both';
      NO_ASSERT_CHECK='TRUE';
      NO_DIR_CHECK='TRUE';
      ALLOW_CONNECT='TRUE';
    'IO_L23P_T3_34':
      PIN_NUMBER='(0,0,0,0,0,0,0,AE6,0,0,0,0,0,0,0,0,0,0,0,0,0,0,0,0,0,0)';
      PINUSE='UNSPEC';
      NO_LOAD_CHECK='Both';
      NO_IO_CHECK='Both';
      NO_ASSERT_CHECK='TRUE';
      NO_DIR_CHECK='TRUE';
      ALLOW_CONNECT='TRUE';
    'IO_L23N_T3_34':
      PIN_NUMBER='(0,0,0,0,0,0,0,AE5,0,0,0,0,0,0,0,0,0,0,0,0,0,0,0,0,0,0)';
      PINUSE='UNSPEC';
      NO_LOAD_CHECK='Both';
      NO_IO_CHECK='Both';
      NO_ASSERT_CHECK='TRUE';
      NO_DIR_CHECK='TRUE';
      ALLOW_CONNECT='TRUE';
    'IO_L24P_T3_34':
      PIN_NUMBER='(0,0,0,0,0,0,0,AF3,0,0,0,0,0,0,0,0,0,0,0,0,0,0,0,0,0,0)';
      PINUSE='UNSPEC';
      NO_LOAD_CHECK='Both';
      NO_IO_CHECK='Both';
      NO_ASSERT_CHECK='TRUE';
      NO_DIR_CHECK='TRUE';
      ALLOW_CONNECT='TRUE';
    'IO_L24N_T3_34':
      PIN_NUMBER='(0,0,0,0,0,0,0,AF2,0,0,0,0,0,0,0,0,0,0,0,0,0,0,0,0,0,0)';
      PINUSE='UNSPEC';
      NO_LOAD_CHECK='Both';
      NO_IO_CHECK='Both';
      NO_ASSERT_CHECK='TRUE';
      NO_DIR_CHECK='TRUE';
      ALLOW_CONNECT='TRUE';
    'IO_25_VRP_34':
      PIN_NUMBER='(0,0,0,0,0,0,0,T7,0,0,0,0,0,0,0,0,0,0,0,0,0,0,0,0,0,0)';
      PINUSE='UNSPEC';
      NO_LOAD_CHECK='Both';
      NO_IO_CHECK='Both';
      NO_ASSERT_CHECK='TRUE';
      NO_DIR_CHECK='TRUE';
      ALLOW_CONNECT='TRUE';
    'MGTXTXP3_115':
      PIN_NUMBER='(0,0,0,0,0,0,0,0,H2,0,0,0,0,0,0,0,0,0,0,0,0,0,0,0,0,0)';
      PINUSE='UNSPEC';
      NO_LOAD_CHECK='Both';
      NO_IO_CHECK='Both';
      NO_ASSERT_CHECK='TRUE';
      NO_DIR_CHECK='TRUE';
      ALLOW_CONNECT='TRUE';
    'MGTXRXP3_115':
      PIN_NUMBER='(0,0,0,0,0,0,0,0,J4,0,0,0,0,0,0,0,0,0,0,0,0,0,0,0,0,0)';
      PINUSE='UNSPEC';
      NO_LOAD_CHECK='Both';
      NO_IO_CHECK='Both';
      NO_ASSERT_CHECK='TRUE';
      NO_DIR_CHECK='TRUE';
      ALLOW_CONNECT='TRUE';
    'MGTXTXN3_115':
      PIN_NUMBER='(0,0,0,0,0,0,0,0,H1,0,0,0,0,0,0,0,0,0,0,0,0,0,0,0,0,0)';
      PINUSE='UNSPEC';
      NO_LOAD_CHECK='Both';
      NO_IO_CHECK='Both';
      NO_ASSERT_CHECK='TRUE';
      NO_DIR_CHECK='TRUE';
      ALLOW_CONNECT='TRUE';
    'MGTXRXN3_115':
      PIN_NUMBER='(0,0,0,0,0,0,0,0,J3,0,0,0,0,0,0,0,0,0,0,0,0,0,0,0,0,0)';
      PINUSE='UNSPEC';
      NO_LOAD_CHECK='Both';
      NO_IO_CHECK='Both';
      NO_ASSERT_CHECK='TRUE';
      NO_DIR_CHECK='TRUE';
      ALLOW_CONNECT='TRUE';
    'MGTXTXP2_115':
      PIN_NUMBER='(0,0,0,0,0,0,0,0,K2,0,0,0,0,0,0,0,0,0,0,0,0,0,0,0,0,0)';
      PINUSE='UNSPEC';
      NO_LOAD_CHECK='Both';
      NO_IO_CHECK='Both';
      NO_ASSERT_CHECK='TRUE';
      NO_DIR_CHECK='TRUE';
      ALLOW_CONNECT='TRUE';
    'MGTXRXP2_115':
      PIN_NUMBER='(0,0,0,0,0,0,0,0,L4,0,0,0,0,0,0,0,0,0,0,0,0,0,0,0,0,0)';
      PINUSE='UNSPEC';
      NO_LOAD_CHECK='Both';
      NO_IO_CHECK='Both';
      NO_ASSERT_CHECK='TRUE';
      NO_DIR_CHECK='TRUE';
      ALLOW_CONNECT='TRUE';
    'MGTXTXN2_115':
      PIN_NUMBER='(0,0,0,0,0,0,0,0,K1,0,0,0,0,0,0,0,0,0,0,0,0,0,0,0,0,0)';
      PINUSE='UNSPEC';
      NO_LOAD_CHECK='Both';
      NO_IO_CHECK='Both';
      NO_ASSERT_CHECK='TRUE';
      NO_DIR_CHECK='TRUE';
      ALLOW_CONNECT='TRUE';
    'MGTREFCLK0P_115':
      PIN_NUMBER='(0,0,0,0,0,0,0,0,H6,0,0,0,0,0,0,0,0,0,0,0,0,0,0,0,0,0)';
      PINUSE='UNSPEC';
      NO_LOAD_CHECK='Both';
      NO_IO_CHECK='Both';
      NO_ASSERT_CHECK='TRUE';
      NO_DIR_CHECK='TRUE';
      ALLOW_CONNECT='TRUE';
    'MGTXRXN2_115':
      PIN_NUMBER='(0,0,0,0,0,0,0,0,L3,0,0,0,0,0,0,0,0,0,0,0,0,0,0,0,0,0)';
      PINUSE='UNSPEC';
      NO_LOAD_CHECK='Both';
      NO_IO_CHECK='Both';
      NO_ASSERT_CHECK='TRUE';
      NO_DIR_CHECK='TRUE';
      ALLOW_CONNECT='TRUE';
    'MGTAVTTRCAL_115':
      PIN_NUMBER='(0,0,0,0,0,0,0,0,M5,0,0,0,0,0,0,0,0,0,0,0,0,0,0,0,0,0)';
      PINUSE='UNSPEC';
      NO_LOAD_CHECK='Both';
      NO_IO_CHECK='Both';
      NO_ASSERT_CHECK='TRUE';
      NO_DIR_CHECK='TRUE';
      ALLOW_CONNECT='TRUE';
    'MGTREFCLK0N_115':
      PIN_NUMBER='(0,0,0,0,0,0,0,0,H5,0,0,0,0,0,0,0,0,0,0,0,0,0,0,0,0,0)';
      PINUSE='UNSPEC';
      NO_LOAD_CHECK='Both';
      NO_IO_CHECK='Both';
      NO_ASSERT_CHECK='TRUE';
      NO_DIR_CHECK='TRUE';
      ALLOW_CONNECT='TRUE';
    'MGTRREF_115':
      PIN_NUMBER='(0,0,0,0,0,0,0,0,M6,0,0,0,0,0,0,0,0,0,0,0,0,0,0,0,0,0)';
      PINUSE='UNSPEC';
      NO_LOAD_CHECK='Both';
      NO_IO_CHECK='Both';
      NO_ASSERT_CHECK='TRUE';
      NO_DIR_CHECK='TRUE';
      ALLOW_CONNECT='TRUE';
    'MGTREFCLK1N_115':
      PIN_NUMBER='(0,0,0,0,0,0,0,0,K5,0,0,0,0,0,0,0,0,0,0,0,0,0,0,0,0,0)';
      PINUSE='UNSPEC';
      NO_LOAD_CHECK='Both';
      NO_IO_CHECK='Both';
      NO_ASSERT_CHECK='TRUE';
      NO_DIR_CHECK='TRUE';
      ALLOW_CONNECT='TRUE';
    'MGTREFCLK1P_115':
      PIN_NUMBER='(0,0,0,0,0,0,0,0,K6,0,0,0,0,0,0,0,0,0,0,0,0,0,0,0,0,0)';
      PINUSE='UNSPEC';
      NO_LOAD_CHECK='Both';
      NO_IO_CHECK='Both';
      NO_ASSERT_CHECK='TRUE';
      NO_DIR_CHECK='TRUE';
      ALLOW_CONNECT='TRUE';
    'MGTXTXP1_115':
      PIN_NUMBER='(0,0,0,0,0,0,0,0,M2,0,0,0,0,0,0,0,0,0,0,0,0,0,0,0,0,0)';
      PINUSE='UNSPEC';
      NO_LOAD_CHECK='Both';
      NO_IO_CHECK='Both';
      NO_ASSERT_CHECK='TRUE';
      NO_DIR_CHECK='TRUE';
      ALLOW_CONNECT='TRUE';
    'MGTXRXP1_115':
      PIN_NUMBER='(0,0,0,0,0,0,0,0,N4,0,0,0,0,0,0,0,0,0,0,0,0,0,0,0,0,0)';
      PINUSE='UNSPEC';
      NO_LOAD_CHECK='Both';
      NO_IO_CHECK='Both';
      NO_ASSERT_CHECK='TRUE';
      NO_DIR_CHECK='TRUE';
      ALLOW_CONNECT='TRUE';
    'MGTXTXN1_115':
      PIN_NUMBER='(0,0,0,0,0,0,0,0,M1,0,0,0,0,0,0,0,0,0,0,0,0,0,0,0,0,0)';
      PINUSE='UNSPEC';
      NO_LOAD_CHECK='Both';
      NO_IO_CHECK='Both';
      NO_ASSERT_CHECK='TRUE';
      NO_DIR_CHECK='TRUE';
      ALLOW_CONNECT='TRUE';
    'MGTXRXN1_115':
      PIN_NUMBER='(0,0,0,0,0,0,0,0,N3,0,0,0,0,0,0,0,0,0,0,0,0,0,0,0,0,0)';
      PINUSE='UNSPEC';
      NO_LOAD_CHECK='Both';
      NO_IO_CHECK='Both';
      NO_ASSERT_CHECK='TRUE';
      NO_DIR_CHECK='TRUE';
      ALLOW_CONNECT='TRUE';
    'MGTXTXP0_115':
      PIN_NUMBER='(0,0,0,0,0,0,0,0,P2,0,0,0,0,0,0,0,0,0,0,0,0,0,0,0,0,0)';
      PINUSE='UNSPEC';
      NO_LOAD_CHECK='Both';
      NO_IO_CHECK='Both';
      NO_ASSERT_CHECK='TRUE';
      NO_DIR_CHECK='TRUE';
      ALLOW_CONNECT='TRUE';
    'MGTXRXP0_115':
      PIN_NUMBER='(0,0,0,0,0,0,0,0,R4,0,0,0,0,0,0,0,0,0,0,0,0,0,0,0,0,0)';
      PINUSE='UNSPEC';
      NO_LOAD_CHECK='Both';
      NO_IO_CHECK='Both';
      NO_ASSERT_CHECK='TRUE';
      NO_DIR_CHECK='TRUE';
      ALLOW_CONNECT='TRUE';
    'MGTXTXN0_115':
      PIN_NUMBER='(0,0,0,0,0,0,0,0,P1,0,0,0,0,0,0,0,0,0,0,0,0,0,0,0,0,0)';
      PINUSE='UNSPEC';
      NO_LOAD_CHECK='Both';
      NO_IO_CHECK='Both';
      NO_ASSERT_CHECK='TRUE';
      NO_DIR_CHECK='TRUE';
      ALLOW_CONNECT='TRUE';
    'MGTXRXN0_115':
      PIN_NUMBER='(0,0,0,0,0,0,0,0,R3,0,0,0,0,0,0,0,0,0,0,0,0,0,0,0,0,0)';
      PINUSE='UNSPEC';
      NO_LOAD_CHECK='Both';
      NO_IO_CHECK='Both';
      NO_ASSERT_CHECK='TRUE';
      NO_DIR_CHECK='TRUE';
      ALLOW_CONNECT='TRUE';
    'MGTXTXP3_116':
      PIN_NUMBER='(0,0,0,0,0,0,0,0,0,A4,0,0,0,0,0,0,0,0,0,0,0,0,0,0,0,0)';
      PINUSE='UNSPEC';
      NO_LOAD_CHECK='Both';
      NO_IO_CHECK='Both';
      NO_ASSERT_CHECK='TRUE';
      NO_DIR_CHECK='TRUE';
      ALLOW_CONNECT='TRUE';
    'MGTXRXP3_116':
      PIN_NUMBER='(0,0,0,0,0,0,0,0,0,B6,0,0,0,0,0,0,0,0,0,0,0,0,0,0,0,0)';
      PINUSE='UNSPEC';
      NO_LOAD_CHECK='Both';
      NO_IO_CHECK='Both';
      NO_ASSERT_CHECK='TRUE';
      NO_DIR_CHECK='TRUE';
      ALLOW_CONNECT='TRUE';
    'MGTXTXN3_116':
      PIN_NUMBER='(0,0,0,0,0,0,0,0,0,A3,0,0,0,0,0,0,0,0,0,0,0,0,0,0,0,0)';
      PINUSE='UNSPEC';
      NO_LOAD_CHECK='Both';
      NO_IO_CHECK='Both';
      NO_ASSERT_CHECK='TRUE';
      NO_DIR_CHECK='TRUE';
      ALLOW_CONNECT='TRUE';
    'MGTXRXN3_116':
      PIN_NUMBER='(0,0,0,0,0,0,0,0,0,B5,0,0,0,0,0,0,0,0,0,0,0,0,0,0,0,0)';
      PINUSE='UNSPEC';
      NO_LOAD_CHECK='Both';
      NO_IO_CHECK='Both';
      NO_ASSERT_CHECK='TRUE';
      NO_DIR_CHECK='TRUE';
      ALLOW_CONNECT='TRUE';
    'MGTXTXP2_116':
      PIN_NUMBER='(0,0,0,0,0,0,0,0,0,B2,0,0,0,0,0,0,0,0,0,0,0,0,0,0,0,0)';
      PINUSE='UNSPEC';
      NO_LOAD_CHECK='Both';
      NO_IO_CHECK='Both';
      NO_ASSERT_CHECK='TRUE';
      NO_DIR_CHECK='TRUE';
      ALLOW_CONNECT='TRUE';
    'MGTXRXP2_116':
      PIN_NUMBER='(0,0,0,0,0,0,0,0,0,C4,0,0,0,0,0,0,0,0,0,0,0,0,0,0,0,0)';
      PINUSE='UNSPEC';
      NO_LOAD_CHECK='Both';
      NO_IO_CHECK='Both';
      NO_ASSERT_CHECK='TRUE';
      NO_DIR_CHECK='TRUE';
      ALLOW_CONNECT='TRUE';
    'MGTXTXN2_116':
      PIN_NUMBER='(0,0,0,0,0,0,0,0,0,B1,0,0,0,0,0,0,0,0,0,0,0,0,0,0,0,0)';
      PINUSE='UNSPEC';
      NO_LOAD_CHECK='Both';
      NO_IO_CHECK='Both';
      NO_ASSERT_CHECK='TRUE';
      NO_DIR_CHECK='TRUE';
      ALLOW_CONNECT='TRUE';
    'MGTREFCLK0P_116':
      PIN_NUMBER='(0,0,0,0,0,0,0,0,0,D6,0,0,0,0,0,0,0,0,0,0,0,0,0,0,0,0)';
      PINUSE='UNSPEC';
      NO_LOAD_CHECK='Both';
      NO_IO_CHECK='Both';
      NO_ASSERT_CHECK='TRUE';
      NO_DIR_CHECK='TRUE';
      ALLOW_CONNECT='TRUE';
    'MGTXRXN2_116':
      PIN_NUMBER='(0,0,0,0,0,0,0,0,0,C3,0,0,0,0,0,0,0,0,0,0,0,0,0,0,0,0)';
      PINUSE='UNSPEC';
      NO_LOAD_CHECK='Both';
      NO_IO_CHECK='Both';
      NO_ASSERT_CHECK='TRUE';
      NO_DIR_CHECK='TRUE';
      ALLOW_CONNECT='TRUE';
    'MGTREFCLK0N_116':
      PIN_NUMBER='(0,0,0,0,0,0,0,0,0,D5,0,0,0,0,0,0,0,0,0,0,0,0,0,0,0,0)';
      PINUSE='UNSPEC';
      NO_LOAD_CHECK='Both';
      NO_IO_CHECK='Both';
      NO_ASSERT_CHECK='TRUE';
      NO_DIR_CHECK='TRUE';
      ALLOW_CONNECT='TRUE';
    'MGTREFCLK1N_116':
      PIN_NUMBER='(0,0,0,0,0,0,0,0,0,F5,0,0,0,0,0,0,0,0,0,0,0,0,0,0,0,0)';
      PINUSE='UNSPEC';
      NO_LOAD_CHECK='Both';
      NO_IO_CHECK='Both';
      NO_ASSERT_CHECK='TRUE';
      NO_DIR_CHECK='TRUE';
      ALLOW_CONNECT='TRUE';
    'MGTREFCLK1P_116':
      PIN_NUMBER='(0,0,0,0,0,0,0,0,0,F6,0,0,0,0,0,0,0,0,0,0,0,0,0,0,0,0)';
      PINUSE='UNSPEC';
      NO_LOAD_CHECK='Both';
      NO_IO_CHECK='Both';
      NO_ASSERT_CHECK='TRUE';
      NO_DIR_CHECK='TRUE';
      ALLOW_CONNECT='TRUE';
    'MGTXTXP1_116':
      PIN_NUMBER='(0,0,0,0,0,0,0,0,0,D2,0,0,0,0,0,0,0,0,0,0,0,0,0,0,0,0)';
      PINUSE='UNSPEC';
      NO_LOAD_CHECK='Both';
      NO_IO_CHECK='Both';
      NO_ASSERT_CHECK='TRUE';
      NO_DIR_CHECK='TRUE';
      ALLOW_CONNECT='TRUE';
    'MGTXRXP1_116':
      PIN_NUMBER='(0,0,0,0,0,0,0,0,0,E4,0,0,0,0,0,0,0,0,0,0,0,0,0,0,0,0)';
      PINUSE='UNSPEC';
      NO_LOAD_CHECK='Both';
      NO_IO_CHECK='Both';
      NO_ASSERT_CHECK='TRUE';
      NO_DIR_CHECK='TRUE';
      ALLOW_CONNECT='TRUE';
    'MGTXTXN1_116':
      PIN_NUMBER='(0,0,0,0,0,0,0,0,0,D1,0,0,0,0,0,0,0,0,0,0,0,0,0,0,0,0)';
      PINUSE='UNSPEC';
      NO_LOAD_CHECK='Both';
      NO_IO_CHECK='Both';
      NO_ASSERT_CHECK='TRUE';
      NO_DIR_CHECK='TRUE';
      ALLOW_CONNECT='TRUE';
    'MGTXRXN1_116':
      PIN_NUMBER='(0,0,0,0,0,0,0,0,0,E3,0,0,0,0,0,0,0,0,0,0,0,0,0,0,0,0)';
      PINUSE='UNSPEC';
      NO_LOAD_CHECK='Both';
      NO_IO_CHECK='Both';
      NO_ASSERT_CHECK='TRUE';
      NO_DIR_CHECK='TRUE';
      ALLOW_CONNECT='TRUE';
    'MGTXTXP0_116':
      PIN_NUMBER='(0,0,0,0,0,0,0,0,0,F2,0,0,0,0,0,0,0,0,0,0,0,0,0,0,0,0)';
      PINUSE='UNSPEC';
      NO_LOAD_CHECK='Both';
      NO_IO_CHECK='Both';
      NO_ASSERT_CHECK='TRUE';
      NO_DIR_CHECK='TRUE';
      ALLOW_CONNECT='TRUE';
    'MGTXRXP0_116':
      PIN_NUMBER='(0,0,0,0,0,0,0,0,0,G4,0,0,0,0,0,0,0,0,0,0,0,0,0,0,0,0)';
      PINUSE='UNSPEC';
      NO_LOAD_CHECK='Both';
      NO_IO_CHECK='Both';
      NO_ASSERT_CHECK='TRUE';
      NO_DIR_CHECK='TRUE';
      ALLOW_CONNECT='TRUE';
    'MGTXTXN0_116':
      PIN_NUMBER='(0,0,0,0,0,0,0,0,0,F1,0,0,0,0,0,0,0,0,0,0,0,0,0,0,0,0)';
      PINUSE='UNSPEC';
      NO_LOAD_CHECK='Both';
      NO_IO_CHECK='Both';
      NO_ASSERT_CHECK='TRUE';
      NO_DIR_CHECK='TRUE';
      ALLOW_CONNECT='TRUE';
    'MGTXRXN0_116':
      PIN_NUMBER='(0,0,0,0,0,0,0,0,0,G3,0,0,0,0,0,0,0,0,0,0,0,0,0,0,0,0)';
      PINUSE='UNSPEC';
      NO_LOAD_CHECK='Both';
      NO_IO_CHECK='Both';
      NO_ASSERT_CHECK='TRUE';
      NO_DIR_CHECK='TRUE';
      ALLOW_CONNECT='TRUE';
    'VCCBRAM_N13':
      PIN_NUMBER='(0,0,0,0,0,0,0,0,0,0,N13,0,0,0,0,0,0,0,0,0,0,0,0,0,0,0)';
      PINUSE='UNSPEC';
      NO_LOAD_CHECK='Both';
      NO_IO_CHECK='Both';
      NO_ASSERT_CHECK='TRUE';
      NO_DIR_CHECK='TRUE';
      ALLOW_CONNECT='TRUE';
    'VCCBRAM_R13':
      PIN_NUMBER='(0,0,0,0,0,0,0,0,0,0,R13,0,0,0,0,0,0,0,0,0,0,0,0,0,0,0)';
      PINUSE='UNSPEC';
      NO_LOAD_CHECK='Both';
      NO_IO_CHECK='Both';
      NO_ASSERT_CHECK='TRUE';
      NO_DIR_CHECK='TRUE';
      ALLOW_CONNECT='TRUE';
    'VCCBRAM_T12':
      PIN_NUMBER='(0,0,0,0,0,0,0,0,0,0,T12,0,0,0,0,0,0,0,0,0,0,0,0,0,0,0)';
      PINUSE='UNSPEC';
      NO_LOAD_CHECK='Both';
      NO_IO_CHECK='Both';
      NO_ASSERT_CHECK='TRUE';
      NO_DIR_CHECK='TRUE';
      ALLOW_CONNECT='TRUE';
    'VCCBRAM_U13':
      PIN_NUMBER='(0,0,0,0,0,0,0,0,0,0,U13,0,0,0,0,0,0,0,0,0,0,0,0,0,0,0)';
      PINUSE='UNSPEC';
      NO_LOAD_CHECK='Both';
      NO_IO_CHECK='Both';
      NO_ASSERT_CHECK='TRUE';
      NO_DIR_CHECK='TRUE';
      ALLOW_CONNECT='TRUE';
    'MGTAVCC_C6':
      PIN_NUMBER='(0,0,0,0,0,0,0,0,0,0,0,C6,0,0,0,0,0,0,0,0,0,0,0,0,0,0)';
      PINUSE='UNSPEC';
      NO_LOAD_CHECK='Both';
      NO_IO_CHECK='Both';
      NO_ASSERT_CHECK='TRUE';
      NO_DIR_CHECK='TRUE';
      ALLOW_CONNECT='TRUE';
    'MGTAVCC_E6':
      PIN_NUMBER='(0,0,0,0,0,0,0,0,0,0,0,E6,0,0,0,0,0,0,0,0,0,0,0,0,0,0)';
      PINUSE='UNSPEC';
      NO_LOAD_CHECK='Both';
      NO_IO_CHECK='Both';
      NO_ASSERT_CHECK='TRUE';
      NO_DIR_CHECK='TRUE';
      ALLOW_CONNECT='TRUE';
    'MGTAVCC_G6':
      PIN_NUMBER='(0,0,0,0,0,0,0,0,0,0,0,G6,0,0,0,0,0,0,0,0,0,0,0,0,0,0)';
      PINUSE='UNSPEC';
      NO_LOAD_CHECK='Both';
      NO_IO_CHECK='Both';
      NO_ASSERT_CHECK='TRUE';
      NO_DIR_CHECK='TRUE';
      ALLOW_CONNECT='TRUE';
    'MGTAVCC_J6':
      PIN_NUMBER='(0,0,0,0,0,0,0,0,0,0,0,J6,0,0,0,0,0,0,0,0,0,0,0,0,0,0)';
      PINUSE='UNSPEC';
      NO_LOAD_CHECK='Both';
      NO_IO_CHECK='Both';
      NO_ASSERT_CHECK='TRUE';
      NO_DIR_CHECK='TRUE';
      ALLOW_CONNECT='TRUE';
    'MGTAVCC_L6':
      PIN_NUMBER='(0,0,0,0,0,0,0,0,0,0,0,L6,0,0,0,0,0,0,0,0,0,0,0,0,0,0)';
      PINUSE='UNSPEC';
      NO_LOAD_CHECK='Both';
      NO_IO_CHECK='Both';
      NO_ASSERT_CHECK='TRUE';
      NO_DIR_CHECK='TRUE';
      ALLOW_CONNECT='TRUE';
    'MGTAVTT_B3':
      PIN_NUMBER='(0,0,0,0,0,0,0,0,0,0,0,B3,0,0,0,0,0,0,0,0,0,0,0,0,0,0)';
      PINUSE='UNSPEC';
      NO_LOAD_CHECK='Both';
      NO_IO_CHECK='Both';
      NO_ASSERT_CHECK='TRUE';
      NO_DIR_CHECK='TRUE';
      ALLOW_CONNECT='TRUE';
    'MGTAVTT_C2':
      PIN_NUMBER='(0,0,0,0,0,0,0,0,0,0,0,C2,0,0,0,0,0,0,0,0,0,0,0,0,0,0)';
      PINUSE='UNSPEC';
      NO_LOAD_CHECK='Both';
      NO_IO_CHECK='Both';
      NO_ASSERT_CHECK='TRUE';
      NO_DIR_CHECK='TRUE';
      ALLOW_CONNECT='TRUE';
    'MGTAVTT_D3':
      PIN_NUMBER='(0,0,0,0,0,0,0,0,0,0,0,D3,0,0,0,0,0,0,0,0,0,0,0,0,0,0)';
      PINUSE='UNSPEC';
      NO_LOAD_CHECK='Both';
      NO_IO_CHECK='Both';
      NO_ASSERT_CHECK='TRUE';
      NO_DIR_CHECK='TRUE';
      ALLOW_CONNECT='TRUE';
    'MGTAVTT_G2':
      PIN_NUMBER='(0,0,0,0,0,0,0,0,0,0,0,G2,0,0,0,0,0,0,0,0,0,0,0,0,0,0)';
      PINUSE='UNSPEC';
      NO_LOAD_CHECK='Both';
      NO_IO_CHECK='Both';
      NO_ASSERT_CHECK='TRUE';
      NO_DIR_CHECK='TRUE';
      ALLOW_CONNECT='TRUE';
    'MGTAVTT_H3':
      PIN_NUMBER='(0,0,0,0,0,0,0,0,0,0,0,H3,0,0,0,0,0,0,0,0,0,0,0,0,0,0)';
      PINUSE='UNSPEC';
      NO_LOAD_CHECK='Both';
      NO_IO_CHECK='Both';
      NO_ASSERT_CHECK='TRUE';
      NO_DIR_CHECK='TRUE';
      ALLOW_CONNECT='TRUE';
    'MGTAVTT_L2':
      PIN_NUMBER='(0,0,0,0,0,0,0,0,0,0,0,L2,0,0,0,0,0,0,0,0,0,0,0,0,0,0)';
      PINUSE='UNSPEC';
      NO_LOAD_CHECK='Both';
      NO_IO_CHECK='Both';
      NO_ASSERT_CHECK='TRUE';
      NO_DIR_CHECK='TRUE';
      ALLOW_CONNECT='TRUE';
    'MGTAVTT_M3':
      PIN_NUMBER='(0,0,0,0,0,0,0,0,0,0,0,M3,0,0,0,0,0,0,0,0,0,0,0,0,0,0)';
      PINUSE='UNSPEC';
      NO_LOAD_CHECK='Both';
      NO_IO_CHECK='Both';
      NO_ASSERT_CHECK='TRUE';
      NO_DIR_CHECK='TRUE';
      ALLOW_CONNECT='TRUE';
    'MGTVCCAUX':
      PIN_NUMBER='(0,0,0,0,0,0,0,0,0,0,0,N6,0,0,0,0,0,0,0,0,0,0,0,0,0,0)';
      PINUSE='UNSPEC';
      NO_LOAD_CHECK='Both';
      NO_IO_CHECK='Both';
      NO_ASSERT_CHECK='TRUE';
      NO_DIR_CHECK='TRUE';
      ALLOW_CONNECT='TRUE';
    'GND_A1':
      PIN_NUMBER='(0,0,0,0,0,0,0,0,0,0,0,0,0,A1,0,0,0,0,0,0,0,0,0,0,0,0)';
      PINUSE='POWER';
      NO_LOAD_CHECK='Both';
      NO_IO_CHECK='Both';
      NO_ASSERT_CHECK='TRUE';
      NO_DIR_CHECK='TRUE';
      ALLOW_CONNECT='TRUE';
    'GND_A2':
      PIN_NUMBER='(0,0,0,0,0,0,0,0,0,0,0,0,0,A2,0,0,0,0,0,0,0,0,0,0,0,0)';
      PINUSE='POWER';
      NO_LOAD_CHECK='Both';
      NO_IO_CHECK='Both';
      NO_ASSERT_CHECK='TRUE';
      NO_DIR_CHECK='TRUE';
      ALLOW_CONNECT='TRUE';
    'GND_A5':
      PIN_NUMBER='(0,0,0,0,0,0,0,0,0,0,0,0,0,A5,0,0,0,0,0,0,0,0,0,0,0,0)';
      PINUSE='POWER';
      NO_LOAD_CHECK='Both';
      NO_IO_CHECK='Both';
      NO_ASSERT_CHECK='TRUE';
      NO_DIR_CHECK='TRUE';
      ALLOW_CONNECT='TRUE';
    'GND_A6':
      PIN_NUMBER='(0,0,0,0,0,0,0,0,0,0,0,0,0,A6,0,0,0,0,0,0,0,0,0,0,0,0)';
      PINUSE='POWER';
      NO_LOAD_CHECK='Both';
      NO_IO_CHECK='Both';
      NO_ASSERT_CHECK='TRUE';
      NO_DIR_CHECK='TRUE';
      ALLOW_CONNECT='TRUE';
    'GND_A7':
      PIN_NUMBER='(0,0,0,0,0,0,0,0,0,0,0,0,0,A7,0,0,0,0,0,0,0,0,0,0,0,0)';
      PINUSE='POWER';
      NO_LOAD_CHECK='Both';
      NO_IO_CHECK='Both';
      NO_ASSERT_CHECK='TRUE';
      NO_DIR_CHECK='TRUE';
      ALLOW_CONNECT='TRUE';
    'GND_A16':
      PIN_NUMBER='(0,0,0,0,0,0,0,0,0,0,0,0,0,A16,0,0,0,0,0,0,0,0,0,0,0,0)';
      PINUSE='POWER';
      NO_LOAD_CHECK='Both';
      NO_IO_CHECK='Both';
      NO_ASSERT_CHECK='TRUE';
      NO_DIR_CHECK='TRUE';
      ALLOW_CONNECT='TRUE';
    'GND_A26':
      PIN_NUMBER='(0,0,0,0,0,0,0,0,0,0,0,0,0,A26,0,0,0,0,0,0,0,0,0,0,0,0)';
      PINUSE='POWER';
      NO_LOAD_CHECK='Both';
      NO_IO_CHECK='Both';
      NO_ASSERT_CHECK='TRUE';
      NO_DIR_CHECK='TRUE';
      ALLOW_CONNECT='TRUE';
    'GND_AA6':
      PIN_NUMBER='(0,0,0,0,0,0,0,0,0,0,0,0,0,AA6,0,0,0,0,0,0,0,0,0,0,0,0)';
      PINUSE='POWER';
      NO_LOAD_CHECK='Both';
      NO_IO_CHECK='Both';
      NO_ASSERT_CHECK='TRUE';
      NO_DIR_CHECK='TRUE';
      ALLOW_CONNECT='TRUE';
    'GND_AA16':
      PIN_NUMBER='(0,0,0,0,0,0,0,0,0,0,0,0,0,AA16,0,0,0,0,0,0,0,0,0,0,0,0)';
      PINUSE='POWER';
      NO_LOAD_CHECK='Both';
      NO_IO_CHECK='Both';
      NO_ASSERT_CHECK='TRUE';
      NO_DIR_CHECK='TRUE';
      ALLOW_CONNECT='TRUE';
    'GND_AA26':
      PIN_NUMBER='(0,0,0,0,0,0,0,0,0,0,0,0,0,AA26,0,0,0,0,0,0,0,0,0,0,0,0)';
      PINUSE='POWER';
      NO_LOAD_CHECK='Both';
      NO_IO_CHECK='Both';
      NO_ASSERT_CHECK='TRUE';
      NO_DIR_CHECK='TRUE';
      ALLOW_CONNECT='TRUE';
    'GND_AB3':
      PIN_NUMBER='(0,0,0,0,0,0,0,0,0,0,0,0,0,AB3,0,0,0,0,0,0,0,0,0,0,0,0)';
      PINUSE='POWER';
      NO_LOAD_CHECK='Both';
      NO_IO_CHECK='Both';
      NO_ASSERT_CHECK='TRUE';
      NO_DIR_CHECK='TRUE';
      ALLOW_CONNECT='TRUE';
    'GND_AB13':
      PIN_NUMBER='(0,0,0,0,0,0,0,0,0,0,0,0,0,AB13,0,0,0,0,0,0,0,0,0,0,0,0)';
      PINUSE='POWER';
      NO_LOAD_CHECK='Both';
      NO_IO_CHECK='Both';
      NO_ASSERT_CHECK='TRUE';
      NO_DIR_CHECK='TRUE';
      ALLOW_CONNECT='TRUE';
    'GND_AB23':
      PIN_NUMBER='(0,0,0,0,0,0,0,0,0,0,0,0,0,AB23,0,0,0,0,0,0,0,0,0,0,0,0)';
      PINUSE='POWER';
      NO_LOAD_CHECK='Both';
      NO_IO_CHECK='Both';
      NO_ASSERT_CHECK='TRUE';
      NO_DIR_CHECK='TRUE';
      ALLOW_CONNECT='TRUE';
    'GND_AC10':
      PIN_NUMBER='(0,0,0,0,0,0,0,0,0,0,0,0,0,AC10,0,0,0,0,0,0,0,0,0,0,0,0)';
      PINUSE='POWER';
      NO_LOAD_CHECK='Both';
      NO_IO_CHECK='Both';
      NO_ASSERT_CHECK='TRUE';
      NO_DIR_CHECK='TRUE';
      ALLOW_CONNECT='TRUE';
    'GND_AC20':
      PIN_NUMBER='(0,0,0,0,0,0,0,0,0,0,0,0,0,AC20,0,0,0,0,0,0,0,0,0,0,0,0)';
      PINUSE='POWER';
      NO_LOAD_CHECK='Both';
      NO_IO_CHECK='Both';
      NO_ASSERT_CHECK='TRUE';
      NO_DIR_CHECK='TRUE';
      ALLOW_CONNECT='TRUE';
    'GND_AD7':
      PIN_NUMBER='(0,0,0,0,0,0,0,0,0,0,0,0,0,AD7,0,0,0,0,0,0,0,0,0,0,0,0)';
      PINUSE='POWER';
      NO_LOAD_CHECK='Both';
      NO_IO_CHECK='Both';
      NO_ASSERT_CHECK='TRUE';
      NO_DIR_CHECK='TRUE';
      ALLOW_CONNECT='TRUE';
    'GND_AD17':
      PIN_NUMBER='(0,0,0,0,0,0,0,0,0,0,0,0,0,AD17,0,0,0,0,0,0,0,0,0,0,0,0)';
      PINUSE='POWER';
      NO_LOAD_CHECK='Both';
      NO_IO_CHECK='Both';
      NO_ASSERT_CHECK='TRUE';
      NO_DIR_CHECK='TRUE';
      ALLOW_CONNECT='TRUE';
    'GND_AE4':
      PIN_NUMBER='(0,0,0,0,0,0,0,0,0,0,0,0,0,AE4,0,0,0,0,0,0,0,0,0,0,0,0)';
      PINUSE='POWER';
      NO_LOAD_CHECK='Both';
      NO_IO_CHECK='Both';
      NO_ASSERT_CHECK='TRUE';
      NO_DIR_CHECK='TRUE';
      ALLOW_CONNECT='TRUE';
    'GND_AE14':
      PIN_NUMBER='(0,0,0,0,0,0,0,0,0,0,0,0,0,AE14,0,0,0,0,0,0,0,0,0,0,0,0)';
      PINUSE='POWER';
      NO_LOAD_CHECK='Both';
      NO_IO_CHECK='Both';
      NO_ASSERT_CHECK='TRUE';
      NO_DIR_CHECK='TRUE';
      ALLOW_CONNECT='TRUE';
    'GND_AE24':
      PIN_NUMBER='(0,0,0,0,0,0,0,0,0,0,0,0,0,AE24,0,0,0,0,0,0,0,0,0,0,0,0)';
      PINUSE='POWER';
      NO_LOAD_CHECK='Both';
      NO_IO_CHECK='Both';
      NO_ASSERT_CHECK='TRUE';
      NO_DIR_CHECK='TRUE';
      ALLOW_CONNECT='TRUE';
    'GND_AF1':
      PIN_NUMBER='(0,0,0,0,0,0,0,0,0,0,0,0,0,AF1,0,0,0,0,0,0,0,0,0,0,0,0)';
      PINUSE='POWER';
      NO_LOAD_CHECK='Both';
      NO_IO_CHECK='Both';
      NO_ASSERT_CHECK='TRUE';
      NO_DIR_CHECK='TRUE';
      ALLOW_CONNECT='TRUE';
    'GND_AF11':
      PIN_NUMBER='(0,0,0,0,0,0,0,0,0,0,0,0,0,AF11,0,0,0,0,0,0,0,0,0,0,0,0)';
      PINUSE='POWER';
      NO_LOAD_CHECK='Both';
      NO_IO_CHECK='Both';
      NO_ASSERT_CHECK='TRUE';
      NO_DIR_CHECK='TRUE';
      ALLOW_CONNECT='TRUE';
    'GND_AF21':
      PIN_NUMBER='(0,0,0,0,0,0,0,0,0,0,0,0,0,AF21,0,0,0,0,0,0,0,0,0,0,0,0)';
      PINUSE='POWER';
      NO_LOAD_CHECK='Both';
      NO_IO_CHECK='Both';
      NO_ASSERT_CHECK='TRUE';
      NO_DIR_CHECK='TRUE';
      ALLOW_CONNECT='TRUE';
    'GND_B4':
      PIN_NUMBER='(0,0,0,0,0,0,0,0,0,0,0,0,0,B4,0,0,0,0,0,0,0,0,0,0,0,0)';
      PINUSE='POWER';
      NO_LOAD_CHECK='Both';
      NO_IO_CHECK='Both';
      NO_ASSERT_CHECK='TRUE';
      NO_DIR_CHECK='TRUE';
      ALLOW_CONNECT='TRUE';
    'GND_B7':
      PIN_NUMBER='(0,0,0,0,0,0,0,0,0,0,0,0,0,B7,0,0,0,0,0,0,0,0,0,0,0,0)';
      PINUSE='POWER';
      NO_LOAD_CHECK='Both';
      NO_IO_CHECK='Both';
      NO_ASSERT_CHECK='TRUE';
      NO_DIR_CHECK='TRUE';
      ALLOW_CONNECT='TRUE';
    'GND_B13':
      PIN_NUMBER='(0,0,0,0,0,0,0,0,0,0,0,0,0,B13,0,0,0,0,0,0,0,0,0,0,0,0)';
      PINUSE='POWER';
      NO_LOAD_CHECK='Both';
      NO_IO_CHECK='Both';
      NO_ASSERT_CHECK='TRUE';
      NO_DIR_CHECK='TRUE';
      ALLOW_CONNECT='TRUE';
    'GND_B23':
      PIN_NUMBER='(0,0,0,0,0,0,0,0,0,0,0,0,0,B23,0,0,0,0,0,0,0,0,0,0,0,0)';
      PINUSE='POWER';
      NO_LOAD_CHECK='Both';
      NO_IO_CHECK='Both';
      NO_ASSERT_CHECK='TRUE';
      NO_DIR_CHECK='TRUE';
      ALLOW_CONNECT='TRUE';
    'GND_C1':
      PIN_NUMBER='(0,0,0,0,0,0,0,0,0,0,0,0,0,C1,0,0,0,0,0,0,0,0,0,0,0,0)';
      PINUSE='POWER';
      NO_LOAD_CHECK='Both';
      NO_IO_CHECK='Both';
      NO_ASSERT_CHECK='TRUE';
      NO_DIR_CHECK='TRUE';
      ALLOW_CONNECT='TRUE';
    'GND_C5':
      PIN_NUMBER='(0,0,0,0,0,0,0,0,0,0,0,0,0,C5,0,0,0,0,0,0,0,0,0,0,0,0)';
      PINUSE='POWER';
      NO_LOAD_CHECK='Both';
      NO_IO_CHECK='Both';
      NO_ASSERT_CHECK='TRUE';
      NO_DIR_CHECK='TRUE';
      ALLOW_CONNECT='TRUE';
    'GND_C7':
      PIN_NUMBER='(0,0,0,0,0,0,0,0,0,0,0,0,0,C7,0,0,0,0,0,0,0,0,0,0,0,0)';
      PINUSE='POWER';
      NO_LOAD_CHECK='Both';
      NO_IO_CHECK='Both';
      NO_ASSERT_CHECK='TRUE';
      NO_DIR_CHECK='TRUE';
      ALLOW_CONNECT='TRUE';
    'GND_C10':
      PIN_NUMBER='(0,0,0,0,0,0,0,0,0,0,0,0,0,C10,0,0,0,0,0,0,0,0,0,0,0,0)';
      PINUSE='POWER';
      NO_LOAD_CHECK='Both';
      NO_IO_CHECK='Both';
      NO_ASSERT_CHECK='TRUE';
      NO_DIR_CHECK='TRUE';
      ALLOW_CONNECT='TRUE';
    'GND_C20':
      PIN_NUMBER='(0,0,0,0,0,0,0,0,0,0,0,0,0,C20,0,0,0,0,0,0,0,0,0,0,0,0)';
      PINUSE='POWER';
      NO_LOAD_CHECK='Both';
      NO_IO_CHECK='Both';
      NO_ASSERT_CHECK='TRUE';
      NO_DIR_CHECK='TRUE';
      ALLOW_CONNECT='TRUE';
    'GND_D4':
      PIN_NUMBER='(0,0,0,0,0,0,0,0,0,0,0,0,0,D4,0,0,0,0,0,0,0,0,0,0,0,0)';
      PINUSE='POWER';
      NO_LOAD_CHECK='Both';
      NO_IO_CHECK='Both';
      NO_ASSERT_CHECK='TRUE';
      NO_DIR_CHECK='TRUE';
      ALLOW_CONNECT='TRUE';
    'GND_D7':
      PIN_NUMBER='(0,0,0,0,0,0,0,0,0,0,0,0,0,D7,0,0,0,0,0,0,0,0,0,0,0,0)';
      PINUSE='POWER';
      NO_LOAD_CHECK='Both';
      NO_IO_CHECK='Both';
      NO_ASSERT_CHECK='TRUE';
      NO_DIR_CHECK='TRUE';
      ALLOW_CONNECT='TRUE';
    'GND_D17':
      PIN_NUMBER='(0,0,0,0,0,0,0,0,0,0,0,0,0,D17,0,0,0,0,0,0,0,0,0,0,0,0)';
      PINUSE='POWER';
      NO_LOAD_CHECK='Both';
      NO_IO_CHECK='Both';
      NO_ASSERT_CHECK='TRUE';
      NO_DIR_CHECK='TRUE';
      ALLOW_CONNECT='TRUE';
    'GND_E1':
      PIN_NUMBER='(0,0,0,0,0,0,0,0,0,0,0,0,0,E1,0,0,0,0,0,0,0,0,0,0,0,0)';
      PINUSE='POWER';
      NO_LOAD_CHECK='Both';
      NO_IO_CHECK='Both';
      NO_ASSERT_CHECK='TRUE';
      NO_DIR_CHECK='TRUE';
      ALLOW_CONNECT='TRUE';
    'GND_E2':
      PIN_NUMBER='(0,0,0,0,0,0,0,0,0,0,0,0,0,E2,0,0,0,0,0,0,0,0,0,0,0,0)';
      PINUSE='POWER';
      NO_LOAD_CHECK='Both';
      NO_IO_CHECK='Both';
      NO_ASSERT_CHECK='TRUE';
      NO_DIR_CHECK='TRUE';
      ALLOW_CONNECT='TRUE';
    'GND_E5':
      PIN_NUMBER='(0,0,0,0,0,0,0,0,0,0,0,0,0,E5,0,0,0,0,0,0,0,0,0,0,0,0)';
      PINUSE='POWER';
      NO_LOAD_CHECK='Both';
      NO_IO_CHECK='Both';
      NO_ASSERT_CHECK='TRUE';
      NO_DIR_CHECK='TRUE';
      ALLOW_CONNECT='TRUE';
    'GND_E7':
      PIN_NUMBER='(0,0,0,0,0,0,0,0,0,0,0,0,0,E7,0,0,0,0,0,0,0,0,0,0,0,0)';
      PINUSE='POWER';
      NO_LOAD_CHECK='Both';
      NO_IO_CHECK='Both';
      NO_ASSERT_CHECK='TRUE';
      NO_DIR_CHECK='TRUE';
      ALLOW_CONNECT='TRUE';
    'GND_E14':
      PIN_NUMBER='(0,0,0,0,0,0,0,0,0,0,0,0,0,E14,0,0,0,0,0,0,0,0,0,0,0,0)';
      PINUSE='POWER';
      NO_LOAD_CHECK='Both';
      NO_IO_CHECK='Both';
      NO_ASSERT_CHECK='TRUE';
      NO_DIR_CHECK='TRUE';
      ALLOW_CONNECT='TRUE';
    'GND_E24':
      PIN_NUMBER='(0,0,0,0,0,0,0,0,0,0,0,0,0,E24,0,0,0,0,0,0,0,0,0,0,0,0)';
      PINUSE='POWER';
      NO_LOAD_CHECK='Both';
      NO_IO_CHECK='Both';
      NO_ASSERT_CHECK='TRUE';
      NO_DIR_CHECK='TRUE';
      ALLOW_CONNECT='TRUE';
    'GND_F3':
      PIN_NUMBER='(0,0,0,0,0,0,0,0,0,0,0,0,0,F3,0,0,0,0,0,0,0,0,0,0,0,0)';
      PINUSE='POWER';
      NO_LOAD_CHECK='Both';
      NO_IO_CHECK='Both';
      NO_ASSERT_CHECK='TRUE';
      NO_DIR_CHECK='TRUE';
      ALLOW_CONNECT='TRUE';
    'GND_F4':
      PIN_NUMBER='(0,0,0,0,0,0,0,0,0,0,0,0,0,F4,0,0,0,0,0,0,0,0,0,0,0,0)';
      PINUSE='POWER';
      NO_LOAD_CHECK='Both';
      NO_IO_CHECK='Both';
      NO_ASSERT_CHECK='TRUE';
      NO_DIR_CHECK='TRUE';
      ALLOW_CONNECT='TRUE';
    'GND_F7':
      PIN_NUMBER='(0,0,0,0,0,0,0,0,0,0,0,0,0,F7,0,0,0,0,0,0,0,0,0,0,0,0)';
      PINUSE='POWER';
      NO_LOAD_CHECK='Both';
      NO_IO_CHECK='Both';
      NO_ASSERT_CHECK='TRUE';
      NO_DIR_CHECK='TRUE';
      ALLOW_CONNECT='TRUE';
    'GND_F11':
      PIN_NUMBER='(0,0,0,0,0,0,0,0,0,0,0,0,0,F11,0,0,0,0,0,0,0,0,0,0,0,0)';
      PINUSE='POWER';
      NO_LOAD_CHECK='Both';
      NO_IO_CHECK='Both';
      NO_ASSERT_CHECK='TRUE';
      NO_DIR_CHECK='TRUE';
      ALLOW_CONNECT='TRUE';
    'GND_F21':
      PIN_NUMBER='(0,0,0,0,0,0,0,0,0,0,0,0,0,F21,0,0,0,0,0,0,0,0,0,0,0,0)';
      PINUSE='POWER';
      NO_LOAD_CHECK='Both';
      NO_IO_CHECK='Both';
      NO_ASSERT_CHECK='TRUE';
      NO_DIR_CHECK='TRUE';
      ALLOW_CONNECT='TRUE';
    'GND_G1':
      PIN_NUMBER='(0,0,0,0,0,0,0,0,0,0,0,0,0,G1,0,0,0,0,0,0,0,0,0,0,0,0)';
      PINUSE='POWER';
      NO_LOAD_CHECK='Both';
      NO_IO_CHECK='Both';
      NO_ASSERT_CHECK='TRUE';
      NO_DIR_CHECK='TRUE';
      ALLOW_CONNECT='TRUE';
    'GND_G5':
      PIN_NUMBER='(0,0,0,0,0,0,0,0,0,0,0,0,0,G5,0,0,0,0,0,0,0,0,0,0,0,0)';
      PINUSE='POWER';
      NO_LOAD_CHECK='Both';
      NO_IO_CHECK='Both';
      NO_ASSERT_CHECK='TRUE';
      NO_DIR_CHECK='TRUE';
      ALLOW_CONNECT='TRUE';
    'GND_G8':
      PIN_NUMBER='(0,0,0,0,0,0,0,0,0,0,0,0,0,G8,0,0,0,0,0,0,0,0,0,0,0,0)';
      PINUSE='POWER';
      NO_LOAD_CHECK='Both';
      NO_IO_CHECK='Both';
      NO_ASSERT_CHECK='TRUE';
      NO_DIR_CHECK='TRUE';
      ALLOW_CONNECT='TRUE';
    'GND_G18':
      PIN_NUMBER='(0,0,0,0,0,0,0,0,0,0,0,0,0,G18,0,0,0,0,0,0,0,0,0,0,0,0)';
      PINUSE='POWER';
      NO_LOAD_CHECK='Both';
      NO_IO_CHECK='Both';
      NO_ASSERT_CHECK='TRUE';
      NO_DIR_CHECK='TRUE';
      ALLOW_CONNECT='TRUE';
    'GND_H4':
      PIN_NUMBER='(0,0,0,0,0,0,0,0,0,0,0,0,0,H4,0,0,0,0,0,0,0,0,0,0,0,0)';
      PINUSE='POWER';
      NO_LOAD_CHECK='Both';
      NO_IO_CHECK='Both';
      NO_ASSERT_CHECK='TRUE';
      NO_DIR_CHECK='TRUE';
      ALLOW_CONNECT='TRUE';
    'GND_H7':
      PIN_NUMBER='(0,0,0,0,0,0,0,0,0,0,0,0,0,H7,0,0,0,0,0,0,0,0,0,0,0,0)';
      PINUSE='POWER';
      NO_LOAD_CHECK='Both';
      NO_IO_CHECK='Both';
      NO_ASSERT_CHECK='TRUE';
      NO_DIR_CHECK='TRUE';
      ALLOW_CONNECT='TRUE';
    'GND_H15':
      PIN_NUMBER='(0,0,0,0,0,0,0,0,0,0,0,0,0,H15,0,0,0,0,0,0,0,0,0,0,0,0)';
      PINUSE='POWER';
      NO_LOAD_CHECK='Both';
      NO_IO_CHECK='Both';
      NO_ASSERT_CHECK='TRUE';
      NO_DIR_CHECK='TRUE';
      ALLOW_CONNECT='TRUE';
    'GND_H25':
      PIN_NUMBER='(0,0,0,0,0,0,0,0,0,0,0,0,0,H25,0,0,0,0,0,0,0,0,0,0,0,0)';
      PINUSE='POWER';
      NO_LOAD_CHECK='Both';
      NO_IO_CHECK='Both';
      NO_ASSERT_CHECK='TRUE';
      NO_DIR_CHECK='TRUE';
      ALLOW_CONNECT='TRUE';
    'GND_J1':
      PIN_NUMBER='(0,0,0,0,0,0,0,0,0,0,0,0,0,J1,0,0,0,0,0,0,0,0,0,0,0,0)';
      PINUSE='POWER';
      NO_LOAD_CHECK='Both';
      NO_IO_CHECK='Both';
      NO_ASSERT_CHECK='TRUE';
      NO_DIR_CHECK='TRUE';
      ALLOW_CONNECT='TRUE';
    'GND_J2':
      PIN_NUMBER='(0,0,0,0,0,0,0,0,0,0,0,0,0,J2,0,0,0,0,0,0,0,0,0,0,0,0)';
      PINUSE='POWER';
      NO_LOAD_CHECK='Both';
      NO_IO_CHECK='Both';
      NO_ASSERT_CHECK='TRUE';
      NO_DIR_CHECK='TRUE';
      ALLOW_CONNECT='TRUE';
    'GND_J5':
      PIN_NUMBER='(0,0,0,0,0,0,0,0,0,0,0,0,0,J5,0,0,0,0,0,0,0,0,0,0,0,0)';
      PINUSE='POWER';
      NO_LOAD_CHECK='Both';
      NO_IO_CHECK='Both';
      NO_ASSERT_CHECK='TRUE';
      NO_DIR_CHECK='TRUE';
      ALLOW_CONNECT='TRUE';
    'GND_J12':
      PIN_NUMBER='(0,0,0,0,0,0,0,0,0,0,0,0,0,J12,0,0,0,0,0,0,0,0,0,0,0,0)';
      PINUSE='POWER';
      NO_LOAD_CHECK='Both';
      NO_IO_CHECK='Both';
      NO_ASSERT_CHECK='TRUE';
      NO_DIR_CHECK='TRUE';
      ALLOW_CONNECT='TRUE';
    'GND_J22':
      PIN_NUMBER='(0,0,0,0,0,0,0,0,0,0,0,0,0,J22,0,0,0,0,0,0,0,0,0,0,0,0)';
      PINUSE='POWER';
      NO_LOAD_CHECK='Both';
      NO_IO_CHECK='Both';
      NO_ASSERT_CHECK='TRUE';
      NO_DIR_CHECK='TRUE';
      ALLOW_CONNECT='TRUE';
    'GND_K3':
      PIN_NUMBER='(0,0,0,0,0,0,0,0,0,0,0,0,0,K3,0,0,0,0,0,0,0,0,0,0,0,0)';
      PINUSE='POWER';
      NO_LOAD_CHECK='Both';
      NO_IO_CHECK='Both';
      NO_ASSERT_CHECK='TRUE';
      NO_DIR_CHECK='TRUE';
      ALLOW_CONNECT='TRUE';
    'GND_K4':
      PIN_NUMBER='(0,0,0,0,0,0,0,0,0,0,0,0,0,0,0,0,0,0,0,0,0,0,0,0,0,K4)';
      PINUSE='POWER';
      NO_LOAD_CHECK='Both';
      NO_IO_CHECK='Both';
      NO_ASSERT_CHECK='TRUE';
      NO_DIR_CHECK='TRUE';
      ALLOW_CONNECT='TRUE';
    'GND_K7':
      PIN_NUMBER='(0,0,0,0,0,0,0,0,0,0,0,0,0,0,0,0,0,0,0,0,0,0,0,0,0,K7)';
      PINUSE='POWER';
      NO_LOAD_CHECK='Both';
      NO_IO_CHECK='Both';
      NO_ASSERT_CHECK='TRUE';
      NO_DIR_CHECK='TRUE';
      ALLOW_CONNECT='TRUE';
    'GND_K9':
      PIN_NUMBER='(0,0,0,0,0,0,0,0,0,0,0,0,0,0,0,0,0,0,0,0,0,0,0,0,0,K9)';
      PINUSE='POWER';
      NO_LOAD_CHECK='Both';
      NO_IO_CHECK='Both';
      NO_ASSERT_CHECK='TRUE';
      NO_DIR_CHECK='TRUE';
      ALLOW_CONNECT='TRUE';
    'GND_K11':
      PIN_NUMBER='(0,0,0,0,0,0,0,0,0,0,0,0,0,0,0,0,0,0,0,0,0,0,0,0,0,K11)';
      PINUSE='POWER';
      NO_LOAD_CHECK='Both';
      NO_IO_CHECK='Both';
      NO_ASSERT_CHECK='TRUE';
      NO_DIR_CHECK='TRUE';
      ALLOW_CONNECT='TRUE';
    'GND_K13':
      PIN_NUMBER='(0,0,0,0,0,0,0,0,0,0,0,0,0,0,0,0,0,0,0,0,0,0,0,0,0,K13)';
      PINUSE='POWER';
      NO_LOAD_CHECK='Both';
      NO_IO_CHECK='Both';
      NO_ASSERT_CHECK='TRUE';
      NO_DIR_CHECK='TRUE';
      ALLOW_CONNECT='TRUE';
    'GND_K19':
      PIN_NUMBER='(0,0,0,0,0,0,0,0,0,0,0,0,0,0,0,0,0,0,0,0,0,0,0,0,0,K19)';
      PINUSE='POWER';
      NO_LOAD_CHECK='Both';
      NO_IO_CHECK='Both';
      NO_ASSERT_CHECK='TRUE';
      NO_DIR_CHECK='TRUE';
      ALLOW_CONNECT='TRUE';
    'GND_L1':
      PIN_NUMBER='(0,0,0,0,0,0,0,0,0,0,0,0,0,0,0,0,0,0,0,0,0,0,0,0,0,L1)';
      PINUSE='POWER';
      NO_LOAD_CHECK='Both';
      NO_IO_CHECK='Both';
      NO_ASSERT_CHECK='TRUE';
      NO_DIR_CHECK='TRUE';
      ALLOW_CONNECT='TRUE';
    'GND_L5':
      PIN_NUMBER='(0,0,0,0,0,0,0,0,0,0,0,0,0,0,0,0,0,0,0,0,0,0,0,0,0,L5)';
      PINUSE='POWER';
      NO_LOAD_CHECK='Both';
      NO_IO_CHECK='Both';
      NO_ASSERT_CHECK='TRUE';
      NO_DIR_CHECK='TRUE';
      ALLOW_CONNECT='TRUE';
    'GND_10':
      PIN_NUMBER='(0,0,0,0,0,0,0,0,0,0,0,0,0,0,0,0,0,0,0,0,0,0,0,0,0,L10)';
      PINUSE='POWER';
      NO_LOAD_CHECK='Both';
      NO_IO_CHECK='Both';
      NO_ASSERT_CHECK='TRUE';
      NO_DIR_CHECK='TRUE';
      ALLOW_CONNECT='TRUE';
    'GND_L12':
      PIN_NUMBER='(0,0,0,0,0,0,0,0,0,0,0,0,0,0,0,0,0,0,0,0,0,0,0,0,0,L12)';
      PINUSE='POWER';
      NO_LOAD_CHECK='Both';
      NO_IO_CHECK='Both';
      NO_ASSERT_CHECK='TRUE';
      NO_DIR_CHECK='TRUE';
      ALLOW_CONNECT='TRUE';
    'GND_L14':
      PIN_NUMBER='(0,0,0,0,0,0,0,0,0,0,0,0,0,0,0,0,0,0,0,0,0,0,0,0,0,L14)';
      PINUSE='POWER';
      NO_LOAD_CHECK='Both';
      NO_IO_CHECK='Both';
      NO_ASSERT_CHECK='TRUE';
      NO_DIR_CHECK='TRUE';
      ALLOW_CONNECT='TRUE';
    'GND_L16':
      PIN_NUMBER='(0,0,0,0,0,0,0,0,0,0,0,0,0,0,0,0,0,0,0,0,0,0,0,0,0,L16)';
      PINUSE='POWER';
      NO_LOAD_CHECK='Both';
      NO_IO_CHECK='Both';
      NO_ASSERT_CHECK='TRUE';
      NO_DIR_CHECK='TRUE';
      ALLOW_CONNECT='TRUE';
    'GND_L26':
      PIN_NUMBER='(0,0,0,0,0,0,0,0,0,0,0,0,0,0,0,0,0,0,0,0,0,0,0,0,0,L26)';
      PINUSE='POWER';
      NO_LOAD_CHECK='Both';
      NO_IO_CHECK='Both';
      NO_ASSERT_CHECK='TRUE';
      NO_DIR_CHECK='TRUE';
      ALLOW_CONNECT='TRUE';
    'GND_M4':
      PIN_NUMBER='(0,0,0,0,0,0,0,0,0,0,0,0,0,0,0,0,0,0,0,0,0,0,0,0,0,M4)';
      PINUSE='POWER';
      NO_LOAD_CHECK='Both';
      NO_IO_CHECK='Both';
      NO_ASSERT_CHECK='TRUE';
      NO_DIR_CHECK='TRUE';
      ALLOW_CONNECT='TRUE';
    'GND_M7':
      PIN_NUMBER='(0,0,0,0,0,0,0,0,0,0,0,0,0,0,0,0,0,0,0,0,0,0,0,0,0,M7)';
      PINUSE='POWER';
      NO_LOAD_CHECK='Both';
      NO_IO_CHECK='Both';
      NO_ASSERT_CHECK='TRUE';
      NO_DIR_CHECK='TRUE';
      ALLOW_CONNECT='TRUE';
    'GND_M9':
      PIN_NUMBER='(0,0,0,0,0,0,0,0,0,0,0,0,0,0,0,0,0,0,0,0,0,0,0,0,0,M9)';
      PINUSE='POWER';
      NO_LOAD_CHECK='Both';
      NO_IO_CHECK='Both';
      NO_ASSERT_CHECK='TRUE';
      NO_DIR_CHECK='TRUE';
      ALLOW_CONNECT='TRUE';
    'GND_M13':
      PIN_NUMBER='(0,0,0,0,0,0,0,0,0,0,0,0,0,0,0,0,0,0,0,0,0,0,0,0,0,M13)';
      PINUSE='POWER';
      NO_LOAD_CHECK='Both';
      NO_IO_CHECK='Both';
      NO_ASSERT_CHECK='TRUE';
      NO_DIR_CHECK='TRUE';
      ALLOW_CONNECT='TRUE';
    'GND_M15':
      PIN_NUMBER='(0,0,0,0,0,0,0,0,0,0,0,0,0,0,0,0,0,0,0,0,0,0,0,0,0,M15)';
      PINUSE='POWER';
      NO_LOAD_CHECK='Both';
      NO_IO_CHECK='Both';
      NO_ASSERT_CHECK='TRUE';
      NO_DIR_CHECK='TRUE';
      ALLOW_CONNECT='TRUE';
    'GND_M23':
      PIN_NUMBER='(0,0,0,0,0,0,0,0,0,0,0,0,0,0,0,0,0,0,0,0,0,0,0,0,0,M23)';
      PINUSE='POWER';
      NO_LOAD_CHECK='Both';
      NO_IO_CHECK='Both';
      NO_ASSERT_CHECK='TRUE';
      NO_DIR_CHECK='TRUE';
      ALLOW_CONNECT='TRUE';
    'GND_N1':
      PIN_NUMBER='(0,0,0,0,0,0,0,0,0,0,0,0,0,0,0,0,0,0,0,0,0,0,0,0,0,N1)';
      PINUSE='POWER';
      NO_LOAD_CHECK='Both';
      NO_IO_CHECK='Both';
      NO_ASSERT_CHECK='TRUE';
      NO_DIR_CHECK='TRUE';
      ALLOW_CONNECT='TRUE';
    'GND_N2':
      PIN_NUMBER='(0,0,0,0,0,0,0,0,0,0,0,0,0,0,0,0,0,0,0,0,0,0,0,0,0,N2)';
      PINUSE='POWER';
      NO_LOAD_CHECK='Both';
      NO_IO_CHECK='Both';
      NO_ASSERT_CHECK='TRUE';
      NO_DIR_CHECK='TRUE';
      ALLOW_CONNECT='TRUE';
    'GND_N5':
      PIN_NUMBER='(0,0,0,0,0,0,0,0,0,0,0,0,0,0,0,0,0,0,0,0,0,0,0,0,0,N5)';
      PINUSE='POWER';
      NO_LOAD_CHECK='Both';
      NO_IO_CHECK='Both';
      NO_ASSERT_CHECK='TRUE';
      NO_DIR_CHECK='TRUE';
      ALLOW_CONNECT='TRUE';
    'GND_N7':
      PIN_NUMBER='(0,0,0,0,0,0,0,0,0,0,0,0,0,0,0,0,0,0,0,0,0,0,0,0,0,N7)';
      PINUSE='POWER';
      NO_LOAD_CHECK='Both';
      NO_IO_CHECK='Both';
      NO_ASSERT_CHECK='TRUE';
      NO_DIR_CHECK='TRUE';
      ALLOW_CONNECT='TRUE';
    'GND_N10':
      PIN_NUMBER='(0,0,0,0,0,0,0,0,0,0,0,0,0,0,0,0,0,0,0,0,0,0,0,0,0,N10)';
      PINUSE='POWER';
      NO_LOAD_CHECK='Both';
      NO_IO_CHECK='Both';
      NO_ASSERT_CHECK='TRUE';
      NO_DIR_CHECK='TRUE';
      ALLOW_CONNECT='TRUE';
    'GND_N14':
      PIN_NUMBER='(0,0,0,0,0,0,0,0,0,0,0,0,0,0,0,0,0,0,0,0,0,0,0,0,0,N14)';
      PINUSE='POWER';
      NO_LOAD_CHECK='Both';
      NO_IO_CHECK='Both';
      NO_ASSERT_CHECK='TRUE';
      NO_DIR_CHECK='TRUE';
      ALLOW_CONNECT='TRUE';
    'GND_N20':
      PIN_NUMBER='(0,0,0,0,0,0,0,0,0,0,0,0,0,0,0,0,0,0,0,0,0,0,0,0,0,N20)';
      PINUSE='POWER';
      NO_LOAD_CHECK='Both';
      NO_IO_CHECK='Both';
      NO_ASSERT_CHECK='TRUE';
      NO_DIR_CHECK='TRUE';
      ALLOW_CONNECT='TRUE';
    'GND_P3':
      PIN_NUMBER='(0,0,0,0,0,0,0,0,0,0,0,0,0,0,0,0,0,0,0,0,0,0,0,0,0,P3)';
      PINUSE='POWER';
      NO_LOAD_CHECK='Both';
      NO_IO_CHECK='Both';
      NO_ASSERT_CHECK='TRUE';
      NO_DIR_CHECK='TRUE';
      ALLOW_CONNECT='TRUE';
    'GND_P4':
      PIN_NUMBER='(0,0,0,0,0,0,0,0,0,0,0,0,0,0,0,0,0,0,0,0,0,0,0,0,0,P4)';
      PINUSE='POWER';
      NO_LOAD_CHECK='Both';
      NO_IO_CHECK='Both';
      NO_ASSERT_CHECK='TRUE';
      NO_DIR_CHECK='TRUE';
      ALLOW_CONNECT='TRUE';
    'GND_P9':
      PIN_NUMBER='(0,0,0,0,0,0,0,0,0,0,0,0,0,0,0,0,0,0,0,0,0,0,0,0,0,P9)';
      PINUSE='POWER';
      NO_LOAD_CHECK='Both';
      NO_IO_CHECK='Both';
      NO_ASSERT_CHECK='TRUE';
      NO_DIR_CHECK='TRUE';
      ALLOW_CONNECT='TRUE';
    'GND_P13':
      PIN_NUMBER='(0,0,0,0,0,0,0,0,0,0,0,0,0,0,0,0,0,0,0,0,0,0,0,0,0,P13)';
      PINUSE='POWER';
      NO_LOAD_CHECK='Both';
      NO_IO_CHECK='Both';
      NO_ASSERT_CHECK='TRUE';
      NO_DIR_CHECK='TRUE';
      ALLOW_CONNECT='TRUE';
    'GND_P15':
      PIN_NUMBER='(0,0,0,0,0,0,0,0,0,0,0,0,0,0,0,0,0,0,0,0,0,0,0,0,0,P15)';
      PINUSE='POWER';
      NO_LOAD_CHECK='Both';
      NO_IO_CHECK='Both';
      NO_ASSERT_CHECK='TRUE';
      NO_DIR_CHECK='TRUE';
      ALLOW_CONNECT='TRUE';
    'GND_P17':
      PIN_NUMBER='(0,0,0,0,0,0,0,0,0,0,0,0,0,0,0,0,0,0,0,0,0,0,0,0,0,P17)';
      PINUSE='POWER';
      NO_LOAD_CHECK='Both';
      NO_IO_CHECK='Both';
      NO_ASSERT_CHECK='TRUE';
      NO_DIR_CHECK='TRUE';
      ALLOW_CONNECT='TRUE';
    'GND_R1':
      PIN_NUMBER='(0,0,0,0,0,0,0,0,0,0,0,0,0,0,0,0,0,0,0,0,0,0,0,0,0,R1)';
      PINUSE='POWER';
      NO_LOAD_CHECK='Both';
      NO_IO_CHECK='Both';
      NO_ASSERT_CHECK='TRUE';
      NO_DIR_CHECK='TRUE';
      ALLOW_CONNECT='TRUE';
    'GND_R2':
      PIN_NUMBER='(0,0,0,0,0,0,0,0,0,0,0,0,0,0,0,0,0,0,0,0,0,0,0,0,0,R2)';
      PINUSE='POWER';
      NO_LOAD_CHECK='Both';
      NO_IO_CHECK='Both';
      NO_ASSERT_CHECK='TRUE';
      NO_DIR_CHECK='TRUE';
      ALLOW_CONNECT='TRUE';
    'GND_R5':
      PIN_NUMBER='(0,0,0,0,0,0,0,0,0,0,0,0,0,0,0,0,0,0,0,0,0,0,0,0,0,R5)';
      PINUSE='POWER';
      NO_LOAD_CHECK='Both';
      NO_IO_CHECK='Both';
      NO_ASSERT_CHECK='TRUE';
      NO_DIR_CHECK='TRUE';
      ALLOW_CONNECT='TRUE';
    'GND_R8':
      PIN_NUMBER='(0,0,0,0,0,0,0,0,0,0,0,0,0,0,0,0,0,0,0,0,0,0,0,0,0,R8)';
      PINUSE='POWER';
      NO_LOAD_CHECK='Both';
      NO_IO_CHECK='Both';
      NO_ASSERT_CHECK='TRUE';
      NO_DIR_CHECK='TRUE';
      ALLOW_CONNECT='TRUE';
    'GND_R10':
      PIN_NUMBER='(0,0,0,0,0,0,0,0,0,0,0,0,0,0,0,0,0,0,0,0,0,0,0,0,0,R10)';
      PINUSE='POWER';
      NO_LOAD_CHECK='Both';
      NO_IO_CHECK='Both';
      NO_ASSERT_CHECK='TRUE';
      NO_DIR_CHECK='TRUE';
      ALLOW_CONNECT='TRUE';
    'GND_R14':
      PIN_NUMBER='(0,0,0,0,0,0,0,0,0,0,0,0,0,0,0,0,0,0,0,0,0,0,0,0,0,R14)';
      PINUSE='POWER';
      NO_LOAD_CHECK='Both';
      NO_IO_CHECK='Both';
      NO_ASSERT_CHECK='TRUE';
      NO_DIR_CHECK='TRUE';
      ALLOW_CONNECT='TRUE';
    'GND_R24':
      PIN_NUMBER='(0,0,0,0,0,0,0,0,0,0,0,0,0,0,0,0,0,0,0,0,0,0,0,0,0,R24)';
      PINUSE='POWER';
      NO_LOAD_CHECK='Both';
      NO_IO_CHECK='Both';
      NO_ASSERT_CHECK='TRUE';
      NO_DIR_CHECK='TRUE';
      ALLOW_CONNECT='TRUE';
    'GND_T1':
      PIN_NUMBER='(0,0,0,0,0,0,0,0,0,0,0,0,0,0,0,0,0,0,0,0,0,0,0,0,0,T1)';
      PINUSE='POWER';
      NO_LOAD_CHECK='Both';
      NO_IO_CHECK='Both';
      NO_ASSERT_CHECK='TRUE';
      NO_DIR_CHECK='TRUE';
      ALLOW_CONNECT='TRUE';
    'GND_T3':
      PIN_NUMBER='(0,0,0,0,0,0,0,0,0,0,0,0,0,0,0,0,0,0,0,0,0,0,0,0,0,T3)';
      PINUSE='POWER';
      NO_LOAD_CHECK='Both';
      NO_IO_CHECK='Both';
      NO_ASSERT_CHECK='TRUE';
      NO_DIR_CHECK='TRUE';
      ALLOW_CONNECT='TRUE';
    'GND_T4':
      PIN_NUMBER='(0,0,0,0,0,0,0,0,0,0,0,0,0,0,0,0,0,0,0,0,0,0,0,0,0,T4)';
      PINUSE='POWER';
      NO_LOAD_CHECK='Both';
      NO_IO_CHECK='Both';
      NO_ASSERT_CHECK='TRUE';
      NO_DIR_CHECK='TRUE';
      ALLOW_CONNECT='TRUE';
    'GND_T9':
      PIN_NUMBER='(0,0,0,0,0,0,0,0,0,0,0,0,0,0,0,0,0,0,0,0,0,0,0,0,0,T9)';
      PINUSE='POWER';
      NO_LOAD_CHECK='Both';
      NO_IO_CHECK='Both';
      NO_ASSERT_CHECK='TRUE';
      NO_DIR_CHECK='TRUE';
      ALLOW_CONNECT='TRUE';
    'GND_T11':
      PIN_NUMBER='(0,0,0,0,0,0,0,0,0,0,0,0,0,0,0,0,0,0,0,0,0,0,0,0,0,T11)';
      PINUSE='POWER';
      NO_LOAD_CHECK='Both';
      NO_IO_CHECK='Both';
      NO_ASSERT_CHECK='TRUE';
      NO_DIR_CHECK='TRUE';
      ALLOW_CONNECT='TRUE';
    'GND_T13':
      PIN_NUMBER='(0,0,0,0,0,0,0,0,0,0,0,0,0,0,0,0,0,0,0,0,0,0,0,0,0,T13)';
      PINUSE='POWER';
      NO_LOAD_CHECK='Both';
      NO_IO_CHECK='Both';
      NO_ASSERT_CHECK='TRUE';
      NO_DIR_CHECK='TRUE';
      ALLOW_CONNECT='TRUE';
    'GND_T15':
      PIN_NUMBER='(0,0,0,0,0,0,0,0,0,0,0,0,0,0,0,0,0,0,0,0,0,0,0,0,0,T15)';
      PINUSE='POWER';
      NO_LOAD_CHECK='Both';
      NO_IO_CHECK='Both';
      NO_ASSERT_CHECK='TRUE';
      NO_DIR_CHECK='TRUE';
      ALLOW_CONNECT='TRUE';
    'GND_T21':
      PIN_NUMBER='(0,0,0,0,0,0,0,0,0,0,0,0,0,0,0,0,0,0,0,0,0,0,0,0,0,T21)';
      PINUSE='POWER';
      NO_LOAD_CHECK='Both';
      NO_IO_CHECK='Both';
      NO_ASSERT_CHECK='TRUE';
      NO_DIR_CHECK='TRUE';
      ALLOW_CONNECT='TRUE';
    'GND_U8':
      PIN_NUMBER='(0,0,0,0,0,0,0,0,0,0,0,0,0,0,0,0,0,0,0,0,0,0,0,0,0,U8)';
      PINUSE='POWER';
      NO_LOAD_CHECK='Both';
      NO_IO_CHECK='Both';
      NO_ASSERT_CHECK='TRUE';
      NO_DIR_CHECK='TRUE';
      ALLOW_CONNECT='TRUE';
    'GND_U10':
      PIN_NUMBER='(0,0,0,0,0,0,0,0,0,0,0,0,0,0,0,0,0,0,0,0,0,0,0,0,0,U10)';
      PINUSE='POWER';
      NO_LOAD_CHECK='Both';
      NO_IO_CHECK='Both';
      NO_ASSERT_CHECK='TRUE';
      NO_DIR_CHECK='TRUE';
      ALLOW_CONNECT='TRUE';
    'GND_U12':
      PIN_NUMBER='(0,0,0,0,0,0,0,0,0,0,0,0,0,0,0,0,0,0,0,0,0,0,0,0,0,U12)';
      PINUSE='POWER';
      NO_LOAD_CHECK='Both';
      NO_IO_CHECK='Both';
      NO_ASSERT_CHECK='TRUE';
      NO_DIR_CHECK='TRUE';
      ALLOW_CONNECT='TRUE';
    'GND_U14':
      PIN_NUMBER='(0,0,0,0,0,0,0,0,0,0,0,0,0,0,0,0,0,0,0,0,0,0,0,0,0,U14)';
      PINUSE='POWER';
      NO_LOAD_CHECK='Both';
      NO_IO_CHECK='Both';
      NO_ASSERT_CHECK='TRUE';
      NO_DIR_CHECK='TRUE';
      ALLOW_CONNECT='TRUE';
    'GND_U18':
      PIN_NUMBER='(0,0,0,0,0,0,0,0,0,0,0,0,0,0,0,0,0,0,0,0,0,0,0,0,0,U18)';
      PINUSE='POWER';
      NO_LOAD_CHECK='Both';
      NO_IO_CHECK='Both';
      NO_ASSERT_CHECK='TRUE';
      NO_DIR_CHECK='TRUE';
      ALLOW_CONNECT='TRUE';
    'GND_V5':
      PIN_NUMBER='(0,0,0,0,0,0,0,0,0,0,0,0,0,0,0,0,0,0,0,0,0,0,0,0,0,V5)';
      PINUSE='POWER';
      NO_LOAD_CHECK='Both';
      NO_IO_CHECK='Both';
      NO_ASSERT_CHECK='TRUE';
      NO_DIR_CHECK='TRUE';
      ALLOW_CONNECT='TRUE';
    'GND_V15':
      PIN_NUMBER='(0,0,0,0,0,0,0,0,0,0,0,0,0,0,0,0,0,0,0,0,0,0,0,0,0,V15)';
      PINUSE='POWER';
      NO_LOAD_CHECK='Both';
      NO_IO_CHECK='Both';
      NO_ASSERT_CHECK='TRUE';
      NO_DIR_CHECK='TRUE';
      ALLOW_CONNECT='TRUE';
    'GND_V25':
      PIN_NUMBER='(0,0,0,0,0,0,0,0,0,0,0,0,0,0,0,0,0,0,0,0,0,0,0,0,0,V25)';
      PINUSE='POWER';
      NO_LOAD_CHECK='Both';
      NO_IO_CHECK='Both';
      NO_ASSERT_CHECK='TRUE';
      NO_DIR_CHECK='TRUE';
      ALLOW_CONNECT='TRUE';
    'GND_W2':
      PIN_NUMBER='(0,0,0,0,0,0,0,0,0,0,0,0,0,0,0,0,0,0,0,0,0,0,0,0,0,W2)';
      PINUSE='POWER';
      NO_LOAD_CHECK='Both';
      NO_IO_CHECK='Both';
      NO_ASSERT_CHECK='TRUE';
      NO_DIR_CHECK='TRUE';
      ALLOW_CONNECT='TRUE';
    'GND_W12':
      PIN_NUMBER='(0,0,0,0,0,0,0,0,0,0,0,0,0,0,0,0,0,0,0,0,0,0,0,0,0,W12)';
      PINUSE='POWER';
      NO_LOAD_CHECK='Both';
      NO_IO_CHECK='Both';
      NO_ASSERT_CHECK='TRUE';
      NO_DIR_CHECK='TRUE';
      ALLOW_CONNECT='TRUE';
    'GND_W22':
      PIN_NUMBER='(0,0,0,0,0,0,0,0,0,0,0,0,0,0,0,0,0,0,0,0,0,0,0,0,0,W22)';
      PINUSE='POWER';
      NO_LOAD_CHECK='Both';
      NO_IO_CHECK='Both';
      NO_ASSERT_CHECK='TRUE';
      NO_DIR_CHECK='TRUE';
      ALLOW_CONNECT='TRUE';
    'GND_Y9':
      PIN_NUMBER='(0,0,0,0,0,0,0,0,0,0,0,0,0,0,0,0,0,0,0,0,0,0,0,0,0,Y9)';
      PINUSE='POWER';
      NO_LOAD_CHECK='Both';
      NO_IO_CHECK='Both';
      NO_ASSERT_CHECK='TRUE';
      NO_DIR_CHECK='TRUE';
      ALLOW_CONNECT='TRUE';
    'GND_Y19':
      PIN_NUMBER='(0,0,0,0,0,0,0,0,0,0,0,0,0,0,0,0,0,0,0,0,0,0,0,0,0,Y19)';
      PINUSE='POWER';
      NO_LOAD_CHECK='Both';
      NO_IO_CHECK='Both';
      NO_ASSERT_CHECK='TRUE';
      NO_DIR_CHECK='TRUE';
      ALLOW_CONNECT='TRUE';
    'VCCINT_J9':
      PIN_NUMBER='(0,0,0,0,0,0,0,0,0,0,0,0,0,0,J9,0,0,0,0,0,0,0,0,0,0,0)';
      PINUSE='POWER';
      NO_LOAD_CHECK='Both';
      NO_IO_CHECK='Both';
      NO_ASSERT_CHECK='TRUE';
      NO_DIR_CHECK='TRUE';
      ALLOW_CONNECT='TRUE';
    'VCCINT_K8':
      PIN_NUMBER='(0,0,0,0,0,0,0,0,0,0,0,0,0,0,K8,0,0,0,0,0,0,0,0,0,0,0)';
      PINUSE='POWER';
      NO_LOAD_CHECK='Both';
      NO_IO_CHECK='Both';
      NO_ASSERT_CHECK='TRUE';
      NO_DIR_CHECK='TRUE';
      ALLOW_CONNECT='TRUE';
    'VCCINT_K10':
      PIN_NUMBER='(0,0,0,0,0,0,0,0,0,0,0,0,0,0,K10,0,0,0,0,0,0,0,0,0,0,0)';
      PINUSE='POWER';
      NO_LOAD_CHECK='Both';
      NO_IO_CHECK='Both';
      NO_ASSERT_CHECK='TRUE';
      NO_DIR_CHECK='TRUE';
      ALLOW_CONNECT='TRUE';
    'VCCINT_K12':
      PIN_NUMBER='(0,0,0,0,0,0,0,0,0,0,0,0,0,0,K12,0,0,0,0,0,0,0,0,0,0,0)';
      PINUSE='POWER';
      NO_LOAD_CHECK='Both';
      NO_IO_CHECK='Both';
      NO_ASSERT_CHECK='TRUE';
      NO_DIR_CHECK='TRUE';
      ALLOW_CONNECT='TRUE';
    'VCCINT_K14':
      PIN_NUMBER='(0,0,0,0,0,0,0,0,0,0,0,0,0,0,K14,0,0,0,0,0,0,0,0,0,0,0)';
      PINUSE='POWER';
      NO_LOAD_CHECK='Both';
      NO_IO_CHECK='Both';
      NO_ASSERT_CHECK='TRUE';
      NO_DIR_CHECK='TRUE';
      ALLOW_CONNECT='TRUE';
    'VCCINT_L9':
      PIN_NUMBER='(0,0,0,0,0,0,0,0,0,0,0,0,0,0,L9,0,0,0,0,0,0,0,0,0,0,0)';
      PINUSE='POWER';
      NO_LOAD_CHECK='Both';
      NO_IO_CHECK='Both';
      NO_ASSERT_CHECK='TRUE';
      NO_DIR_CHECK='TRUE';
      ALLOW_CONNECT='TRUE';
    'VCCINT_L13':
      PIN_NUMBER='(0,0,0,0,0,0,0,0,0,0,0,0,0,0,L13,0,0,0,0,0,0,0,0,0,0,0)';
      PINUSE='POWER';
      NO_LOAD_CHECK='Both';
      NO_IO_CHECK='Both';
      NO_ASSERT_CHECK='TRUE';
      NO_DIR_CHECK='TRUE';
      ALLOW_CONNECT='TRUE';
    'VCCINT_L15':
      PIN_NUMBER='(0,0,0,0,0,0,0,0,0,0,0,0,0,0,L15,0,0,0,0,0,0,0,0,0,0,0)';
      PINUSE='POWER';
      NO_LOAD_CHECK='Both';
      NO_IO_CHECK='Both';
      NO_ASSERT_CHECK='TRUE';
      NO_DIR_CHECK='TRUE';
      ALLOW_CONNECT='TRUE';
    'VCCINT_M8':
      PIN_NUMBER='(0,0,0,0,0,0,0,0,0,0,0,0,0,0,M8,0,0,0,0,0,0,0,0,0,0,0)';
      PINUSE='POWER';
      NO_LOAD_CHECK='Both';
      NO_IO_CHECK='Both';
      NO_ASSERT_CHECK='TRUE';
      NO_DIR_CHECK='TRUE';
      ALLOW_CONNECT='TRUE';
    'VCCINT_M14':
      PIN_NUMBER='(0,0,0,0,0,0,0,0,0,0,0,0,0,0,M14,0,0,0,0,0,0,0,0,0,0,0)';
      PINUSE='POWER';
      NO_LOAD_CHECK='Both';
      NO_IO_CHECK='Both';
      NO_ASSERT_CHECK='TRUE';
      NO_DIR_CHECK='TRUE';
      ALLOW_CONNECT='TRUE';
    'VCCINT_N9':
      PIN_NUMBER='(0,0,0,0,0,0,0,0,0,0,0,0,0,0,N9,0,0,0,0,0,0,0,0,0,0,0)';
      PINUSE='POWER';
      NO_LOAD_CHECK='Both';
      NO_IO_CHECK='Both';
      NO_ASSERT_CHECK='TRUE';
      NO_DIR_CHECK='TRUE';
      ALLOW_CONNECT='TRUE';
    'VCCINT_N15':
      PIN_NUMBER='(0,0,0,0,0,0,0,0,0,0,0,0,0,0,N15,0,0,0,0,0,0,0,0,0,0,0)';
      PINUSE='POWER';
      NO_LOAD_CHECK='Both';
      NO_IO_CHECK='Both';
      NO_ASSERT_CHECK='TRUE';
      NO_DIR_CHECK='TRUE';
      ALLOW_CONNECT='TRUE';
    'VCCINT_P14':
      PIN_NUMBER='(0,0,0,0,0,0,0,0,0,0,0,0,0,0,P14,0,0,0,0,0,0,0,0,0,0,0)';
      PINUSE='POWER';
      NO_LOAD_CHECK='Both';
      NO_IO_CHECK='Both';
      NO_ASSERT_CHECK='TRUE';
      NO_DIR_CHECK='TRUE';
      ALLOW_CONNECT='TRUE';
    'VCCINT_R15':
      PIN_NUMBER='(0,0,0,0,0,0,0,0,0,0,0,0,0,0,R15,0,0,0,0,0,0,0,0,0,0,0)';
      PINUSE='POWER';
      NO_LOAD_CHECK='Both';
      NO_IO_CHECK='Both';
      NO_ASSERT_CHECK='TRUE';
      NO_DIR_CHECK='TRUE';
      ALLOW_CONNECT='TRUE';
    'VCCINT_T14':
      PIN_NUMBER='(0,0,0,0,0,0,0,0,0,0,0,0,0,0,T14,0,0,0,0,0,0,0,0,0,0,0)';
      PINUSE='POWER';
      NO_LOAD_CHECK='Both';
      NO_IO_CHECK='Both';
      NO_ASSERT_CHECK='TRUE';
      NO_DIR_CHECK='TRUE';
      ALLOW_CONNECT='TRUE';
    'VCCINT_U15':
      PIN_NUMBER='(0,0,0,0,0,0,0,0,0,0,0,0,0,0,U15,0,0,0,0,0,0,0,0,0,0,0)';
      PINUSE='POWER';
      NO_LOAD_CHECK='Both';
      NO_IO_CHECK='Both';
      NO_ASSERT_CHECK='TRUE';
      NO_DIR_CHECK='TRUE';
      ALLOW_CONNECT='TRUE';
    'VCCAUX_T10':
      PIN_NUMBER='(0,0,0,0,0,0,0,0,0,0,0,0,0,0,0,T10,0,0,0,0,0,0,0,0,0,0)';
      PINUSE='POWER';
      NO_LOAD_CHECK='Both';
      NO_IO_CHECK='Both';
      NO_ASSERT_CHECK='TRUE';
      NO_DIR_CHECK='TRUE';
      ALLOW_CONNECT='TRUE';
    'VCCAUX_U11':
      PIN_NUMBER='(0,0,0,0,0,0,0,0,0,0,0,0,0,0,0,U11,0,0,0,0,0,0,0,0,0,0)';
      PINUSE='POWER';
      NO_LOAD_CHECK='Both';
      NO_IO_CHECK='Both';
      NO_ASSERT_CHECK='TRUE';
      NO_DIR_CHECK='TRUE';
      ALLOW_CONNECT='TRUE';
    'VCCAUX_L11':
      PIN_NUMBER='(0,0,0,0,0,0,0,0,0,0,0,0,0,0,0,L11,0,0,0,0,0,0,0,0,0,0)';
      PINUSE='POWER';
      NO_LOAD_CHECK='Both';
      NO_IO_CHECK='Both';
      NO_ASSERT_CHECK='TRUE';
      NO_DIR_CHECK='TRUE';
      ALLOW_CONNECT='TRUE';
    'VCCAUX_M10':
      PIN_NUMBER='(0,0,0,0,0,0,0,0,0,0,0,0,0,0,0,M10,0,0,0,0,0,0,0,0,0,0)';
      PINUSE='POWER';
      NO_LOAD_CHECK='Both';
      NO_IO_CHECK='Both';
      NO_ASSERT_CHECK='TRUE';
      NO_DIR_CHECK='TRUE';
      ALLOW_CONNECT='TRUE';
    'VCCAUX_P10':
      PIN_NUMBER='(0,0,0,0,0,0,0,0,0,0,0,0,0,0,0,P10,0,0,0,0,0,0,0,0,0,0)';
      PINUSE='POWER';
      NO_LOAD_CHECK='Both';
      NO_IO_CHECK='Both';
      NO_ASSERT_CHECK='TRUE';
      NO_DIR_CHECK='TRUE';
      ALLOW_CONNECT='TRUE';
    'VCCAUX_IO_G0_T8':
      PIN_NUMBER='(0,0,0,0,0,0,0,0,0,0,0,0,0,0,0,T8,0,0,0,0,0,0,0,0,0,0)';
      PINUSE='POWER';
      NO_LOAD_CHECK='Both';
      NO_IO_CHECK='Both';
      NO_ASSERT_CHECK='TRUE';
      NO_DIR_CHECK='TRUE';
      ALLOW_CONNECT='TRUE';
    'VCCAUX_IO_G0_R9':
      PIN_NUMBER='(0,0,0,0,0,0,0,0,0,0,0,0,0,0,0,R9,0,0,0,0,0,0,0,0,0,0)';
      PINUSE='POWER';
      NO_LOAD_CHECK='Both';
      NO_IO_CHECK='Both';
      NO_ASSERT_CHECK='TRUE';
      NO_DIR_CHECK='TRUE';
      ALLOW_CONNECT='TRUE';
    'VCCAUX_IO_G0_P8':
      PIN_NUMBER='(0,0,0,0,0,0,0,0,0,0,0,0,0,0,0,P8,0,0,0,0,0,0,0,0,0,0)';
      PINUSE='POWER';
      NO_LOAD_CHECK='Both';
      NO_IO_CHECK='Both';
      NO_ASSERT_CHECK='TRUE';
      NO_DIR_CHECK='TRUE';
      ALLOW_CONNECT='TRUE';
    'VCCO_0_L7':
      PIN_NUMBER='(0,0,0,0,0,0,0,0,0,0,0,0,0,0,0,0,L7,0,0,0,0,0,0,0,0,0)';
      PINUSE='POWER';
      NO_LOAD_CHECK='Both';
      NO_IO_CHECK='Both';
      NO_ASSERT_CHECK='TRUE';
      NO_DIR_CHECK='TRUE';
      ALLOW_CONNECT='TRUE';
    'VCCO_0_T6':
      PIN_NUMBER='(0,0,0,0,0,0,0,0,0,0,0,0,0,0,0,0,T6,0,0,0,0,0,0,0,0,0)';
      PINUSE='POWER';
      NO_LOAD_CHECK='Both';
      NO_IO_CHECK='Both';
      NO_ASSERT_CHECK='TRUE';
      NO_DIR_CHECK='TRUE';
      ALLOW_CONNECT='TRUE';
    'VCCO_12_AA21':
      PIN_NUMBER='(0,0,0,0,0,0,0,0,0,0,0,0,0,0,0,0,0,AA21,0,0,0,0,0,0,0,0)';
      PINUSE='POWER';
      NO_LOAD_CHECK='Both';
      NO_IO_CHECK='Both';
      NO_ASSERT_CHECK='TRUE';
      NO_DIR_CHECK='TRUE';
      ALLOW_CONNECT='TRUE';
    'VCCO_12_AC25':
      PIN_NUMBER='(0,0,0,0,0,0,0,0,0,0,0,0,0,0,0,0,0,AC25,0,0,0,0,0,0,0,0)';
      PINUSE='POWER';
      NO_LOAD_CHECK='Both';
      NO_IO_CHECK='Both';
      NO_ASSERT_CHECK='TRUE';
      NO_DIR_CHECK='TRUE';
      ALLOW_CONNECT='TRUE';
    'VCCO_12_AD22':
      PIN_NUMBER='(0,0,0,0,0,0,0,0,0,0,0,0,0,0,0,0,0,AD22,0,0,0,0,0,0,0,0)';
      PINUSE='POWER';
      NO_LOAD_CHECK='Both';
      NO_IO_CHECK='Both';
      NO_ASSERT_CHECK='TRUE';
      NO_DIR_CHECK='TRUE';
      ALLOW_CONNECT='TRUE';
    'VCCO_12_AF26':
      PIN_NUMBER='(0,0,0,0,0,0,0,0,0,0,0,0,0,0,0,0,0,AF26,0,0,0,0,0,0,0,0)';
      PINUSE='POWER';
      NO_LOAD_CHECK='Both';
      NO_IO_CHECK='Both';
      NO_ASSERT_CHECK='TRUE';
      NO_DIR_CHECK='TRUE';
      ALLOW_CONNECT='TRUE';
    'VCCO_12_U23':
      PIN_NUMBER='(0,0,0,0,0,0,0,0,0,0,0,0,0,0,0,0,0,U23,0,0,0,0,0,0,0,0)';
      PINUSE='POWER';
      NO_LOAD_CHECK='Both';
      NO_IO_CHECK='Both';
      NO_ASSERT_CHECK='TRUE';
      NO_DIR_CHECK='TRUE';
      ALLOW_CONNECT='TRUE';
    'VCCO_12_V20':
      PIN_NUMBER='(0,0,0,0,0,0,0,0,0,0,0,0,0,0,0,0,0,V20,0,0,0,0,0,0,0,0)';
      PINUSE='POWER';
      NO_LOAD_CHECK='Both';
      NO_IO_CHECK='Both';
      NO_ASSERT_CHECK='TRUE';
      NO_DIR_CHECK='TRUE';
      ALLOW_CONNECT='TRUE';
    'VCCO_12_Y24':
      PIN_NUMBER='(0,0,0,0,0,0,0,0,0,0,0,0,0,0,0,0,0,Y24,0,0,0,0,0,0,0,0)';
      PINUSE='POWER';
      NO_LOAD_CHECK='Both';
      NO_IO_CHECK='Both';
      NO_ASSERT_CHECK='TRUE';
      NO_DIR_CHECK='TRUE';
      ALLOW_CONNECT='TRUE';
    'VCCO_13_K24':
      PIN_NUMBER='(0,0,0,0,0,0,0,0,0,0,0,0,0,0,0,0,0,0,K24,0,0,0,0,0,0,0)';
      PINUSE='POWER';
      NO_LOAD_CHECK='Both';
      NO_IO_CHECK='Both';
      NO_ASSERT_CHECK='TRUE';
      NO_DIR_CHECK='TRUE';
      ALLOW_CONNECT='TRUE';
    'VCCO_13_N25':
      PIN_NUMBER='(0,0,0,0,0,0,0,0,0,0,0,0,0,0,0,0,0,0,N25,0,0,0,0,0,0,0)';
      PINUSE='POWER';
      NO_LOAD_CHECK='Both';
      NO_IO_CHECK='Both';
      NO_ASSERT_CHECK='TRUE';
      NO_DIR_CHECK='TRUE';
      ALLOW_CONNECT='TRUE';
    'VCCO_13_P22':
      PIN_NUMBER='(0,0,0,0,0,0,0,0,0,0,0,0,0,0,0,0,0,0,P22,0,0,0,0,0,0,0)';
      PINUSE='POWER';
      NO_LOAD_CHECK='Both';
      NO_IO_CHECK='Both';
      NO_ASSERT_CHECK='TRUE';
      NO_DIR_CHECK='TRUE';
      ALLOW_CONNECT='TRUE';
    'VCCO_13_R19':
      PIN_NUMBER='(0,0,0,0,0,0,0,0,0,0,0,0,0,0,0,0,0,0,R19,0,0,0,0,0,0,0)';
      PINUSE='POWER';
      NO_LOAD_CHECK='Both';
      NO_IO_CHECK='Both';
      NO_ASSERT_CHECK='TRUE';
      NO_DIR_CHECK='TRUE';
      ALLOW_CONNECT='TRUE';
    'VCCO_13_T16':
      PIN_NUMBER='(0,0,0,0,0,0,0,0,0,0,0,0,0,0,0,0,0,0,T16,0,0,0,0,0,0,0)';
      PINUSE='POWER';
      NO_LOAD_CHECK='Both';
      NO_IO_CHECK='Both';
      NO_ASSERT_CHECK='TRUE';
      NO_DIR_CHECK='TRUE';
      ALLOW_CONNECT='TRUE';
    'VCCO_13_T26':
      PIN_NUMBER='(0,0,0,0,0,0,0,0,0,0,0,0,0,0,0,0,0,0,T26,0,0,0,0,0,0,0)';
      PINUSE='POWER';
      NO_LOAD_CHECK='Both';
      NO_IO_CHECK='Both';
      NO_ASSERT_CHECK='TRUE';
      NO_DIR_CHECK='TRUE';
      ALLOW_CONNECT='TRUE';
    'VCCO_14_A21':
      PIN_NUMBER='(0,0,0,0,0,0,0,0,0,0,0,0,0,0,0,0,0,0,0,A21,0,0,0,0,0,0)';
      PINUSE='POWER';
      NO_LOAD_CHECK='Both';
      NO_IO_CHECK='Both';
      NO_ASSERT_CHECK='TRUE';
      NO_DIR_CHECK='TRUE';
      ALLOW_CONNECT='TRUE';
    'VCCO_14_C25':
      PIN_NUMBER='(0,0,0,0,0,0,0,0,0,0,0,0,0,0,0,0,0,0,0,C25,0,0,0,0,0,0)';
      PINUSE='POWER';
      NO_LOAD_CHECK='Both';
      NO_IO_CHECK='Both';
      NO_ASSERT_CHECK='TRUE';
      NO_DIR_CHECK='TRUE';
      ALLOW_CONNECT='TRUE';
    'VCCO_14_D22':
      PIN_NUMBER='(0,0,0,0,0,0,0,0,0,0,0,0,0,0,0,0,0,0,0,D22,0,0,0,0,0,0)';
      PINUSE='POWER';
      NO_LOAD_CHECK='Both';
      NO_IO_CHECK='Both';
      NO_ASSERT_CHECK='TRUE';
      NO_DIR_CHECK='TRUE';
      ALLOW_CONNECT='TRUE';
    'VCCO_14_F26':
      PIN_NUMBER='(0,0,0,0,0,0,0,0,0,0,0,0,0,0,0,0,0,0,0,F26,0,0,0,0,0,0)';
      PINUSE='POWER';
      NO_LOAD_CHECK='Both';
      NO_IO_CHECK='Both';
      NO_ASSERT_CHECK='TRUE';
      NO_DIR_CHECK='TRUE';
      ALLOW_CONNECT='TRUE';
    'VCCO_14_G23':
      PIN_NUMBER='(0,0,0,0,0,0,0,0,0,0,0,0,0,0,0,0,0,0,0,G23,0,0,0,0,0,0)';
      PINUSE='POWER';
      NO_LOAD_CHECK='Both';
      NO_IO_CHECK='Both';
      NO_ASSERT_CHECK='TRUE';
      NO_DIR_CHECK='TRUE';
      ALLOW_CONNECT='TRUE';
    'VCCO_14_L21':
      PIN_NUMBER='(0,0,0,0,0,0,0,0,0,0,0,0,0,0,0,0,0,0,0,L21,0,0,0,0,0,0)';
      PINUSE='POWER';
      NO_LOAD_CHECK='Both';
      NO_IO_CHECK='Both';
      NO_ASSERT_CHECK='TRUE';
      NO_DIR_CHECK='TRUE';
      ALLOW_CONNECT='TRUE';
    'VCCO_15_B18':
      PIN_NUMBER='(0,0,0,0,0,0,0,0,0,0,0,0,0,0,0,0,0,0,0,0,B18,0,0,0,0,0)';
      PINUSE='POWER';
      NO_LOAD_CHECK='Both';
      NO_IO_CHECK='Both';
      NO_ASSERT_CHECK='TRUE';
      NO_DIR_CHECK='TRUE';
      ALLOW_CONNECT='TRUE';
    'VCCO_15_E19':
      PIN_NUMBER='(0,0,0,0,0,0,0,0,0,0,0,0,0,0,0,0,0,0,0,0,E19,0,0,0,0,0)';
      PINUSE='POWER';
      NO_LOAD_CHECK='Both';
      NO_IO_CHECK='Both';
      NO_ASSERT_CHECK='TRUE';
      NO_DIR_CHECK='TRUE';
      ALLOW_CONNECT='TRUE';
    'VCCO_15_F16':
      PIN_NUMBER='(0,0,0,0,0,0,0,0,0,0,0,0,0,0,0,0,0,0,0,0,F16,0,0,0,0,0)';
      PINUSE='POWER';
      NO_LOAD_CHECK='Both';
      NO_IO_CHECK='Both';
      NO_ASSERT_CHECK='TRUE';
      NO_DIR_CHECK='TRUE';
      ALLOW_CONNECT='TRUE';
    'VCCO_15_H20':
      PIN_NUMBER='(0,0,0,0,0,0,0,0,0,0,0,0,0,0,0,0,0,0,0,0,H20,0,0,0,0,0)';
      PINUSE='POWER';
      NO_LOAD_CHECK='Both';
      NO_IO_CHECK='Both';
      NO_ASSERT_CHECK='TRUE';
      NO_DIR_CHECK='TRUE';
      ALLOW_CONNECT='TRUE';
    'VCCO_15_J17':
      PIN_NUMBER='(0,0,0,0,0,0,0,0,0,0,0,0,0,0,0,0,0,0,0,0,J17,0,0,0,0,0)';
      PINUSE='POWER';
      NO_LOAD_CHECK='Both';
      NO_IO_CHECK='Both';
      NO_ASSERT_CHECK='TRUE';
      NO_DIR_CHECK='TRUE';
      ALLOW_CONNECT='TRUE';
    'VCCO_15_M18':
      PIN_NUMBER='(0,0,0,0,0,0,0,0,0,0,0,0,0,0,0,0,0,0,0,0,M18,0,0,0,0,0)';
      PINUSE='POWER';
      NO_LOAD_CHECK='Both';
      NO_IO_CHECK='Both';
      NO_ASSERT_CHECK='TRUE';
      NO_DIR_CHECK='TRUE';
      ALLOW_CONNECT='TRUE';
    'VCCO_16_A11':
      PIN_NUMBER='(0,0,0,0,0,0,0,0,0,0,0,0,0,0,0,0,0,0,0,0,0,A11,0,0,0,0)';
      PINUSE='POWER';
      NO_LOAD_CHECK='Both';
      NO_IO_CHECK='Both';
      NO_ASSERT_CHECK='TRUE';
      NO_DIR_CHECK='TRUE';
      ALLOW_CONNECT='TRUE';
    'VCCO_16_B8':
      PIN_NUMBER='(0,0,0,0,0,0,0,0,0,0,0,0,0,0,0,0,0,0,0,0,0,B8,0,0,0,0)';
      PINUSE='POWER';
      NO_LOAD_CHECK='Both';
      NO_IO_CHECK='Both';
      NO_ASSERT_CHECK='TRUE';
      NO_DIR_CHECK='TRUE';
      ALLOW_CONNECT='TRUE';
    'VCCO_16_C15':
      PIN_NUMBER='(0,0,0,0,0,0,0,0,0,0,0,0,0,0,0,0,0,0,0,0,0,C15,0,0,0,0)';
      PINUSE='POWER';
      NO_LOAD_CHECK='Both';
      NO_IO_CHECK='Both';
      NO_ASSERT_CHECK='TRUE';
      NO_DIR_CHECK='TRUE';
      ALLOW_CONNECT='TRUE';
    'VCCO_16_D12':
      PIN_NUMBER='(0,0,0,0,0,0,0,0,0,0,0,0,0,0,0,0,0,0,0,0,0,D12,0,0,0,0)';
      PINUSE='POWER';
      NO_LOAD_CHECK='Both';
      NO_IO_CHECK='Both';
      NO_ASSERT_CHECK='TRUE';
      NO_DIR_CHECK='TRUE';
      ALLOW_CONNECT='TRUE';
    'VCCO_16_E9':
      PIN_NUMBER='(0,0,0,0,0,0,0,0,0,0,0,0,0,0,0,0,0,0,0,0,0,E9,0,0,0,0)';
      PINUSE='POWER';
      NO_LOAD_CHECK='Both';
      NO_IO_CHECK='Both';
      NO_ASSERT_CHECK='TRUE';
      NO_DIR_CHECK='TRUE';
      ALLOW_CONNECT='TRUE';
    'VCCO_16_G13':
      PIN_NUMBER='(0,0,0,0,0,0,0,0,0,0,0,0,0,0,0,0,0,0,0,0,0,G13,0,0,0,0)';
      PINUSE='POWER';
      NO_LOAD_CHECK='Both';
      NO_IO_CHECK='Both';
      NO_ASSERT_CHECK='TRUE';
      NO_DIR_CHECK='TRUE';
      ALLOW_CONNECT='TRUE';
    'VCCO_16_H10':
      PIN_NUMBER='(0,0,0,0,0,0,0,0,0,0,0,0,0,0,0,0,0,0,0,0,0,H10,0,0,0,0)';
      PINUSE='POWER';
      NO_LOAD_CHECK='Both';
      NO_IO_CHECK='Both';
      NO_ASSERT_CHECK='TRUE';
      NO_DIR_CHECK='TRUE';
      ALLOW_CONNECT='TRUE';
    'VCCO_32_AB18':
      PIN_NUMBER='(0,0,0,0,0,0,0,0,0,0,0,0,0,0,0,0,0,0,0,0,0,0,AB18,0,0,0)';
      PINUSE='POWER';
      NO_LOAD_CHECK='Both';
      NO_IO_CHECK='Both';
      NO_ASSERT_CHECK='TRUE';
      NO_DIR_CHECK='TRUE';
      ALLOW_CONNECT='TRUE';
    'VCCO_32_AC15':
      PIN_NUMBER='(0,0,0,0,0,0,0,0,0,0,0,0,0,0,0,0,0,0,0,0,0,0,AC15,0,0,0)';
      PINUSE='POWER';
      NO_LOAD_CHECK='Both';
      NO_IO_CHECK='Both';
      NO_ASSERT_CHECK='TRUE';
      NO_DIR_CHECK='TRUE';
      ALLOW_CONNECT='TRUE';
    'VCCO_32_AE19':
      PIN_NUMBER='(0,0,0,0,0,0,0,0,0,0,0,0,0,0,0,0,0,0,0,0,0,0,AE19,0,0,0)';
      PINUSE='POWER';
      NO_LOAD_CHECK='Both';
      NO_IO_CHECK='Both';
      NO_ASSERT_CHECK='TRUE';
      NO_DIR_CHECK='TRUE';
      ALLOW_CONNECT='TRUE';
    'VCCO_32_AF16':
      PIN_NUMBER='(0,0,0,0,0,0,0,0,0,0,0,0,0,0,0,0,0,0,0,0,0,0,AF16,0,0,0)';
      PINUSE='POWER';
      NO_LOAD_CHECK='Both';
      NO_IO_CHECK='Both';
      NO_ASSERT_CHECK='TRUE';
      NO_DIR_CHECK='TRUE';
      ALLOW_CONNECT='TRUE';
    'VCCO_32_W17':
      PIN_NUMBER='(0,0,0,0,0,0,0,0,0,0,0,0,0,0,0,0,0,0,0,0,0,0,W17,0,0,0)';
      PINUSE='POWER';
      NO_LOAD_CHECK='Both';
      NO_IO_CHECK='Both';
      NO_ASSERT_CHECK='TRUE';
      NO_DIR_CHECK='TRUE';
      ALLOW_CONNECT='TRUE';
    'VCCO_32_Y14':
      PIN_NUMBER='(0,0,0,0,0,0,0,0,0,0,0,0,0,0,0,0,0,0,0,0,0,0,Y14,0,0,0)';
      PINUSE='POWER';
      NO_LOAD_CHECK='Both';
      NO_IO_CHECK='Both';
      NO_ASSERT_CHECK='TRUE';
      NO_DIR_CHECK='TRUE';
      ALLOW_CONNECT='TRUE';
    'VCCO_33_AA11':
      PIN_NUMBER='(0,0,0,0,0,0,0,0,0,0,0,0,0,0,0,0,0,0,0,0,0,0,0,AA11,0,0)';
      PINUSE='POWER';
      NO_LOAD_CHECK='Both';
      NO_IO_CHECK='Both';
      NO_ASSERT_CHECK='TRUE';
      NO_DIR_CHECK='TRUE';
      ALLOW_CONNECT='TRUE';
    'VCCO_33_AB8':
      PIN_NUMBER='(0,0,0,0,0,0,0,0,0,0,0,0,0,0,0,0,0,0,0,0,0,0,0,AB8,0,0)';
      PINUSE='POWER';
      NO_LOAD_CHECK='Both';
      NO_IO_CHECK='Both';
      NO_ASSERT_CHECK='TRUE';
      NO_DIR_CHECK='TRUE';
      ALLOW_CONNECT='TRUE';
    'VCCO_33_AD12':
      PIN_NUMBER='(0,0,0,0,0,0,0,0,0,0,0,0,0,0,0,0,0,0,0,0,0,0,0,AD12,0,0)';
      PINUSE='POWER';
      NO_LOAD_CHECK='Both';
      NO_IO_CHECK='Both';
      NO_ASSERT_CHECK='TRUE';
      NO_DIR_CHECK='TRUE';
      ALLOW_CONNECT='TRUE';
    'VCCO_33_AE9':
      PIN_NUMBER='(0,0,0,0,0,0,0,0,0,0,0,0,0,0,0,0,0,0,0,0,0,0,0,AE9,0,0)';
      PINUSE='POWER';
      NO_LOAD_CHECK='Both';
      NO_IO_CHECK='Both';
      NO_ASSERT_CHECK='TRUE';
      NO_DIR_CHECK='TRUE';
      ALLOW_CONNECT='TRUE';
    'VCCO_33_V10':
      PIN_NUMBER='(0,0,0,0,0,0,0,0,0,0,0,0,0,0,0,0,0,0,0,0,0,0,0,V10,0,0)';
      PINUSE='POWER';
      NO_LOAD_CHECK='Both';
      NO_IO_CHECK='Both';
      NO_ASSERT_CHECK='TRUE';
      NO_DIR_CHECK='TRUE';
      ALLOW_CONNECT='TRUE';
    'VCCO_33_W7':
      PIN_NUMBER='(0,0,0,0,0,0,0,0,0,0,0,0,0,0,0,0,0,0,0,0,0,0,0,W7,0,0)';
      PINUSE='POWER';
      NO_LOAD_CHECK='Both';
      NO_IO_CHECK='Both';
      NO_ASSERT_CHECK='TRUE';
      NO_DIR_CHECK='TRUE';
      ALLOW_CONNECT='TRUE';
    'VCCO_34_AA1':
      PIN_NUMBER='(0,0,0,0,0,0,0,0,0,0,0,0,0,0,0,0,0,0,0,0,0,0,0,0,AA1,0)';
      PINUSE='POWER';
      NO_LOAD_CHECK='Both';
      NO_IO_CHECK='Both';
      NO_ASSERT_CHECK='TRUE';
      NO_DIR_CHECK='TRUE';
      ALLOW_CONNECT='TRUE';
    'VCCO_34_AC5':
      PIN_NUMBER='(0,0,0,0,0,0,0,0,0,0,0,0,0,0,0,0,0,0,0,0,0,0,0,0,AC5,0)';
      PINUSE='POWER';
      NO_LOAD_CHECK='Both';
      NO_IO_CHECK='Both';
      NO_ASSERT_CHECK='TRUE';
      NO_DIR_CHECK='TRUE';
      ALLOW_CONNECT='TRUE';
    'VCCO_34_AD2':
      PIN_NUMBER='(0,0,0,0,0,0,0,0,0,0,0,0,0,0,0,0,0,0,0,0,0,0,0,0,AD2,0)';
      PINUSE='POWER';
      NO_LOAD_CHECK='Both';
      NO_IO_CHECK='Both';
      NO_ASSERT_CHECK='TRUE';
      NO_DIR_CHECK='TRUE';
      ALLOW_CONNECT='TRUE';
    'VCCO_34_AF6':
      PIN_NUMBER='(0,0,0,0,0,0,0,0,0,0,0,0,0,0,0,0,0,0,0,0,0,0,0,0,AF6,0)';
      PINUSE='POWER';
      NO_LOAD_CHECK='Both';
      NO_IO_CHECK='Both';
      NO_ASSERT_CHECK='TRUE';
      NO_DIR_CHECK='TRUE';
      ALLOW_CONNECT='TRUE';
    'VCCO_34_U3':
      PIN_NUMBER='(0,0,0,0,0,0,0,0,0,0,0,0,0,0,0,0,0,0,0,0,0,0,0,0,U3,0)';
      PINUSE='POWER';
      NO_LOAD_CHECK='Both';
      NO_IO_CHECK='Both';
      NO_ASSERT_CHECK='TRUE';
      NO_DIR_CHECK='TRUE';
      ALLOW_CONNECT='TRUE';
    'VCCO_34_Y4':
      PIN_NUMBER='(0,0,0,0,0,0,0,0,0,0,0,0,0,0,0,0,0,0,0,0,0,0,0,0,Y4,0)';
      PINUSE='POWER';
      NO_LOAD_CHECK='Both';
      NO_IO_CHECK='Both';
      NO_ASSERT_CHECK='TRUE';
      NO_DIR_CHECK='TRUE';
      ALLOW_CONNECT='TRUE';
  end_pin;
  body
    BODY_NAME='XC7K160TFFG676';
    PART_NAME='XC7K160TFFG676';
    PHYS_DES_PREFIX='U';
    CLASS='IC';
  end_body;
end_primitive;

END.
